ply
format ascii 1.0
element vertex 12891
property float x
property float y
property float z
property uchar red
property uchar green
property uchar blue
end_header
-7.958787251717545 -34.75215597652174 1459.8936691963825 126 126 128
-27.71645075953594 -48.04808322322395 1447.2136370992268 69 66 32
68.72991598484171 -1.92255167160517 1477.9759720736618 85 74 72
38.14961396927707 -4.878237059757984 1458.6394786654587 138 149 152
3.9881838938377823 -32.67523165826714 1456.775723801072 212 192 162
38.1131141338343 -3.6356882047939014 1448.8499231324465 94 70 36
66.10081639793633 -3.306257197897741 1477.6512656141547 132 114 116
35.91361036517085 -6.434634433286971 1458.679304739483 149 159 160
-2.3754768375180118 -31.801760452731916 1456.988847764205 146 146 148
30.863369925425825 -9.543911631152119 1456.6691097003218 95 104 111
49.43231065701187 2.370783829864571 1452.0134128882262 176 175 173
-22.55687200053836 -59.928313825940236 1470.9198915491481 173 175 171
-3.7310852280793783 -30.165128909566775 1444.228072548871 71 53 34
60.65637956505317 -3.895821466863987 1472.5814726836506 49 53 26
-21.931380815670884 -45.57723686939301 1455.856671953598 113 126 135
47.51549084317128 2.3721094656448027 1449.889311511279 170 160 121
15.670058335443215 -20.471830078141767 1450.5942037476013 191 192 186
34.84732917597177 -7.253163508151519 1459.414517312332 137 147 149
-33.81436895339493 -53.004109342736506 1448.2875297701091 30 31 30
2.2544752656162528 -28.847100622461998 1449.1341195376408 160 156 146
87.27593860221886 14.645862321933997 1476.1515685218062 169 163 170
-0.5902147740950555 -29.41532769295311 1461.0411803305922 140 140 140
22.486024088154004 -16.49530210914403 1451.7780793866716 120 94 79
-9.308360060267985 -56.87670533926261 1479.4600830467984 190 184 167
38.300799225225 -4.196762629832696 1461.515586978893 119 127 129
-12.085295607204356 -49.22577367612349 1465.1496140586373 112 98 54
-27.84653356931718 -50.00545073476004 1450.187709289602 164 163 161
49.7725724736779 5.703396445430956 1447.2346900902394 97 96 75
-5.8089153138271605 -32.7687921249734 1446.5075444611373 100 95 92
-7.231372504268489 -34.5805672456644 1458.789880572979 135 135 133
45.91606421419359 -0.2447782089451925 1452.2392484873437 179 179 169
11.501933563953935 -22.836699930959522 1449.9062026208644 201 186 159
-34.08101143418705 -55.305554146441175 1458.1408433647102 220 224 225
84.72100371168106 15.412506656874518 1470.1376159919364 186 177 136
-25.469680099494322 -46.758557937110425 1447.5150476949655 92 88 40
-25.63536377188955 -46.63008007607729 1447.081423937695 162 147 111
5.656794435680232 -25.839028898762823 1448.0758156736986 189 183 173
-3.7428580905023283 -32.50349479482886 1457.889987985885 122 125 124
3.3700696001498094 -25.185003501891163 1444.428995187578 149 146 139
56.68667806049788 12.33231326858753 1444.4694861290814 210 205 201
-14.543984675049021 -39.88518979305268 1448.3828769132986 96 100 64
57.34846013262587 10.335189231515555 1448.2670914560617 114 104 81
-9.533959573502433 -41.41027523232684 1464.2988734982662 100 99 97
53.89338182128557 5.134767674368861 1452.5842600976532 54 48 48
-9.49758558718556 -48.19379754485074 1466.265691761167 175 174 169
-15.573991942144884 -42.07400229718014 1450.9110469995028 78 65 26
69.14519724330903 -1.7954195701487854 1478.2305010084565 150 134 133
-3.406516160225709 -31.022583430382497 1446.4087193354653 178 159 125
-23.152195852354865 -56.548822619924486 1465.384248325134 205 202 194
-18.262699202139817 -43.07403906262796 1449.7994180478763 114 112 74
40.163984603366046 -2.180354208816065 1462.1050794562664 111 119 124
59.14409461541086 13.098959644827213 1446.0826379488572 155 154 150
34.953315778981555 -7.755797081391734 1464.8548088405105 151 162 166
15.948366024417028 -21.769210731667048 1453.7050490758909 34 24 25
54.26757266650276 4.263227644257727 1454.2124395772707 44 38 35
54.47746646583379 3.1321279833233513 1464.0927419690875 209 209 212
-16.51158025154506 -42.589291037128426 1458.6835170425225 37 41 46
53.660182310374104 3.8609665852011634 1454.1964146117077 27 20 14
5.3235580179434985 -30.259809942731277 1454.867050363231 191 171 137
-25.469680099494322 -46.758557937110425 1447.5150476949655 92 88 40
-2.916115790003022 -31.77966573239291 1458.5024444626881 142 146 147
59.09460015908318 12.039394600957998 1447.68963976054 154 154 147
-8.059876366928632 -34.875058413082556 1459.6566772700864 138 138 138
-19.38649052771769 -41.970308914550685 1446.35798552472 80 79 49
32.94382161705017 -8.301136449854045 1457.7089301263645 147 156 161
-2.129200035299397 -42.27834055361498 1465.1371754258644 217 188 184
49.30392131728922 1.931131895228808 1452.4931433825625 131 122 115
54.52995349365303 5.780752811328741 1452.2598229678513 43 41 43
-9.992703765640384 -45.42683915236631 1462.0184546077867 20 19 14
51.09173385225231 2.0674770387066443 1454.6647605192718 34 31 26
0.6501536226237685 -27.192735436440557 1444.169587561493 65 61 58
-24.261109469264966 -47.472696410467385 1457.4335483393136 115 123 136
89.75289156749925 16.69821455392037 1476.1948778549552 181 197 184
-48.29058835545734 -79.73626261169625 1473.2938392137826 213 204 202
37.494682278199704 -0.8539721193011768 1443.7097172366928 72 68 66
37.997232165626656 -6.210236519148821 1467.0640297874738 71 76 79
-8.374240395568975 -38.8768530967657 1453.7692938904195 173 161 135
36.00471302811836 -6.605964869639636 1460.830252982787 134 145 151
67.85387198258734 6.090794360738086 1465.4917485889464 57 56 54
-23.208709836211224 -46.913597542947116 1450.615155459424 61 60 43
-22.4906755140324 -45.26818958027313 1448.6190746684279 106 95 65
77.42536417161102 19.71203567469609 1455.0626795133153 95 95 97
-5.812261826793184 -32.804426906608356 1446.6046193689042 241 241 239
34.18485292866017 -7.540276450160917 1458.318417895728 83 92 100
50.6790397429924 3.0771013791010393 1458.4459707890708 70 70 70
36.14216977407826 -6.406550612164243 1459.3838015378929 161 171 173
1.8584042110794747 -41.11571100051311 1471.7122331788066 181 183 188
-10.116248132678626 -34.308536883273575 1443.980670889188 210 201 192
71.5416214823815 7.7341244207223525 1466.393065796376 53 51 52
-20.519989158316758 -47.151320764009306 1453.8711053692687 160 167 170
-6.403916503792426 -34.54801179610054 1456.9341028616195 147 149 148
59.203424680321795 12.177591212570304 1447.6180562085292 156 157 151
-18.0099443643447 -39.94052731398516 1444.6284141904787 113 99 88
52.83359372186445 3.4207330834923404 1454.0611423697642 43 41 42
42.70586266987381 -2.5865342146157024 1465.3271449889157 154 165 169
-29.028437965708342 -65.42337743525182 1472.5114972394542 143 142 147
58.378060198566295 13.430971371926168 1444.2079194220198 72 72 72
6.186921358054546 -31.45863183282235 1457.423019132689 182 171 149
-25.327460482227323 -46.839049069977094 1447.8524376984535 168 155 107
6.097835161441423 -22.914278852737286 1443.8968870685171 194 195 190
12.199599755995388 -21.937844059070045 1449.067275725923 105 96 64
-0.9085181197753895 -30.517221223053124 1448.5694263911291 104 89 59
-23.44184158158664 -46.70855238319479 1449.9877208748305 102 88 60
-7.5280731543934705 -41.33405294108979 1465.1819116952117 136 135 131
-7.045816933714495 -55.09436781576467 1479.1197045571623 165 156 157
35.48956900160987 -6.778211868778313 1458.9646934213717 140 151 155
45.035910584846945 -1.8891663822870512 1453.392295166606 116 112 81
52.71720547204018 -12.09389488924127 1476.4072406871119 16 14 12
-6.55015224985925 -36.05374728567991 1455.643859860813 41 42 46
-30.847667527832897 -48.62373911904958 1444.47621910431 154 153 151
-34.58314870599889 -54.77542134175313 1450.2974942929638 50 42 40
-10.460138541869286 -44.692539394857654 1462.5701982842527 47 46 44
-47.915470256238876 -67.6248918926206 1463.294543750495 30 31 34
25.967987149755015 -12.990347989315564 1457.6122440092554 145 155 157
-0.053583827480068374 -28.945403493066213 1461.479942312758 137 138 138
11.87985730961373 -22.87594981270829 1450.725188281866 188 192 192
68.68145484040069 5.4170599930225185 1469.2285046756397 35 36 39
-29.54253675713465 -50.482924992356565 1455.8090396782034 53 62 66
68.13764010068316 12.53867956936303 1455.9135888776266 75 75 77
65.84421997317203 10.823763294612714 1456.7090864489937 105 102 68
10.141286881382841 -24.919956247591426 1451.7032433564818 74 65 52
52.069788632052266 8.877353568811877 1444.4416851809726 231 232 224
78.2231809947318 22.46289144219761 1452.9414265548628 93 89 67
59.07648795986518 12.988834679295106 1446.2097045928074 54 58 45
2.0497257159177686 -41.58817809651941 1471.6903705084055 79 73 65
-41.7599366714653 -58.759812927905244 1449.2083179261829 127 120 108
64.35139283000683 7.320499954454864 1460.0722581526104 39 39 29
52.97134851704997 7.144963906573056 1448.3258914276466 86 78 42
49.77760588774202 7.491227250943832 1443.671981635908 185 180 173
47.7114110406644 2.9268905574917206 1449.2625620414676 83 77 38
35.76748845107071 -6.938185892368535 1463.8485612874288 164 174 179
26.084104822533885 -17.081095937409494 1456.3941221425757 79 64 49
36.085094721155336 -6.555824704212406 1461.5454713308352 125 134 140
14.394527499028438 -17.598515923146252 1444.3396829749277 198 196 199
14.6686899002462 -19.63507799581508 1448.0713200324583 96 89 60
-6.88685352220466 -37.823561964819554 1453.5175408235978 132 114 95
52.22503120868124 5.67819330037327 1449.8711019143052 102 93 62
68.43192024787973 -3.1351329822362466 1479.6428600903048 131 117 114
71.20662623023017 -1.6058174985217444 1480.4312144847427 38 33 34
61.390925251839306 15.64047276066482 1444.5143996486254 192 189 181
49.50515996834245 3.342846610087494 1455.0961540387352 108 117 119
68.08153607595038 12.407038692966744 1456.0660095378914 219 215 211
-13.483993894743016 -56.652793567349356 1476.0304422426998 192 190 191
0.6683243940214586 -116.62806481099514 1452.4342793993665 200 208 210
34.18485292866017 -7.540276450160917 1458.318417895728 83 92 100
37.68437021849565 -5.366760061106284 1459.6451182051103 149 159 161
74.91319813067689 22.128598101993017 1449.4866713994438 176 169 158
77.80010654935207 23.329534709833577 1451.10233030273 60 63 38
11.809678766364446 -22.568397142889804 1456.6462681713667 146 151 157
8.084345537657677 -23.028711653248493 1446.1413280328 152 137 125
15.100638607277741 -20.031462511659864 1455.2848949964139 96 102 106
14.561337221310595 -19.030244688489578 1446.9385579261866 69 65 31
18.290026776104423 -32.456501369488215 1471.1765783386193 121 111 107
68.37050373981143 3.6042536924414708 1474.671162447843 200 203 208
-14.346815499179279 -57.394241979368076 1475.0843196011995 192 192 192
10.010204411322018 -20.71521625524253 1443.8111258753684 196 193 186
-24.637434899129424 -48.14990549748702 1461.6893198263465 56 26 23
36.95642262431563 -5.937935454886849 1463.1256853757693 174 183 186
-8.772722522913924 -36.77979954308631 1449.9257764394408 130 117 85
59.37412999339467 -3.0741361296906073 1469.8782336284298 46 58 32
-34.82882822032575 -69.63369823220319 1473.0301250146583 131 117 100
48.87254973908158 5.7223698559398315 1446.0761582611347 213 213 203
67.63002258138815 12.427503952442747 1455.679542361902 220 216 212
8.683735804991759 -22.805824750001534 1446.4851283351777 120 114 81
31.714780805002125 -9.395881001966051 1459.286372462167 152 164 168
-17.031235678863133 -42.32111920621382 1455.8882539191975 42 49 56
-39.719772726652096 -60.50640041207199 1460.0626271575168 208 206 203
9.99437099837632 -22.940839753590495 1448.1863481164396 171 160 129
-21.95688217064594 -44.665964336751664 1448.1473901611787 188 174 140
3.7846029224258273 -24.445774765894324 1443.7611574118534 104 87 78
34.003880945812256 -17.221983456994536 1464.8475759268972 13 10 6
12.069244356380626 -21.009999096713045 1447.522087431402 179 174 142
34.993339947764944 -8.105818562685007 1468.516955135048 69 18 11
58.90312990825497 15.646661239553268 1453.2448719477336 132 128 121
-25.063228532435467 -46.31993406146166 1447.294588661789 83 81 42
35.53485276698863 -7.7005970384329805 1466.2751343620184 146 151 159
10.854360696174673 -19.70911020573578 1443.7854501981562 235 228 220
-23.52518647706252 -60.516778450941075 1472.248425329741 24 60 50
42.6271209177864 -18.003783052994027 1474.8199660644843 33 32 28
-15.759694397999734 -43.648188635757826 1453.1240863979128 44 41 34
3.2610577207251046 -24.944325234237027 1443.8263680056818 157 155 151
83.84484546155878 14.93170572220571 1469.4283742517423 86 91 51
42.45282625708157 1.0539580776553696 1446.2423679272079 105 102 89
14.386176226978328 -33.41088236324795 1468.7417959485338 170 166 161
67.01866808531622 9.239009614292458 1461.4589641241855 212 207 198
56.93069222884824 10.89101237347856 1447.1063740899679 129 118 100
55.24247484529824 5.025605616448315 1460.2898100167886 202 210 213
55.625600631049764 6.713855735969211 1451.9562059067189 178 180 178
-29.980505786593064 -49.84923659594569 1455.1894759568445 159 168 181
-9.572573619115285 -55.39353528742105 1476.8610166038711 170 159 157
-36.18051347695754 -52.17710481415896 1444.2886900602477 44 36 31
5.4111536677578815 -27.01397682640011 1451.0108820545342 79 71 69
-2.1268934503627914 -32.67007167385488 1450.6410812291706 102 102 78
56.39940142700441 8.48077890076439 1450.12709052116 97 87 61
-8.581402418282929 -38.48242909757031 1461.418620511497 150 150 150
68.02950081951671 11.350601816243937 1461.5664133617672 124 126 125
67.58572997824851 -1.5780163473699347 1476.0075749871157 63 59 56
46.198988806357946 0.013089008294269086 1452.1002764354953 107 106 104
58.904411165574594 8.332995751417561 1454.2878442788472 17 10 10
84.61297606228666 13.812060000208183 1472.2306852971863 75 74 46
8.146690886537044 -21.77538102726845 1444.2640159154482 69 52 41
70.95715974438765 -1.0314923709908266 1479.3560718789156 37 30 28
-28.219754548520868 -49.707352947844406 1456.1129112998187 104 109 116
0.8619434565524676 -32.28185242125893 1453.2608181622916 49 40 28
-33.31146848891398 -51.55889770353354 1446.6678718480766 72 69 58
35.88876216381989 -7.061121683291143 1464.8741380963872 135 143 147
8.575448142793952 -22.641755700313226 1446.1121185388326 120 108 87
47.60827030639751 3.7452184160500357 1447.8399182306343 156 140 105
16.4237434684683 -19.830984608839742 1450.365477463155 98 99 75
-44.3822455227235 -58.8484293134197 1446.6669842283527 188 174 151
19.978670139451683 -13.719880706201758 1443.9096288030462 162 161 152
66.33257365886557 10.865486004384179 1456.9152338128692 57 78 25
69.2586919612004 10.790487269852175 1459.571785461693 217 208 201
-14.672777033011213 -57.718070080189534 1475.7091575890624 60 48 50
-40.0530965163461 -57.43498504983455 1448.9430759230218 130 119 102
-5.288809157488004 -50.87973707438905 1474.869215728145 155 144 141
-45.18500514872301 -58.570218091036224 1444.4224315797717 46 45 46
35.42530335767096 -6.884898116183867 1459.252234134572 151 166 167
63.03379179621435 6.234367412166563 1460.5245420433557 97 94 87
35.46984597873414 -6.954573294858323 1460.0397411192707 68 78 84
-5.2613200226103665 -34.12990204656924 1449.3611559451597 82 64 40
-20.756786884970833 -41.43759832271013 1443.788918104058 77 78 82
-9.071326554752973 -38.99136881268732 1460.877557948472 142 142 140
40.454265458185844 -4.429766191686938 1466.497620501957 142 157 163
48.663893609888795 3.796722045603557 1448.991114691743 171 157 119
39.95628157297812 -1.2601664818872809 1460.5419841325763 98 107 113
19.334195817228814 -15.918717994541183 1449.3961767188243 44 71 86
58.6331853698248 13.660235534215879 1444.5608058017706 92 92 90
-14.8125987467359 -56.99874656649579 1474.310426773284 114 108 80
-2.0688582081590536 -33.88355332656178 1452.677084041619 97 90 72
85.73209474218356 13.758998446745515 1473.8234794929363 69 70 41
4.0710461513638805 -28.009304120973457 1449.9646700163603 106 109 78
53.25956754604153 2.136312097509478 1463.7623988374698 247 253 255
32.3749349813881 -8.909335385586688 1459.1541278075758 131 145 148
69.30832479848792 -0.08421431325885631 1476.070549211622 31 27 26
32.757215790451944 -8.782237539853904 1459.9994089438298 142 152 157
-28.22794066144473 -49.14293363721982 1448.0025175156832 81 79 65
64.42718307886236 16.767169544748608 1446.118510969484 78 79 81
-24.706837196273153 -47.219834951789146 1449.3451429236413 142 126 101
-0.4009521501750714 -30.05063179758628 1458.4625235041008 143 145 144
-14.143609521178602 -39.445755514025805 1448.1605791402753 143 125 98
64.10450060532877 12.771615945411734 1451.8602140202886 132 125 100
55.51577160695867 11.418014822238725 1444.1544485053926 58 58 58
-36.5022610819198 -56.28031149960319 1456.5868811666073 219 221 220
-31.58735439794005 -52.21382640112614 1457.0656030431805 33 40 46
69.34380521751457 -0.21783985295690067 1476.5296601498662 84 89 100
-16.836513396417214 -57.57138226620958 1473.0459816628097 176 165 135
12.821944425345713 -18.756977583870245 1444.4030206541263 214 213 211
34.475963143134145 -7.582967542790821 1459.8557082165867 150 161 163
25.559068526632007 -25.149596333478506 1467.5466443655341 22 31 12
16.718018766372026 -33.60769862513678 1471.2504725697086 71 65 60
66.98375665720647 8.784558504879707 1461.3172706406572 212 210 198
-23.187017474337512 -45.28872125236183 1447.7822824740313 169 155 127
-7.231372503500919 -34.58056724654693 1458.7898805720051 135 135 133
53.34100937173365 4.976317452620756 1452.1993723007552 42 38 35
-9.194982993801338 -48.295993022661555 1466.7312864510513 103 93 81
31.232377206285094 -9.34486430134654 1456.867173493007 100 108 116
21.264547245095773 -13.92032344927379 1446.2391894042128 75 85 27
-10.489605316530838 -39.84364499006364 1461.1773595153315 155 155 155
1.443850807696503 -42.03518381961748 1469.7123735977962 36 43 23
-3.7285958936748838 -35.26550100121493 1453.1636395547637 65 50 32
-37.91977208778409 -73.84467841470999 1476.1268374215754 98 84 75
34.1101100697944 -7.752489406776409 1459.2714789230881 155 168 172
48.56471089402368 1.6423248430487511 1452.052332904191 194 193 191
-2.3658967095110346 -32.812579995089834 1450.5691956237458 113 107 101
51.697360955953954 -15.229119029242058 1480.2609778486828 141 143 145
74.34832544628361 4.388808495122755 1476.5722196961556 249 253 254
66.20485323437568 -2.480638339021361 1476.061214469342 59 51 49
49.4432559807917 3.905979170523409 1458.6958860066143 87 81 78
21.579158177148397 -13.966280191451949 1446.3926084025377 105 103 62
-26.63400745504009 -49.84361119607671 1450.894603473861 59 59 35
56.11297384608714 6.849254708087561 1452.3435711574446 176 179 176
-33.86935458723793 -52.60387488057895 1447.5709579844765 120 116 112
-32.047559807363356 -49.973639823928295 1445.1955237282218 105 101 100
27.717318705899245 -25.39842634520933 1470.2136349643897 54 44 42
64.0637454938731 10.856317196201335 1454.5708265152398 88 79 52
66.68011791973977 9.470737067442444 1459.4315605568943 82 83 69
-1.881495847096918 -30.222574610900026 1461.5523224954009 83 80 80
37.21246278093051 -5.65347520887584 1459.659749939482 134 145 147
-12.29377983868371 -37.94474646904234 1447.607902481845 106 106 106
15.587962246429722 -22.04586557199081 1453.0687346546626 191 204 213
-11.285951105499102 -42.96552822127078 1457.0224241217613 198 183 155
35.79206647540102 -13.082168059464838 1463.5188109183575 161 170 175
-8.511199819421218 -36.90719129310007 1450.5125905710563 136 117 72
-9.874275480808116 -54.58977334700583 1475.28547548556 89 77 69
-1.9128619437707972 -30.28625030032755 1461.1925708902813 137 139 138
-36.68837574505118 -57.07696482208137 1457.776669010995 162 159 154
68.591220060217 11.634797336648472 1457.5474037070492 210 206 197
-26.910490443019448 -64.89073121171907 1473.6128168896694 173 179 179
46.844996277356216 0.4456786487693286 1452.1297327552127 29 29 29
61.49596322928063 14.824167606707066 1445.9699488866097 154 151 146
-45.211638727835314 -77.5943576960014 1473.8866753850534 35 29 29
15.792177182282822 -20.36809636926699 1450.4837178986932 193 193 192
35.09571665782311 -7.847829622070789 1465.7075642311684 155 166 170
65.36534390310175 12.199840945581633 1453.9984930961698 56 61 41
1.0667835121944798 -29.062835397666294 1448.3497639948262 66 59 30
46.686127283340234 1.8700196013598671 1449.8586224807689 221 215 198
39.56142691779972 -2.7087474827110327 1459.5775807006894 22 26 29
41.75287352705915 -0.5236013860782537 1459.9469919100306 145 153 155
39.14066338993152 -3.54852448066678 1462.0535139552399 105 113 124
-27.60723670579224 -49.044876047506634 1449.0949030938923 85 72 40
14.798229697136229 -17.53233014170171 1444.805620495117 221 218 211
16.79588330075407 -19.05376044983288 1460.1243874874021 19 22 27
-2.256915025238327 -30.47159409761597 1461.3206598248478 137 138 141
51.89053378170569 5.678476755828683 1449.4872885533875 70 71 38
33.02389362612689 -8.49270742077801 1459.283805249068 124 134 143
36.3099948325715 -4.37322436287892 1448.0112046194388 180 164 130
68.1164356156415 4.325209028636025 1472.853226318499 154 152 153
22.486024088154004 -16.49530210914403 1451.7780793866716 120 94 79
37.15451881027785 -6.663237657588529 1466.6876037137547 135 145 150
-23.539810885637653 -44.87951107573155 1446.4268127892542 71 66 38
32.38146291488837 -8.35061726363914 1449.8851165248432 214 196 156
-23.58728056792446 -56.88494146873642 1465.4063386216214 41 37 38
35.551428885113104 -6.910450218612112 1462.7566381625327 59 69 78
-16.925047131673022 -40.197030601762286 1446.1382169462881 212 205 195
63.14368439631435 -6.984185748565444 1479.5654253329383 41 38 37
4.4313936665915215 -28.231923497735345 1450.7832795594286 191 177 151
-23.93199207286989 -61.051224554340266 1471.4614461676265 28 24 25
12.699591601704142 -18.355324288990566 1443.689414572989 136 125 118
-14.944316733484076 -43.891713474933255 1454.7971600314534 193 204 208
50.64895626256291 6.82870640597004 1446.4275920261853 120 116 87
-2.836448003035285 -33.07476458573003 1450.4173813569141 173 171 172
13.842175588440565 -19.739597915808 1461.9749239272678 30 32 35
-14.288023003930117 -57.31051131386876 1475.059038551831 159 159 159
63.03379179621435 6.234367412166563 1460.5245420433557 97 94 87
38.114743700362595 -3.6387357207053994 1448.8510473934368 111 87 57
-19.829237487426173 -63.21555334503303 1478.3005479794028 28 41 34
-8.157620151649123 -38.81557296550752 1453.8835811962388 71 67 47
-6.23906738178071 -51.06827446939741 1477.0598525964438 43 41 42
58.18018356262961 -8.396099962759704 1476.4194739873953 178 177 175
69.7479374667574 4.4845955067317815 1471.388004968699 149 145 144
3.7065984649732937 -32.579143145154156 1456.2255537078395 129 128 65
6.38612097179655 -25.986079885381486 1449.1803470022676 213 207 197
-18.368310007412532 -40.20201746120961 1444.5759679106377 163 158 154
34.20648771242988 -7.794499463506898 1451.1321573216392 220 193 147
13.41672530747563 -18.24470525239504 1444.419133827082 197 196 194
23.867829763455784 -29.544549572318285 1472.464743777974 149 149 124
-31.259139691940447 -48.84333543781282 1444.3701023243063 166 165 163
-21.065234003512682 -60.01448034636327 1472.453325025434 178 177 177
50.86419864999715 -9.12037676851942 1471.543643874214 72 41 25
16.948171419807732 -34.74117262208379 1473.1643788598851 154 150 141
56.20364286226706 7.135113646652192 1451.9520076998715 164 164 159
10.994211685427713 -23.13920152414588 1449.7755510747766 190 175 154
34.500202737242894 -7.601488692466613 1461.5814779923978 131 142 149
34.64611334647739 -7.334659464153716 1458.9187248836174 79 87 94
-30.352366054113276 -48.230650661085164 1444.395640211648 124 124 124
42.82029467085616 -1.3057119151760683 1461.9501740530648 131 139 141
-8.417069968420448 -35.9979601838136 1449.1908819696894 130 104 82
-26.159901085749475 -45.57617822089142 1444.5937749214672 189 185 174
48.25586774528723 2.8002764189498186 1450.1474701129055 162 148 109
33.88474952304102 -7.743671794018912 1458.2703548406844 154 165 168
-20.272837466427575 -41.302989727077176 1444.007173851763 187 187 180
-3.150937881188695 -29.66564266855755 1444.0375305340995 112 76 45
37.28608161987833 -2.504463562439731 1446.0976796100742 204 202 195
39.30611685846422 -2.3431301449988786 1460.8959546867943 175 187 187
12.076678556605739 -22.161177949210362 1460.7206243546923 137 142 146
47.940976378241025 -0.15719910843584614 1455.810547788752 148 144 134
8.466983224618362 -23.660723813608115 1447.6277110007807 126 119 107
35.06368428911242 -4.313721379676838 1446.4670688763072 175 154 126
-18.706738386569416 -57.72923487964758 1471.5336917305478 79 82 39
80.7343740873928 19.01505952473275 1459.940020578977 214 211 204
16.696629466833834 -19.53052240649431 1462.8997025725687 82 84 84
50.456715329828654 2.757721557673097 1458.8005381379387 162 164 161
41.350903128321626 -2.9946843286573395 1464.5140817616355 111 116 120
-33.543134971868156 -52.11326705362859 1447.394003258274 61 54 43
-9.747248777112054 -55.74136713258733 1477.3555211261337 187 175 163
-13.625942116948005 -39.36688327336494 1448.651665762393 47 44 29
41.59684026402081 -1.0018552424645837 1460.7721980966553 171 182 184
83.02362277510836 15.991176754411173 1467.19270025047 71 74 45
41.50588868513573 -2.716842125213568 1463.9956645162795 169 182 190
41.60040678192394 -1.7019074572218122 1462.129690430011 139 149 151
85.90506388716216 9.510729915384166 1479.9244190174238 224 220 215
54.07349635537636 9.392830689348232 1446.121061598263 187 187 175
-26.23375893722342 -45.23609782453833 1443.9482992409553 177 173 170
-41.59875464124718 -58.329603545235365 1448.6730404211974 181 163 138
29.23155775835229 -11.03636851547356 1458.9490107617194 73 80 89
67.96825318420157 5.231555183647233 1467.9474292929442 163 145 135
38.885786296923726 -6.440805414142149 1455.1149100816285 180 197 207
49.99698871974179 4.390508063008549 1455.165802452356 133 138 144
35.82080565867873 -3.5699387485769463 1446.1593433509897 119 99 65
0.05770803569420082 -32.81241372326615 1454.951070234872 10 13 11
47.33039360902606 -2.4811298620581286 1459.1485986115633 122 123 125
61.95731182520658 16.12358966199866 1444.4274463916224 14 11 6
55.81127375517741 6.659946900855961 1452.2458877160195 37 33 32
11.855902007402186 -19.32564122259465 1444.3831789749634 210 206 203
-26.995993548606908 -64.55600247568901 1473.0442072920155 77 77 77
53.397448463409546 -7.041226112893546 1469.4341422519758 43 39 38
-20.954462765069774 -43.52863935739318 1447.2224976484758 59 54 23
52.530912420048736 9.425530965194008 1444.0984710434689 190 186 175
43.30843174616862 -16.301056231646605 1473.0952502026933 69 70 40
-20.33282036509423 -43.973724322075476 1448.8696571154883 108 104 57
-22.5089040979991 -45.8745463223305 1455.7447835519351 150 156 164
14.748492345709758 -31.51551234812213 1466.237113869723 146 132 120
47.47198131655388 1.1248290971286508 1451.9341892978082 49 50 33
-25.516179719104297 -61.39849431834051 1470.3531286786524 162 163 166
62.290756462799465 6.386987476169212 1459.5671857114821 30 30 23
-10.414999814622153 -39.48896290703076 1462.1274486699633 153 153 153
-8.83615292958326 -49.10310892229006 1468.1939841312296 207 207 205
-24.964787811455466 -61.921988923284324 1471.7114531784716 141 147 152
-32.69661601341415 -54.75908470121916 1458.2128241633607 223 225 223
-6.963121357919115 -33.791505765801595 1461.8165708608096 221 217 214
-25.70811389386116 -61.17669999240708 1469.7507361190076 186 187 189
15.967910407291622 -20.04548173206908 1450.20742313568 185 179 175
46.249458943719844 0.11278135877743818 1452.0030392151064 178 178 170
62.724600840609405 16.495605577498786 1444.763288422256 202 201 196
-42.838180678195044 -79.63178241460379 1478.917108916936 147 140 141
6.02468506870629 -32.60180125013928 1460.547753551847 54 52 49
35.15574942411497 -7.18496372197292 1460.847363945301 133 144 150
-36.53004261722173 -71.92791852312526 1474.6466785474406 95 82 62
79.78084886257214 20.39247709562221 1457.0044927744816 207 202 191
-8.05745974427937 -34.87691958676024 1459.6564753613636 133 133 133
40.96816346836929 -1.1227831205265704 1450.2692719197087 187 199 208
-11.634511457851008 -45.480232553531316 1462.5820715486989 39 38 36
45.15135615019279 0.9500646208783056 1449.4891049323471 71 73 41
34.88229428824342 -4.270632310988465 1446.184823592246 138 119 84
3.886480858170062 -31.256133326583996 1454.7391828072134 220 190 152
30.89604934347071 -9.752849245742105 1458.005535744108 147 157 157
56.35611544077539 9.468947845844468 1448.537616049525 120 114 83
-19.447239869789467 -46.33460575413759 1453.5956378338421 26 24 22
23.04067171366052 -13.686451207191803 1447.9266831570421 98 91 71
-17.591347020733696 -42.90105343185563 1450.2080378948096 171 157 131
-3.3195919858073717 -31.175112834468248 1446.772774604092 183 165 141
48.351954105928634 0.055092401950173564 1455.5114151012338 179 171 167
32.90843931645028 -8.548680569859545 1459.1377047341125 148 159 161
-0.921253349668647 -28.278717021848763 1444.139549074823 76 63 59
-4.6118737494790665 -32.05082942706831 1461.6678892967168 68 47 44
-35.01769000055147 -52.664113979491184 1446.3990117460366 34 29 25
58.08951375623924 12.303320946406028 1446.1933241314025 51 52 40
81.01483394545963 19.28904549622283 1460.0241049638314 74 76 52
-46.8075674341917 -59.98404090763958 1445.245023668338 175 166 158
52.48814081392681 3.6992104091059708 1453.0869090054598 42 38 37
-5.9195671163083405 -51.61022964088955 1478.537649854418 163 163 163
23.00479086513299 -27.960373015323725 1469.198153111391 101 105 91
-16.452043261228447 -44.44734757020034 1453.7793132381805 144 148 148
73.45969703948595 23.48673670792206 1446.1861450930578 69 73 76
58.98696448283072 -8.101442522720069 1477.355329819579 53 48 47
-25.837760533194658 -44.927709605333575 1443.8837167400957 85 83 83
9.726771856717068 -24.436440841918817 1456.105749107396 81 87 93
67.93647659081354 0.4554516442219142 1475.6013594533063 67 62 59
-16.831928055509415 -38.9007816000287 1444.0430961157435 185 180 172
12.411859009926658 -36.30507495011874 1472.637299129707 72 44 35
-23.640447676035915 -46.42850989856629 1449.2230680125508 112 109 64
36.674054913350076 -6.646518526806668 1465.3150754562512 80 87 94
18.899092998222358 -16.427922735138353 1447.5651870181014 90 89 85
71.21886244867135 3.706401594559944 1473.2586110092873 23 19 18
-34.18641238577994 -52.391533074472115 1447.076788894503 120 108 92
1.6608768244503884 -28.414410774023953 1447.8472415697438 73 63 53
56.41513512069004 7.272232394804888 1451.9929270940224 175 174 169
48.15589630598309 2.8072960533417386 1450.0037116094563 68 60 28
67.24329618429054 9.147205891360471 1461.3888857574884 214 210 199
82.67318781725383 12.472403013257875 1471.5432576604485 158 156 152
87.83952909919017 13.98704137697322 1475.705775647073 182 178 172
68.14141933053696 3.577372391799818 1471.954109101094 18 18 18
35.473616892169396 -7.798467481659968 1466.57645415553 141 152 156
56.64475539347805 7.436564228927918 1451.9659288817722 164 164 159
-39.30519248827556 -62.4357809138415 1463.66211215621 91 90 92
39.444188868322485 -3.629392562775105 1456.2218715672086 94 104 112
22.98784007332571 -28.010154951914366 1469.2328645540565 76 92 66
35.15574942411497 -7.18496372197292 1460.847363945301 133 144 150
11.956623476194874 -31.75558896026775 1463.8964026804513 137 118 105
-23.642249397249678 -62.292315438771084 1477.0977118196106 147 163 158
-7.878139427049246 -33.927603867270626 1446.124833626622 113 102 90
-38.02731833384305 -77.97688601699485 1481.537886333346 62 56 56
94.00357281116568 17.409468346820493 1479.981751391088 15 11 16
41.19133460156491 -3.754675654389174 1465.832704297315 77 88 94
35.773949611654515 -6.62949167294162 1459.2427814902042 135 143 146
33.98469659435219 -7.536460982427442 1457.4190611822178 150 161 165
-4.146854967101447 -30.900100818352342 1461.7125430238038 218 215 208
29.671997177660117 -10.702301399170931 1458.3171167735436 146 153 152
43.42118392651514 1.7377745574624095 1446.3534249248535 129 124 105
60.748184147685485 8.816137025048564 1457.0627305603741 3 3 2
18.45736919928751 -16.463182104459086 1447.2381919917 102 94 83
8.042864219870744 -23.084518857679875 1446.1809478980365 169 153 137
5.082602281450391 -33.90171293284288 1460.294582060786 126 126 124
33.50989351252919 -7.930920793152018 1457.8520799828711 144 155 159
-12.135312046280445 -37.449211250046545 1450.679990461339 255 255 255
-19.591021366020733 -42.085880181811206 1446.3100789691218 89 77 50
69.31769951113473 10.346305047718916 1460.293845629072 112 108 100
-4.47534287849938 -31.983957929152286 1461.5133268256452 117 117 119
14.503441680350786 -32.705770129778074 1467.2962448459211 202 191 180
79.35092277122023 14.216074464340592 1467.093983032909 1 0 4
2.480412173473329 -26.871404133108868 1446.1111123474338 126 113 79
59.75614837924886 8.425450419573723 1453.7746212638071 34 29 27
-20.37118276924503 -44.937330489863996 1457.4727376490423 70 77 87
41.273565026232866 -1.0478030914539802 1460.704496195532 168 180 184
-34.68996689222739 -71.02818614398169 1475.0328625554266 102 97 67
35.761478666892835 -8.494178238308422 1455.708733567483 16 28 14
10.581309222150889 -22.099913075736445 1447.5006656818184 105 104 69
12.075191757397953 -21.986406367772087 1462.240537041009 61 62 68
-25.427278859190768 -46.12353021310168 1446.3040953697898 93 90 50
39.81332025634246 -2.8627051887977095 1459.4250323487558 23 27 30
84.10941910337186 16.80154302800126 1467.5883099740843 71 75 44
-19.457547260655115 -43.630826795867435 1449.3623828535435 104 92 64
70.91609083060426 -1.358348998470068 1479.7085634485957 149 149 148
38.075877713026415 -5.680234118992248 1465.1077813562026 157 167 171
36.17693987257198 -6.238422129788135 1458.5293771983695 149 160 164
46.58944410468634 1.1455572683732924 1450.7779443547304 235 232 223
-7.670137487314981 -36.76861012280422 1451.1838727987101 203 185 150
-4.017720501008998 -30.17472007285544 1444.0083537270611 89 80 37
-2.456367034981222 -33.27845359360929 1451.320010636614 84 76 57
30.200058684816934 -10.37391578902348 1459.0224168920545 137 149 155
35.260862590475824 -19.78011195528551 1469.8188970936337 182 168 141
2.3354917961373682 -25.50077979327621 1443.7417582730739 82 78 78
65.55971982248826 15.75418711398983 1448.4244088399453 153 150 147
-23.017100621034864 -44.73413752008643 1446.9917607090729 129 114 91
-43.77301062087805 -59.599566786327486 1448.8154804739822 185 165 139
33.33658129091444 -7.927130485016833 1457.1401021865895 129 140 149
28.651401972517046 -11.380289582182018 1459.3454565662444 167 178 180
31.762708250258488 -9.025585968707839 1457.17484359254 139 151 152
-25.710125823538228 -47.50830334875682 1448.6734928415497 110 97 52
2.425511679158878 -27.470579833108676 1447.1785959133224 120 116 97
-21.503908747171913 -47.38284538693439 1453.0239278462989 111 104 101
22.732988273865633 -11.624157231371246 1443.8658348712963 109 74 46
59.36344074304177 13.289187955398925 1446.1167490429593 157 158 152
42.982919118194204 -2.549711424407848 1465.9051350149296 156 167 169
-4.759986834341739 -32.34689530023771 1460.7358371568178 159 159 157
62.15743462445406 16.361535071835213 1444.2528406914728 47 48 50
46.31984631726385 -0.5707591674281904 1453.196838857717 172 169 162
-33.64905066323904 -52.15583710802894 1447.5272505033652 177 177 169
-44.26544744361928 -58.31485998177939 1445.2852601549296 71 70 61
62.927012868859045 11.61213397887666 1452.2270005555038 169 149 117
38.0497078752463 -5.198355172420825 1461.965166525553 123 133 135
34.25474008997711 -7.549692493687229 1458.704364610939 149 159 161
80.57866748032748 20.269128968841297 1458.2702834861193 155 144 117
61.88319272766526 6.395043800654261 1459.2340812696068 27 23 22
46.74220071038555 0.11208800784052901 1452.6433338341803 19 18 16
-29.245171502717938 -65.12284802099725 1471.8745752590037 191 191 190
-32.035085501325995 -49.53285460298025 1444.6040602684845 189 190 187
-7.347725401985121 -34.30790678566901 1460.0171410851026 146 146 146
-16.354456258861454 -39.82708502630953 1446.3287650476666 69 57 37
42.61557778820861 -1.6073883177223365 1462.404970597636 84 87 91
40.376670609149876 -4.085611385857547 1467.4469278085253 183 187 190
42.66337516438813 -1.7405339800925896 1458.2432833327184 62 66 73
-19.295962714269805 -44.23427436556645 1457.5065829381647 134 139 151
-5.149815560139057 -33.643906121191414 1448.6619755935658 178 157 133
21.76646235370476 -13.884875309859154 1446.813920123082 177 174 166
46.12778361337938 -20.37532315752685 1481.578869903827 30 33 22
37.00236014211994 -5.572452986403353 1457.9507621670857 148 159 161
89.48692947853226 16.39867426334612 1477.1739410507384 30 31 35
-21.202469968976676 -62.93827135333784 1480.7742981438887 229 230 234
-6.55015224985925 -36.05374728567991 1455.643859860813 41 42 46
66.04492725400983 -1.518765186832456 1474.4756185023834 204 193 191
36.93625925076874 -6.757553709056859 1466.4070846747125 153 163 167
44.42220604205238 -1.7684141607752175 1452.6694920513658 119 112 101
30.522996692369485 -9.990497913074515 1457.8814652213678 146 156 158
-7.148917581932786 -32.060828129000676 1443.7835279717199 115 105 77
23.545761504171995 -21.150208707118754 1460.0202143862198 81 54 44
57.83064394375203 13.231554511181304 1444.0224545345684 203 201 196
24.93719544802062 -27.308338794098123 1470.2295293156862 37 42 14
49.4432559807917 3.905979170523409 1458.6958860066143 87 81 78
65.80645952362538 15.623169779244648 1449.0289933525946 206 199 189
-21.510097240930907 -43.534847864293944 1446.5237578373035 159 143 123
-22.645418799101996 -45.513049040645086 1448.90729434188 83 75 47
-28.635202100524268 -48.34711243584241 1446.4311056182098 45 41 38
3.3278350930779816 -27.67257575559989 1448.5097723311394 185 178 164
39.78457918750112 -2.270052515135633 1461.54868575599 172 183 185
9.286182205397322 -22.457557267635337 1446.5657308702164 59 64 31
14.25849665984098 -17.682041164735967 1444.4248474549331 201 201 197
0.4489530210818597 -29.851680569883285 1448.950542722978 215 201 175
51.47966490314241 -9.481936361340736 1471.1272234300197 127 124 117
-11.023194963201563 -39.90665174767981 1452.4713195361953 119 118 116
65.45473475419273 16.28259590534682 1447.6481040773747 206 201 196
-21.065234003512682 -60.01448034636327 1472.453325025434 178 177 177
48.84208787383217 3.1712084144856107 1450.2299169442203 159 144 103
-34.659842588420595 -52.721747279368294 1447.246740946529 137 129 114
16.175816750536363 -21.861080975817135 1454.077200407967 107 117 126
4.068661816619418 -40.731325223782925 1469.8295452253108 36 32 29
63.270472151258474 15.436490429109634 1447.1787241565166 212 211 201
9.588887677318914 -20.963420969513994 1444.018092181205 152 121 98
32.94382161705017 -8.301136449854045 1457.7089301263645 147 156 161
-20.358334274073417 -62.281961426157544 1480.7194121760385 219 222 227
38.02979154778219 -4.941335972129488 1458.9116456320667 208 214 217
-13.04841893348906 -36.9309054607256 1445.1375082248098 84 73 70
20.607032065929626 -20.435985695927485 1466.1016744049548 160 161 163
77.56738364187925 24.561986230846284 1448.840975861063 71 60 33
-42.346963469236435 -61.978939228636726 1454.0256680225527 17 15 16
-21.607470371601526 -59.69239471326623 1472.440138046914 180 175 171
68.6903114896776 4.133722129388278 1473.8590374853256 201 205 210
-7.250383869008285 -37.621356297869866 1452.9958259015161 180 163 134
58.773603293553705 10.978025339825372 1448.9365690248592 203 204 199
-27.218076982895774 -59.11771551190227 1465.2794988958337 194 194 192
50.59568116332588 1.8183850121737501 1455.6994488370847 50 49 49
1.5701779282164186 -28.054251770444 1447.07149358265 72 74 52
-22.425701442863126 -45.36433803415741 1448.8522927401136 117 110 65
58.00974120407226 12.248120995302537 1446.142274736212 167 168 161
63.46480811818432 -4.943080489677437 1476.8856665772998 115 111 111
-6.694938604103858 -33.92027646030595 1459.7690372971826 178 178 177
-55.22059268205712 -82.23827784553075 1469.7485771501254 167 163 157
50.951962798654336 3.499058720582676 1451.8688309626564 90 84 69
-40.52898838307412 -57.311031076917054 1447.929700565919 45 42 26
62.88844544387172 11.79886090205922 1451.9997790022276 73 74 41
33.85995493991647 -7.820729286967218 1458.5627907947064 143 154 156
64.0025966759976 -4.4872512455051 1476.7854923738337 167 164 164
-28.495615619521683 -48.150243815911416 1446.2162079328582 195 199 198
71.06959436144929 -1.212774642734153 1479.704074629749 130 130 128
-43.23427166490277 -64.43526657273709 1464.3951380732296 17 21 26
14.265333528319905 -20.571998918229568 1449.1922194067065 110 108 60
51.01678006689287 8.078175632146772 1444.8116322983794 228 236 239
45.17579994673279 0.4741722819284621 1450.2169829630793 74 75 41
49.089521382770364 3.1655980838360858 1450.3461596234372 90 83 46
66.35411056120977 -1.545374910405591 1474.9656108916797 126 124 127
64.99675137736928 12.508099050480444 1453.1203958139697 128 122 101
73.09219524061488 23.34282610200444 1445.919403693542 178 175 168
-16.841735611893462 -38.81483756860664 1443.9044367559684 199 193 187
-26.622260687969412 -59.55968156640966 1466.3033859158631 119 127 74
-0.29270876151191744 -28.92989648364033 1446.478574098889 53 56 32
15.512433368892193 -20.22093652773099 1463.2577403427597 51 51 53
36.83578231127681 -5.827255530141211 1458.8042118647154 150 164 166
67.82620129917439 6.0217844692676135 1465.6856407104697 79 79 79
34.74992673877067 -7.463005506637429 1463.058279522345 59 69 79
35.76875169881983 -6.760563476736975 1462.8540107627944 118 129 137
-27.410128812381156 -47.60068936710894 1446.9070049298061 93 82 54
-4.887698926726787 -32.06005229456458 1446.3487407484472 104 88 66
-7.778501466217142 -36.72831309635965 1450.955378508817 201 186 147
22.766773383485813 -16.588284807362545 1452.1478540221854 212 208 199
19.384807142856086 -15.206435970838163 1446.2777149617539 205 202 194
12.42647125165196 -19.285800221676883 1445.0069761272694 74 65 58
-4.78870555916271 -32.64243161356443 1459.8531678112895 146 147 151
9.924950759502742 -24.839261663167342 1451.2925224491225 217 215 208
40.067087599241354 -2.2140959709462473 1462.0147837978893 168 179 181
-5.166019481761271 -32.694832841784425 1447.1808114343767 204 191 149
-19.353547338328273 -43.993717618608876 1449.9992225312617 99 94 52
5.669738473575352 -24.727774881890777 1446.2237730640118 221 218 211
14.16620418886391 -19.82046423748709 1447.8471238762904 92 99 53
-43.37766968060991 -61.29240033870331 1451.9297855328432 35 35 21
-1.1041124981340447 -30.77907014578467 1457.613979016361 136 137 139
67.42529434342241 9.447704374055931 1460.1527297095793 199 199 189
50.28301162816838 2.0288151888434123 1454.4256320063143 189 191 190
39.73098069901598 -4.85478175694574 1466.2868578154244 71 77 86
19.296799647143768 -15.759224839869365 1450.5413977693295 53 63 72
56.51623301884419 7.15702724209843 1452.2616332161965 10 9 8
33.50989351252919 -7.930920793152018 1457.8520799828711 144 155 159
37.76496258144528 -5.595524226298895 1463.8525706595851 153 165 166
32.07159672868757 -8.97478947118256 1458.1385015194405 126 139 142
8.953958788898246 -30.64057705946677 1459.3697939256322 198 190 180
55.44343791999233 6.605112009027946 1451.9821973964722 166 166 158
53.27687309971385 5.099649121443538 1451.8448370981216 65 63 43
-9.424567731337229 -43.08567793922209 1465.1281378683736 207 205 206
10.838034827099543 -22.877124397389995 1461.7595942483872 143 146 151
48.369318921685945 1.7054449378618153 1452.0278383072396 171 167 159
35.71228154602216 -7.3940625691973105 1465.570760766863 146 160 162
11.846059315228343 -19.36223027195716 1444.175224997404 38 23 12
-23.678462920842286 -46.16245721380052 1448.5577592544448 71 66 38
71.00748499137958 -1.1904232685300222 1479.6612916785002 135 135 137
26.59088283379661 -12.941310959455441 1460.068317013451 145 158 167
-33.9494263885671 -51.83212714513905 1446.2918644980762 121 120 119
-28.361467569758204 -48.069214162967334 1446.2862951342563 99 93 81
36.42866592838871 -6.624205869135848 1464.4423558144736 147 161 164
34.90282237717538 -8.441928721563858 1468.886940944132 215 205 197
-23.235866427021328 -58.75685791817262 1472.753626399246 60 39 36
23.684842476191086 -27.919606876259298 1469.8654033143512 20 35 5
-24.913484628566547 -46.576408961128664 1447.9252118282982 71 72 31
44.72150544139568 -0.5284399064035193 1451.3589365217313 162 158 130
-1.423560637206011 -31.353822603601472 1456.2690817713822 171 171 168
-24.878008594509048 -49.50444089120453 1452.9438544757224 33 32 28
28.891614473344664 -16.840478461363876 1459.0991142898395 70 61 46
-8.029777313737856 -34.74517236535186 1460.0330292198078 140 140 140
-21.271326708681443 -43.884346987627225 1447.586602758071 91 82 49
-19.97517409230262 -44.522765229696866 1456.8221559210758 127 137 146
-2.0668245045301394 -31.7742568674626 1456.402710613941 156 155 155
53.01810144951741 3.708057893552879 1453.6525118752118 36 34 30
4.168361553233465 -28.59886643736246 1451.0027734443183 97 81 56
31.189872027148255 -9.569560271155863 1458.1448955702479 140 151 153
71.46113351714436 7.035164062371877 1467.6890522381736 219 215 206
-15.635278039609151 -44.40300131816415 1454.6020599347062 36 34 33
-20.25354507364267 -54.94051385715989 1465.6889567807386 51 55 35
-9.110505868503521 -35.660588667560575 1447.7752914083956 191 174 131
-6.341102061170909 -32.24053275484742 1444.6215646965832 73 80 40
-3.1794077169975865 -29.791697330414074 1444.459548102506 210 202 182
66.48066825916871 8.572960127707365 1461.256859879369 183 183 176
22.212066708272072 -13.103193288727084 1446.0741042411526 180 167 149
-40.175882506566026 -73.47896981785334 1474.3414983723637 164 154 152
-11.418167767343883 -40.56060324542049 1460.7764348287842 166 166 166
-9.308894488960231 -34.95290278441332 1446.0832292245798 138 122 98
-52.332844518196595 -74.09504781037482 1464.9297454469033 140 142 146
11.896612757316435 -19.70211708906372 1445.0840962686516 228 228 226
54.32952117150562 4.261124248676581 1460.7531513641918 17 18 20
1.8703279479893766 -42.12089569347931 1470.2029208086578 121 120 120
-3.9738297061650245 -32.23552938643984 1459.3660943262937 173 176 177
8.449127003292341 -25.126987300524828 1450.0964916271594 147 136 124
49.755558387459864 5.974104327852954 1446.7220644548909 215 207 195
25.728233103136976 -23.368717624693108 1465.1282049608797 160 154 147
14.29149268335021 -18.770930007367223 1446.2323030389027 138 129 98
24.30461853566989 -17.728468178795172 1455.5789131963445 97 90 82
21.710182509655493 -12.533824868982336 1444.1621632651163 90 66 53
48.444807192682866 1.5874261108600944 1452.1400897001488 28 26 27
-23.34395770408573 -44.640245576142384 1446.217773696837 75 73 56
-28.298453765063496 -47.998756366157764 1446.2128087264869 200 200 195
-16.927793445323797 -47.24053597111088 1463.7259308282537 18 20 24
90.7926433539521 14.127276183431434 1479.2128854437567 186 187 181
53.84747813650378 4.774048965000886 1454.674727118445 114 105 99
15.381763188097098 -20.202559372741035 1449.8436467744928 88 81 51
64.96357595646599 12.791852435049325 1452.7187464133501 37 46 24
-22.77354680678786 -45.737105941898164 1449.138658120254 105 88 63
-17.066851212809492 -42.37062668575238 1449.8966463133247 194 177 144
-0.6243359020884081 -30.19412622060992 1448.3672059961937 103 87 61
51.04889551949925 2.570719752708087 1453.3367651227156 21 20 20
57.57805041735403 9.929408329687227 1449.2537127775092 71 72 36
-34.10676549206121 -52.69652416900036 1447.4138784501092 34 28 29
-9.862926878209613 -43.36799905378847 1463.970489397643 101 99 100
11.55397310430682 -23.1740381805086 1450.597136149055 161 152 118
11.862390652352435 -19.398426552484064 1444.4855200981067 72 77 39
69.94016686959127 16.824941100258123 1451.9078858689247 66 67 69
-14.71459760358438 -59.74472042189221 1478.659776145819 105 100 99
51.13532709695948 -9.640678951394234 1475.838532163022 50 51 34
39.60116575727137 -3.2696255176784508 1462.4389735864302 175 185 188
3.2345531574461894 -28.042650922936716 1449.0421516319027 100 93 77
-16.676504628517367 -42.202969080980616 1449.9959590336914 175 158 140
2.2833540717090854 -42.52553887560757 1469.9385886903879 25 31 10
57.292970678668894 10.031921938521378 1448.76428997462 76 73 41
34.93697841807546 -7.304299208367119 1461.9858097418714 128 137 142
29.829441350662417 -6.741494106581836 1444.4361104486738 194 195 190
17.883306435041632 -32.10506673750794 1470.351359965096 62 68 43
63.83121673984378 3.8808061224260624 1469.489086989268 146 148 152
4.616907640010604 -30.738634015785188 1454.792109923455 147 125 80
80.3720701510481 12.80123671318891 1469.621864352376 3 5 4
52.42370442170522 3.7757230318970496 1453.0092971343222 34 33 31
12.343139443382851 -21.374165909090035 1448.4104152737398 119 113 81
33.29834543115144 -6.4005912903913895 1447.8124225536353 201 177 142
14.057459411228638 -20.648329015041583 1449.146187555467 99 98 74
-8.308460145522371 -35.57275913628122 1448.5614571964038 201 179 140
72.89497945513259 5.807462825875944 1470.7016890054522 107 106 106
49.06438357294188 2.1183149528414895 1452.0226873634642 183 181 176
43.72057973232459 -2.0728473877185642 1466.1722436799337 135 146 148
-20.136537370289787 -42.496787649136614 1446.288646158105 84 76 47
-14.68036882089155 -57.66784977473234 1475.6960188028372 45 37 34
66.95616453929077 9.67205984153875 1459.379382889186 69 68 49
19.214324932006694 -36.594010697741716 1478.075865997203 85 78 72
10.839935263009234 -38.858515452488646 1474.2259605057004 109 147 152
-24.839961316755723 -48.364186314544185 1460.620626372056 26 32 38
-34.38670069517226 -55.23495258704633 1451.2775890650296 92 92 92
-11.207755453036011 -40.260241656137694 1452.7092527248535 95 87 57
61.634166916820725 1.4198917929819763 1469.4829637204402 126 126 126
48.52349736253672 0.7865206517478426 1453.4248678503543 88 82 82
-5.128818536349242 -33.09349532862201 1459.1453553353813 120 120 118
48.10517733117658 1.2844530340794633 1452.2537545156556 30 30 32
-6.87259673782488 -35.741164496189405 1450.3502632766774 140 124 98
65.23261395816252 16.298421681537334 1447.3045512965075 204 198 188
14.661627745106024 -19.06924168845188 1447.1860373730892 86 83 46
37.540039063752936 -3.4068122109357333 1459.3501957428418 251 254 255
11.640097896090001 -22.83490211804453 1450.1013960583539 95 98 58
-23.88054315457951 -56.867270418189314 1465.5026294388447 195 192 188
4.44786375735916 -27.738953107978293 1449.9231980720642 177 173 163
35.34579008617297 -7.068219503442073 1460.9691110244062 137 150 156
86.00684977369026 15.811688512820899 1471.3230227424056 151 138 106
-0.4009521501750714 -30.05063179758628 1458.4625235041008 143 145 144
83.78661874674168 17.47151456390884 1466.1873898375625 170 156 115
22.01058292171086 -15.902031889243068 1450.310840685476 96 88 79
87.554234002819 14.837588051286373 1474.1642191891078 50 52 35
68.2283352349881 12.017292060644706 1456.8046539443233 201 194 187
14.746085491865953 -20.20243356538568 1449.1178890444262 134 128 96
49.65264137031145 3.2729173968755636 1458.6190925276753 247 246 244
13.414491956265143 -21.494924304456063 1456.4216685637377 93 96 101
42.2007682664596 -3.2044548115975924 1466.4451729984598 155 166 170
52.36909112297402 4.315261823241365 1452.143895752791 39 35 31
-6.667440026622964 -54.82225443057599 1479.1437239409042 49 42 38
-40.40036663455698 -59.437438519962456 1451.8657549743539 159 159 158
-37.51180770857929 -77.10453628161353 1480.9325338632348 84 75 68
59.18464600924609 7.9285913461014115 1454.5167469446233 184 177 167
-25.562541779964157 -45.293259631864665 1444.3498705766992 31 31 33
37.14842168989836 -6.356400047152548 1465.293794507248 94 107 115
29.99541641556705 -10.650769231027464 1459.940294242012 43 44 52
-14.485745391525505 -43.42651310588399 1457.0260034646742 154 138 77
25.09627813415068 -28.72134234704683 1472.4240426303836 54 58 42
-3.1022600180563376 -32.49866985420318 1456.2624438638504 72 66 66
34.026296478710044 -7.697139548929392 1458.3418204954908 51 58 66
-25.016001210446134 -46.41535287583202 1447.4749495222832 56 51 26
-11.079847698030898 -57.77002606954795 1479.1073077753078 199 193 187
65.82786874297162 -0.7625144770662484 1473.409780901103 211 206 193
49.54550645242535 2.2666978804308617 1452.2578340096536 48 44 43
-21.329429885579465 -63.09624917013674 1480.6807247911695 113 105 106
-16.09565001145201 -58.705343855798624 1475.5557782037897 44 38 38
52.953997930989416 3.496642956608634 1454.2502327388145 34 33 30
-7.5280731543934705 -41.33405294108979 1465.1819116952117 136 135 131
35.90271035932027 -6.194088746052306 1457.1035934245388 137 144 151
35.54365492598707 -14.070606638546739 1462.782323712581 248 246 247
29.632885392712783 -10.73304947661393 1459.020308172479 123 134 141
42.77172218137617 -0.8758986152680067 1450.3368947350002 20 18 19
-7.6911723661003615 -34.27983771425651 1460.8874165404632 169 171 170
51.09629248878358 2.492259521119028 1454.2192998613027 138 134 131
67.26528384856998 13.811488084864768 1453.181841209742 83 82 80
66.65418998680967 -2.68878155085415 1476.594909568392 143 139 140
50.94960474576524 8.03982883256563 1444.6949782600923 106 98 99
-47.0789790172042 -81.5993070652588 1477.7549844592463 201 192 182
40.0479233744939 -92.02857292669886 1451.6304506034355 30 31 33
36.74078173084984 -12.484560300278616 1462.7155710351606 21 23 25
30.068588937458944 -10.533381106560473 1459.3083886083741 132 144 150
-8.356968520142749 -35.00859982058884 1459.9144408669351 145 145 145
71.76556712630156 7.445901372753577 1467.0517464049065 72 72 71
40.54027579770193 -4.340356541176961 1467.2636893048473 109 123 138
-20.84293382409646 -55.28832977084203 1465.4157218059047 228 224 221
-44.131602632652786 -59.44110770395714 1447.495209799725 198 190 172
-23.652623516282947 -56.799202580747036 1465.5811060714602 53 44 46
52.88407270945994 4.08801393490638 1453.4066122555394 43 41 42
46.20847253181811 -0.7971841972962013 1453.4028547711496 56 60 24
65.41949474270889 15.80965877605373 1448.340362361896 91 90 87
5.240552051169943 -23.48701511401389 1443.8942089072752 203 202 199
39.83604516316523 -4.968881545203984 1467.0605195361052 43 47 51
-37.23296299358074 -77.9871723333262 1482.1542719880624 145 136 136
-23.82152316086524 -56.98364093784521 1465.3670277289555 218 217 213
20.329097664682294 -13.755311989886478 1444.9400545934968 103 103 92
46.64186663419551 0.31430692372505464 1452.128451140371 18 18 18
56.58095477531392 3.93751637624239 1463.0109478589839 22 23 25
-19.244113480014036 -47.262993505822934 1462.6066461614512 28 29 33
-17.94476871808915 -41.752645925413596 1447.7632280848416 195 180 154
-11.900254495651327 -40.62103175330767 1452.6631453213688 88 79 42
-22.387438050358192 -61.69267504628135 1476.8944173631246 187 201 192
-20.223047428819346 -41.607952575029394 1444.3611623668608 39 33 33
-25.796463128363126 -61.41944145337077 1470.1175827359168 66 62 61
40.401148705498024 -4.296632912193813 1465.9088544432855 155 166 170
13.813053128445787 -24.36507360387109 1454.9275916936435 31 26 24
36.99994264775966 -5.907426439805945 1462.8421353752562 136 147 152
37.0960018697906 -5.291625641004033 1456.5511760130034 137 145 149
-21.919142539456722 -48.04419636535741 1454.6492092398303 15 16 18
-0.7732125852849187 -29.111148780072526 1446.2434149398532 156 137 121
-1.672204956587652 -27.698632488772727 1444.0902448880172 137 119 104
49.929496728596305 5.473747898622662 1447.6881658961097 102 96 63
78.7675110305313 23.680804171133868 1451.8032781890251 184 168 134
-5.179883164907051 -32.52427080612963 1446.8040058632268 176 155 129
2.300091171250938 -30.993409436275645 1452.6957390995185 225 202 166
2.917181111729373 -31.476594744920927 1454.025306378608 229 205 162
60.31478988016836 0.9443874306582233 1468.1363119563082 53 52 54
47.293887608125786 -1.1930325746849673 1455.3078688952446 23 25 24
-9.473464652208303 -42.19766799922802 1464.5954660115242 151 150 146
56.0170859784775 3.1262824544145817 1463.7922916060518 16 16 18
-26.17335917042375 -45.567619049739015 1444.1681669783031 129 130 125
67.37082374101132 5.366626589822497 1466.2298848187345 130 129 125
45.3519557879645 0.91067982025332 1449.7581480732454 46 44 37
-28.44228712319335 -49.07540340321866 1447.8928130851082 186 183 178
36.96573637041712 -6.890622853074577 1467.0782335742956 45 50 58
-9.538441626939024 -36.07973698473126 1447.963682154565 122 105 65
-27.319292150823546 -47.33684957276738 1446.246817633792 92 85 72
20.853327460344733 -15.759005160452935 1448.8169437886 141 134 126
33.17615344404063 -8.161243325037551 1457.8357367214862 135 148 151
1.9232497609145398 -27.9851683978657 1447.3662849203852 73 56 46
-16.679987247435605 -44.58608734439562 1453.78601076284 154 158 163
7.544706939601681 -23.60227711940527 1446.4503198595316 131 122 113
14.004855910054694 -21.992851217686205 1455.6111582457443 57 49 50
27.344954724551325 -15.74336742171121 1455.8697910540968 43 47 28
30.098337042898134 -10.04474619361395 1457.2067258194431 121 128 131
31.954193287821678 -9.072473148113517 1458.2884585288923 143 155 158
26.138257790817274 -17.009500308134047 1456.4246224824603 68 60 36
46.84907119763291 -0.31274190279597813 1453.2773199182363 81 77 76
65.9139971709065 10.542106319054554 1457.0893921744585 160 150 138
20.22642868313975 -16.07213120965981 1451.9574493674504 255 255 255
-28.145017145948334 -48.96196116803898 1448.1338553406713 160 142 105
-46.75365408117741 -60.64557011484054 1446.344201492482 189 190 184
24.05630882850751 -18.521193665870666 1458.685816558297 57 60 64
-2.0645671700332358 -31.77633773118969 1456.40233807654 155 153 154
31.598677570184478 -9.49572902215856 1459.434052639124 146 159 165
19.45161050885321 -15.054124381241616 1446.1131084843032 86 72 56
73.01424608276324 5.174831007325586 1471.8137611206628 109 99 97
-17.444738872144036 -42.93457443019745 1450.4097360915184 152 135 111
-27.776520394506225 -49.804308957995225 1457.3496598420122 94 99 109
4.842004724397357 -31.856044309572898 1456.4763400472102 85 75 23
38.52268887135494 -4.871476284751436 1462.8413147822791 118 131 137
33.863575325726714 -17.276880810168656 1464.8044043807672 158 156 157
83.04735933973345 21.773298284314436 1468.029198330122 47 48 43
63.62794704266884 6.939007336394866 1459.9552995079873 115 110 88
54.59392454406415 2.818171652223977 1463.7116034687422 110 111 116
56.20364286226706 7.135113646652192 1451.9520076998715 164 164 159
68.0130784376005 -2.6284580167637026 1478.337779901995 177 165 159
51.602473104698376 8.70514964426461 1443.9737058789215 156 153 144
64.28098389756497 12.944547183482166 1451.8282386608153 35 40 18
-26.007022222251454 -47.52060125898623 1448.2816898250599 125 109 85
-3.0678363164801588 -30.9803709631106 1461.493383240802 115 115 113
-25.78927321277243 -48.1908793586986 1449.7959691943954 85 71 42
39.446028497770136 -4.622862116071257 1464.5393232024906 154 167 170
62.57219205466255 15.220015244592922 1446.6185108227148 72 75 70
51.64105888335258 8.671363446214526 1444.1556835304013 54 50 47
-22.98929568956289 -62.54342883487804 1479.7019964182507 109 75 74
44.88084367617364 3.8835697824730917 1444.1412270190922 83 86 85
58.388188035162486 8.449670637137121 1452.253080575965 9 11 10
12.087042673401932 -22.683206844678903 1450.6816851114413 76 73 42
74.49896455135863 3.9163096031962628 1476.0669101836925 10 10 13
68.25504785452436 11.512388355757475 1457.6798618471976 218 214 211
-16.71848025235809 -44.50891051579158 1453.5718639660863 39 35 31
-14.929779763654414 -60.85808006833818 1479.8724397862507 43 37 37
-2.666992309550815 -32.211108528817235 1456.184286646833 92 92 92
41.894896363732514 -2.1046897517697216 1463.0191329563534 155 165 166
-1.423560637206011 -31.353822603601472 1456.2690817713822 171 171 168
-20.91589251539066 -47.83664828915744 1462.1894021824817 39 43 50
-9.446684825442402 -57.085286253563226 1479.8366595633197 71 62 62
67.02062515922407 -3.168439788808769 1477.8779404898912 150 137 136
82.37521647222732 16.983599469638932 1465.0247758293294 146 141 104
-46.93671481075118 -85.07656870305733 1483.0953272711947 172 162 158
-34.62374064868108 -51.246141651940874 1444.0953139512299 181 178 169
2.5813788897397774 -28.59173988325497 1449.0704461055177 158 145 131
19.12880519110925 -17.77680517830138 1462.530008218265 237 241 246
-33.83233370719836 -50.76215574370231 1444.6308604257024 186 183 173
31.78765819420046 -9.109120522727805 1457.7320548137202 137 148 151
63.288318285417986 15.140875463012591 1447.5747596004237 79 88 42
51.70301986558253 5.257294561913918 1449.9655706753167 196 179 153
7.34291597010033 -23.673730644480486 1446.347186012052 151 130 117
-1.0995495930833898 -28.329572911246558 1444.4639660745831 208 196 179
68.12973101510403 -2.6710584030018882 1478.254625629447 169 154 150
35.01306728962706 -7.771120361663283 1465.135927261913 161 170 175
27.321074543440634 -12.455072816297621 1459.9666464108082 39 45 52
9.158380861748306 -25.927744566876783 1461.2205966667143 112 115 119
14.365549461612389 -17.671282764347325 1444.512217860332 136 137 91
33.655292378109365 -7.780965518434117 1457.554405182214 87 97 106
35.02586341900386 -7.387768823758808 1463.585758804043 145 156 162
5.515292595666027 -43.768671588346486 1474.3102776066019 71 67 58
48.56471089402368 1.6423248430487511 1452.052332904191 194 193 191
13.350247342417346 -18.636986943056115 1444.9773270111305 136 119 99
34.035605030290256 -7.8117070074321475 1459.414125926093 155 166 170
12.766396652811482 -21.76465054104091 1459.6302090230972 84 87 93
-39.21370509979675 -62.079848666764796 1462.951669892949 176 176 176
-37.60458404365661 -72.46716622055544 1474.343445881692 53 54 27
-22.303285861050437 -47.282211593442455 1452.2200633753635 39 40 22
-11.029400047961616 -57.63048912976776 1478.8594242197848 159 155 156
16.438711701888373 -19.354112882881715 1456.4737172142381 144 147 152
79.66281807312187 13.908457708955797 1467.8861439293732 16 17 19
-9.370886648332656 -36.15914081365611 1448.194421493659 133 119 85
54.13482823971906 5.530958208727221 1452.1773366228247 87 78 74
46.79767325841979 1.4107565189887041 1450.6025854007432 233 226 218
-33.87502290453315 -50.50664795439974 1444.0201987936523 77 65 53
-6.748546759462084 -36.613781490024266 1455.299150909315 12 22 14
51.00832486040026 5.758452667965045 1448.2689625254336 130 128 98
-8.4971316764872 -34.8849333270171 1447.1731879609533 132 115 85
-7.7432073577462175 -34.29183611650495 1461.8095227709873 220 218 214
95.64510920254463 16.764162252201746 1481.7098362976947 75 141 124
-36.87230261806363 -65.17889548742356 1469.7332287642298 216 221 226
9.78608679722807 -21.79041115375616 1446.0333325927447 204 205 198
37.45865483927993 -5.05715750426496 1456.6961643788634 157 166 168
67.05741758289484 -1.4571971291178398 1475.701176747287 131 116 110
62.98681771171336 7.387888506624469 1458.6834672086447 58 56 43
29.507679093008193 -10.856331908018639 1458.8940842613708 131 137 142
-5.142060529424212 -33.965394053456116 1455.9460438161343 153 153 153
43.15334851476809 0.2981987701065007 1448.1986894751801 177 150 123
-14.382239123074394 -52.72801666340091 1468.2432311812834 166 158 119
13.325032473595412 -21.20288764448853 1462.258957768979 34 38 41
-25.82071592534813 -48.37224563089887 1456.7637384789673 139 149 158
63.76545269794858 7.010983945548588 1460.074836771356 51 44 34
-40.40957391024902 -59.46817400612153 1451.836860259397 144 140 138
13.16050582736956 -27.14629894105265 1464.5208646110818 83 62 64
-8.187925646530354 -35.81844697127475 1449.096973426543 100 87 55
89.64395028563884 16.94815131203412 1474.1629470923913 58 56 40
-4.992912933940086 -52.329200240613936 1476.598306009526 7 7 8
89.57041298344502 15.834456916218182 1477.0564045863287 119 128 130
59.821733878090704 14.55710809559099 1444.4560349669691 189 190 192
50.1325295565826 3.2619187888824746 1458.357866037617 212 213 211
3.9367905634659346 -33.48188164307998 1457.8546674984746 174 161 123
53.34021361482545 2.2904544148002772 1462.887303941564 115 120 126
-11.749039153235115 -55.51864117629969 1474.8469769641606 170 165 119
0.5283723728297011 -31.325518518446984 1455.4363365182676 200 211 215
-38.81686454856216 -59.053591833601246 1453.0143626269903 144 146 144
-5.261479461256435 -32.89960496706804 1459.995124014503 133 133 133
64.19612185369326 6.648091800721981 1461.2184650231477 35 31 31
38.76876374796395 -4.079252476661898 1456.2536738952624 78 84 96
-3.6213256333132504 -27.999277049816243 1444.3013465248575 249 248 249
42.699687609187805 -2.3161439605640015 1464.2090241373903 139 147 150
57.322409216963926 9.333732264421414 1449.8485028381447 111 109 88
-8.310708230134738 -35.899937551462685 1449.0918128463263 169 159 125
-3.9738238935299863 -45.33701736716569 1471.4065946743797 209 214 218
11.501933563953935 -22.836699930959522 1449.9062026208644 201 186 159
17.144107775055875 -17.040302805244206 1446.5734027773458 216 213 206
-28.763226667104487 -58.434227566117194 1466.0294566349585 29 27 30
79.65597387120498 23.42983802007907 1453.3054525888867 81 72 41
39.60116575727137 -3.2696255176784508 1462.4389735864302 175 185 188
12.039577699982148 -18.850920878230063 1443.786567495686 218 211 201
12.680359291660396 -21.646920683899125 1461.8619089831254 120 125 131
54.13482823971906 5.530958208727221 1452.1773366228247 87 78 74
9.71368056983289 -24.411112638449342 1456.1054376991726 81 87 93
53.207353652488926 1.7995815811408 1463.7571496863964 129 132 137
39.75631511890992 -6.043474912024892 1454.6273267558242 25 27 14
54.185927529512284 2.854329285226042 1463.4504855703713 241 247 252
44.59852835516994 -2.1965587423148913 1455.803292601415 168 223 206
6.907225965448575 -24.181944803389843 1446.6773483891143 146 129 114
69.20762644444697 -1.7278420219734172 1478.3772274265846 69 56 55
64.51622258697334 11.145933346202945 1454.7264299778162 113 103 71
50.917327391885216 3.346832051114842 1452.2702537040104 97 94 93
45.19237880673851 0.602311181555084 1450.0606088117981 224 224 217
4.411433761814261 -32.84491511629946 1457.4669793939793 204 185 153
-42.18501455613473 -61.27649246786926 1452.987542190139 59 44 42
34.76260069905038 -7.398442946330171 1451.1065363027062 230 201 170
62.13165595460784 -6.052185266850747 1477.056488066019 173 173 170
-22.956855178376607 -59.09939083885305 1472.941938662444 74 49 44
53.58374853181399 4.123553808519519 1454.0378465242468 188 189 188
32.62011215529229 -4.403877145458237 1443.720520154237 99 95 94
34.5189127421143 -7.51476311483582 1459.5732943700725 151 162 164
68.67898086939418 11.71345321577458 1457.6490335596357 71 70 68
-1.6015482991434813 -33.21864970667201 1455.2476884191292 33 37 39
-26.071711663284905 -47.96266339028461 1455.138371766165 84 95 100
-7.390614792138812 -50.23235242823596 1471.353889058639 180 174 158
85.04390398635663 15.389394986050501 1470.419177040474 171 158 118
67.76782887193538 -1.3559538040009855 1476.2531411165712 129 118 116
19.25614220584472 -15.851089789437607 1450.7097916710052 56 68 77
39.743878790347026 -4.528824312054675 1464.9590318774656 157 171 172
-6.232622158781977 -34.43364315055043 1456.9374732924011 140 140 138
-9.638273679069219 -38.91850771672075 1462.398048880835 145 149 150
-8.190962331874236 -35.25340234979438 1448.0973551091572 93 74 43
38.66511000750822 -6.716936112073209 1453.462451569653 54 50 36
54.38514353065733 2.7834204713890496 1463.673940450293 20 25 28
-17.464831899914216 -57.980373213886594 1472.9731377826074 150 138 113
70.92860352848756 4.028095717278592 1472.2175417095382 111 107 106
69.21553523473398 10.522961644413924 1459.9354097829998 100 91 88
-22.760402011486754 -45.744493815689374 1449.1427118025147 137 127 78
47.62871345346026 0.9087323377212414 1452.2711997347535 32 30 33
-33.16780511470113 -54.1439302018368 1450.9874087203405 39 29 28
-14.691303147513043 -59.759154227467775 1478.6981929205008 58 53 50
-39.76704165108006 -55.90242612135917 1446.2927837393786 102 93 88
-47.263085695491235 -60.39919420554234 1445.3841523734172 181 181 178
-6.001996186676719 -50.66522332950765 1475.5126406127697 79 79 79
3.3996855550956067 -27.984129630948377 1449.1243373878474 176 173 168
14.36433619580757 -20.663074997592098 1449.5339008915719 203 188 164
-16.938692258309928 -55.03582556687591 1469.2698653583839 73 77 18
39.01978888282155 -5.257685400845007 1465.9957752678295 72 81 91
87.70173072909459 13.86819488291047 1474.9871754926255 195 192 185
-8.561348947766177 -48.86913786132507 1468.2049732047014 65 66 49
-34.263694235767595 -55.16809354647271 1451.2098859746943 64 60 56
42.06164726732253 -2.207172155413493 1458.824492634876 58 65 69
-44.23342730190156 -77.60271088257907 1474.726317294406 159 149 145
49.790740305275285 2.3809087860970664 1452.3352923990133 63 60 56
51.750219261186686 8.688711481320228 1444.1484139433303 48 45 43
49.49348630518065 3.7068655647634823 1458.255879820519 85 84 84
88.32244087809353 15.653424119053128 1475.1557772898589 32 18 18
-22.09129398515415 -46.32495499927859 1450.9211576902896 153 140 108
37.9096835101512 -3.719797608823813 1460.3712016485904 121 128 136
25.340663676745503 -18.91187846697114 1460.6950913353414 30 35 31
71.83931689997193 6.767713453558983 1468.2353424900336 163 159 154
13.023461457530496 -33.839858522859124 1468.103525277068 27 22 23
2.2333192655560463 -25.582561227046583 1443.7454961940018 87 85 85
-2.286038909532671 -30.4562628026479 1461.5925433224452 78 68 67
-9.930371212242978 -39.850636648561355 1459.800552048998 154 155 157
38.055497679700274 -7.058809937092673 1455.039989246571 195 205 204
48.363448562294415 3.9587202527949894 1448.671580623752 183 169 135
57.85338625664719 13.014408699326216 1444.1793582003984 60 56 55
36.996017917675495 -6.236403139370335 1464.4271992118963 157 170 171
-15.164636794658769 -43.590579668239265 1453.6725583891457 43 39 37
57.691235506356456 12.037241322549908 1446.1378706716478 188 187 179
64.0102147871923 -4.510899344358889 1476.7962582368616 146 145 141
9.870685320298334 -22.908800428032187 1448.1541763544765 101 101 67
-10.098724368283788 -47.81557941778563 1465.1644371787875 101 97 72
42.00550421700166 -3.0469480196667207 1465.2909337928902 34 43 49
35.649645054644104 -14.25276142557657 1463.3239954758428 208 215 218
3.8130854899009927 -33.13851959975557 1457.1952575751006 189 174 134
73.16392335837809 5.294231026212662 1471.70179479311 192 184 182
52.51288493962483 4.00728603952501 1452.8295786040062 43 39 38
40.97397449054044 -1.85794976880067 1462.1280521180392 91 97 107
52.51682267220106 1.3957083054787323 1463.7011925001334 119 124 128
5.463277476581286 -39.6033450150795 1468.8921579809366 150 133 111
21.347997812114695 -12.766005508222111 1444.4283176157273 213 210 199
-38.04171796744893 -76.85079734982355 1479.9482229835896 189 184 184
9.678584788348841 -20.94626494800056 1444.0944028977897 79 57 40
85.56783549388253 15.270614459709888 1471.572675252386 156 141 117
7.646964974087934 -24.703439521486274 1448.4664126800903 168 159 149
57.88074241950553 -8.526119007140533 1476.3914866347945 49 48 46
-19.37284121906789 -42.74475595944598 1447.8064022210285 145 129 107
-13.161854666945183 -41.23698404871468 1452.0213038452289 83 79 41
-23.579079709444287 -45.14599609634047 1446.995572286344 108 96 72
69.35236320039229 3.210112237526668 1475.8297766732887 202 207 211
52.265038864630924 3.00997998101625 1453.9917631144208 116 115 110
45.61056423922703 1.2591976753858172 1449.5241348609657 45 40 34
62.9574395995075 13.435224972263523 1451.527427447708 137 131 116
50.111742649959986 3.361404976411754 1458.0635663686937 73 73 74
2.2096670843468518 -31.339803616622635 1453.0895574258439 187 167 138
57.129392525971866 12.616710009932408 1444.0788858760905 207 206 201
37.199651363478196 -5.270236604578597 1456.8301737261454 164 175 177
45.85903325021077 0.6392387543590345 1450.7650140581657 221 215 202
79.13079937307646 22.31379695390818 1454.082807217198 146 132 106
12.105659903000133 -24.14716983525633 1453.5763062404483 82 66 67
-38.86834759962952 -54.680402141763764 1445.301651802755 84 76 71
-21.236974355323756 -55.96833775162688 1466.251067616837 48 56 13
-28.268366044347147 -48.67615723011694 1447.556632921506 44 43 22
-16.942145242090398 -39.2445237667426 1444.501147835575 207 203 197
64.54284139741192 16.678021652339208 1446.3935421400054 73 72 70
47.74343350816827 4.955856192925037 1446.1160284444272 215 213 201
-7.536219257510131 -34.42048000767662 1460.0244855745923 161 163 162
0.4287450362142907 -28.414547745249365 1446.463898194823 172 160 132
70.67444629060967 -1.529324553730443 1479.6787465012287 212 215 211
-4.745399590575245 -70.24276623953024 1452.5185896253083 178 184 188
35.40007254913673 -7.12902958064808 1463.5617372848515 147 160 164
33.2304929676852 -7.986050345615588 1457.0064631363477 156 170 171
-1.664482319229066 -30.031485942477907 1461.5832894014045 116 97 91
-23.703108543487083 -46.60076768746143 1449.4657675825217 205 195 187
-41.962999819631094 -61.56999533985603 1454.9836556439245 133 132 130
-11.428470446221542 -39.66390036997425 1451.4600266928617 169 164 159
12.82997453107086 -19.661257843653782 1446.167791695723 115 103 75
27.672822023344224 -25.016508963987654 1469.8193973177551 173 167 163
54.20181689255011 2.8259094422937503 1463.2332974221185 25 26 31
13.821438245924837 -18.064061747309857 1444.50353881293 107 131 53
69.53703529285067 10.420817719077219 1460.4681902994625 191 184 176
59.80015293836342 8.491956400926549 1453.8424964162587 28 25 21
38.79497445823497 -6.349244294383601 1453.7815132330581 68 62 47
25.61628360835343 -16.601314139559854 1454.9629982477832 211 208 203
2.896456555599393 -31.459049043278075 1454.024068771768 207 183 130
51.13658888033115 3.417290850290476 1452.3240412778946 180 177 170
-24.736805135831315 -61.15984055625521 1472.0220498450103 19 57 48
34.83604662249719 -13.020410582482311 1462.6154188999578 45 46 48
63.308470853580154 4.646863083204187 1463.482636058082 13 13 13
80.18680515371634 13.533066464303605 1469.8824860878062 6 7 8
50.17997757192392 7.525024002038849 1444.2027403132458 84 76 74
36.602421964649494 -5.878591830486821 1458.0941145653908 159 172 173
75.48799115766452 4.527972505073585 1478.170935668119 48 51 52
8.337621462179499 -27.47041558155869 1455.596008617108 170 181 187
52.20991044138961 3.9079780544932015 1452.952910910745 164 160 157
66.85925681860795 9.439902648808292 1461.6419146990577 9 9 10
36.437964319276844 -6.3026761497212425 1462.6941142566225 122 133 139
-8.250372869838566 -34.871757215986456 1447.4389892088257 114 99 60
-21.37767452604273 -43.39202815651886 1446.3575141284157 124 108 71
13.609000653912467 -33.107517669080536 1467.8271489562787 185 176 167
50.760582948292196 5.944448343164123 1447.9022489355332 221 221 209
41.736939442954665 -2.5902917348005854 1463.9339795070046 149 156 162
-46.4572988814266 -82.49519882564587 1480.2953971581226 169 138 117
11.807464760904143 -21.22214984207256 1447.6165475110147 88 74 50
10.614209926046332 -23.66114691153232 1450.1623969515201 144 131 114
10.906863497395051 -21.905495156593666 1447.579184254563 106 103 73
-12.399336587370298 -42.21036757715328 1454.3224420698969 161 140 119
-46.0292325555846 -59.18101254585442 1444.7731155757858 205 207 204
59.99588001236352 14.702164708784041 1444.5027432786007 154 153 148
-6.528598354584024 -34.09612479458767 1458.9018962686355 130 130 128
34.87708752386441 -6.912508134174445 1457.2782797334721 154 168 170
36.67933944337756 -15.485013145396186 1465.400420429806 48 50 39
50.245938598940995 5.037415588120832 1448.7261662645112 79 82 42
-23.012852115266146 -45.42390734582026 1448.2809054328172 117 111 65
-2.1237618383339427 -32.68079711166648 1450.6379261513418 100 98 73
-3.74202016972479 -32.010212815097034 1459.6070550476516 132 131 129
53.68825462063253 2.622129387824812 1462.8953651976801 107 111 120
77.79294330792834 23.172330744507942 1451.3590292552426 60 56 35
77.87174387951838 23.053192212910254 1451.5672534817481 67 64 41
-47.05967502156833 -61.655143233872174 1453.8075736563596 27 23 20
-16.948685387098827 -39.427762889474515 1444.8005399355566 151 139 123
-19.044246462349925 -45.93027796377515 1461.6623529747806 28 33 38
41.5335329193798 -3.482696796362596 1465.6761678786943 92 101 110
49.79815235349763 5.8912177662941225 1446.9060812014613 214 207 195
-35.1234380771429 -53.00298078122556 1446.5141560207908 93 87 71
-27.776520388181282 -49.80430896343217 1457.3496598422262 94 99 109
30.84123131474936 -9.994785043975755 1459.450400348529 146 159 165
5.9837134181936396 -24.56685324336508 1446.2911004056425 104 87 78
-6.298453135593897 -33.302862926657866 1461.1246662207177 162 163 165
46.46602262844978 -0.1360311219160985 1452.9008905485416 29 30 32
44.3047154598368 2.386932746639423 1446.3774593643216 76 75 47
38.3419037599922 -4.4046409092231915 1456.381988740859 127 137 145
51.95037673475876 6.968371894067426 1447.8049915449035 181 170 137
-23.418221213594627 -48.795683615760524 1454.7801547025533 149 153 154
-0.382964525059792 -29.576244879090677 1460.0558262672027 134 134 134
39.42996715557322 -3.7030015357177675 1462.6511491227275 174 184 185
34.879820972856734 -13.102159555408333 1462.9727194282552 230 197 185
10.734149519605504 -26.205744221383767 1454.6074972678766 30 20 21
34.23342888907476 -7.595221470933207 1458.838112007909 147 159 163
-23.66186269582811 -44.86754133049827 1446.2525710271973 62 56 36
14.878253493373425 -34.417880620778845 1470.7920300928045 181 180 177
-38.86365326902084 -73.42557942178567 1474.301864441894 152 144 134
37.624998636198086 -4.964421028582663 1456.8232353748567 139 149 151
55.028603473941395 6.677669633611403 1452.4691660686156 204 204 201
11.779760904488384 -19.723014040444244 1445.0256944925627 90 91 79
-9.739514248059114 -55.889761715011396 1477.239216609867 88 78 76
70.10805379070322 -1.618790686629884 1479.2681815939038 59 53 53
55.038314254845204 6.008138754277391 1452.1978666265745 27 24 23
2.0133611281645436 -26.46484680649752 1445.048390720953 91 86 35
-33.44892423291134 -54.35540693820823 1451.0125582283565 106 87 71
55.56320143921504 6.542187659873413 1452.2070823351135 49 46 44
23.179869759338796 -11.541004879428423 1444.5225221703809 54 62 32
-25.643560197432706 -47.747741857763835 1449.3498379711293 94 81 49
68.85504873096308 1.063062020156349 1476.0683220113083 72 72 72
-26.182694726650467 -46.77063109559058 1446.6920746388125 92 82 57
-12.473472336346221 -57.305521844617495 1477.3876217484933 142 132 132
-16.780472477772303 -44.15034515411028 1452.8867245915144 161 162 160
-12.272757300689923 -37.02119842192169 1448.764052457989 7 12 17
-7.959010941102462 -38.44402901922594 1453.5629015381846 82 72 42
46.48129034077922 2.2193146192387307 1449.0439543936673 189 172 146
-24.699870575244645 -48.111276112311394 1461.6902174472523 70 28 23
1.334267429433961 -28.550520189321798 1447.6999022282844 80 66 56
-25.13708093841044 -46.730666507171335 1447.8922599130326 131 121 87
7.781980508757652 -25.69402079298694 1456.9678577529273 142 147 150
47.30793995606913 0.6320470589394606 1452.3642921956402 71 70 68
36.78520689837204 -6.0775761931617325 1462.5633406926163 118 125 135
86.51464591587857 14.005582993093146 1474.8060081482474 184 183 178
2.105813114161678 -28.800330825119445 1448.9376001332193 177 170 157
53.402406909200785 5.169567088634409 1451.9965864597436 169 167 158
14.899655824749628 -33.8707486262505 1469.9314493473187 43 40 39
26.405775747091667 -12.837031659613055 1458.5431802213652 52 60 67
-1.941747866383465 -33.18601993221452 1463.9922118082384 207 201 193
37.301640095439986 -5.70159185385432 1461.084933467934 138 147 152
43.007130987744866 -1.929229693313457 1463.4887332841085 150 159 166
46.37604365518842 1.7250132605194568 1449.6908446600698 70 65 61
80.52242180781052 19.456310073836203 1459.379707790087 61 61 39
36.41649086571007 -6.761374012037576 1465.0056324488748 158 168 170
10.954636588010668 -21.78189881930969 1447.4910562323087 186 170 144
80.26208947768461 14.895271629080131 1465.7797379868277 9 10 11
51.68053620377551 2.524179467341335 1454.0684810050582 39 35 35
-4.167003015322877 -31.020490140225174 1461.67791095793 213 213 205
85.7150036230325 13.701294742926086 1473.6456196743163 133 126 89
74.89470053083262 23.0302546986307 1448.0438858730624 74 78 79
39.78338831474387 -3.097534221451633 1459.2666893934586 27 31 34
-25.40021105065827 -47.20858516243706 1448.663819916168 168 151 127
53.26325659003211 9.879588552105407 1444.4921331116773 233 228 222
62.3959399575361 16.385194462003 1444.4029460687786 59 61 63
-5.877656276442818 -33.0456510362033 1460.9917545099177 163 163 165
67.40957910598156 -1.0643994392009464 1475.3752934531062 116 106 105
-39.01209492579192 -75.89248267354343 1476.8539380790323 164 160 160
-5.63273100007243 -31.544179315618184 1444.3382330623904 151 152 155
-6.170541989010077 -51.24811474990428 1477.7954391639978 206 204 202
6.256122608720655 -24.9165768201039 1447.171364656084 197 194 189
33.27127313488931 -7.887148616692796 1456.4207894939113 157 167 169
-0.4671733141418321 -30.42831708253988 1457.3598310631278 150 150 149
52.36364636541646 -7.746489144326054 1470.1983928334957 73 69 55
48.50418618178089 4.407068005938358 1447.4184043112962 67 64 33
32.98336985336935 -8.323453047941069 1458.0057538551468 145 159 162
46.84045002660078 0.0024949989570725315 1456.1830573763389 52 52 54
-0.382964525059792 -29.576244879090677 1460.0558262672027 134 134 134
20.817416274264712 -31.028497677278303 1471.5372737291034 126 125 119
35.386661598856506 -7.037210497552486 1461.4132937905056 132 146 150
92.60861568903486 15.760825251230838 1479.5255371192834 14 13 15
-9.739514248059114 -55.889761715011396 1477.239216609867 88 78 76
-24.593499401531368 -47.08742484681145 1449.383695047476 85 86 42
2.6557950326461026 -27.600890224488037 1447.6246811012654 127 115 101
31.50327539911688 -9.090813422048187 1456.3301868042404 149 160 161
-1.0415032015573178 -30.12560825668035 1447.69611953081 131 115 81
-6.511534170260529 -51.006783736945934 1476.9087836198246 24 19 16
41.810871523188965 -1.5522375173004592 1461.9642629002153 139 144 147
-0.1348877342929039 -29.018954780304902 1461.307420574535 137 137 137
66.85756172978164 13.535537158963237 1453.2405948746732 244 243 239
-22.4906755140324 -45.26818958027313 1448.6190746684279 106 95 65
-5.409000953205204 -31.269711788961825 1444.4487045184617 176 176 174
-24.9220307100997 -61.37289551946379 1470.8672238720756 144 149 152
45.99066387105403 1.6756805649210538 1449.381696180589 240 236 231
13.547712748976009 -21.04384444233892 1462.2779507254616 38 39 43
-24.915587986553152 -46.359171690092246 1447.5323365876357 178 178 166
34.127263914248275 -17.00067734231946 1464.7423852152028 156 152 151
-17.36978619109682 -44.99589975249673 1453.8096100023288 166 167 168
-11.464680375320734 -40.95229715046095 1459.44958505935 74 71 70
35.42387617179863 -6.488403069630114 1456.9598530400233 157 168 170
16.633251189709515 -19.095441943799848 1460.0964134750693 15 20 23
-5.478769896353634 -33.847762442991964 1457.177294910511 130 130 130
6.937973933393959 -24.030812897801084 1446.4649940184274 203 203 198
10.162636453694583 -22.001198510464288 1446.8701297654397 155 144 119
34.43024002022642 -7.054415005456217 1456.2469899113607 93 103 113
79.73086841170378 14.368165516026853 1467.2350289610763 106 112 124
11.779760904488384 -19.723014040444244 1445.0256944925627 90 91 79
36.99666350134981 -5.878715047741995 1451.2051411576915 194 170 129
-3.231833772951162 -31.518473811825007 1460.0903033150737 146 145 143
2.4716846034545084 -31.176805457880945 1453.0742837973598 190 175 146
34.84303490397884 -7.534401915599429 1463.7103023971488 171 182 184
-35.16427189231559 -55.08716595224493 1456.1597457020723 206 206 206
27.26406031782749 -12.272516735100593 1458.5976221578603 152 156 159
-16.743483606754022 -42.56749768569358 1450.560457631172 86 77 34
6.0859119672378315 -24.445496314369564 1446.1600339891008 123 107 99
19.012205294836896 -15.946478105280535 1450.3221490830213 245 253 255
26.43132281996352 -12.764629705754013 1458.0325354710592 137 145 148
68.62498234353518 3.2278038454794142 1475.3756003573722 197 202 206
58.20991625229826 13.418633546260324 1444.0817307199904 178 177 170
-9.010151904037052 -41.4776029932134 1465.5955150543348 65 63 64
39.24540325846914 -4.624686452832382 1463.9772856173854 156 167 171
-33.328656290377175 -54.9124222455522 1451.831495605938 100 93 87
34.61978941676701 -7.533958908814082 1460.4151748978593 126 135 143
-3.1670613950322504 -31.364079527241977 1460.4621820972675 119 119 119
68.57593389897195 11.979189080235725 1457.2024284961244 79 78 77
-3.7421177708210567 -119.25848065494526 1452.5433925955165 30 29 25
-19.032044613334133 -45.94622909852135 1461.6531619018074 27 35 39
4.419164687893123 -40.50422594862271 1469.1956757634077 56 46 44
48.70294242683602 -6.228153405257605 1468.2316854720975 18 19 16
52.84780450596441 -2.683605209185631 1468.2229162235303 196 203 211
-27.460255988461736 -58.7527936107279 1464.4393743701798 196 195 191
42.7703687345489 -2.903025054725166 1466.9741794785184 74 81 87
18.10389269255795 -20.15038903478972 1464.517758503178 134 136 135
-23.6019770266741 -45.28698051812844 1447.2385654589152 117 103 62
-6.9010863533489415 -35.717344599547076 1450.3604087130498 145 129 98
66.90714970107645 9.97066727501785 1458.7760080280154 89 106 41
-39.639311541317554 -59.61781627418064 1458.7482809006701 199 198 193
36.55921297377758 -6.724905959566936 1465.2698101029475 151 163 165
79.60104314434575 13.91383390787581 1468.1626824520529 15 21 24
18.932638603746955 -36.822955616687835 1478.3042950001432 107 97 95
9.018610951699987 -23.352180176567234 1447.802299346795 107 99 67
-50.77194185078877 -58.193938498758655 1453.795621398204 53 58 51
-2.3567541910179073 -30.629636328312447 1461.0648279638178 160 162 159
35.56204647489294 -6.922523057061861 1461.5479769014216 114 123 130
9.690591333992314 -22.41210190466618 1446.8135119618896 100 100 64
2.3829382837151476 -26.011909123336014 1444.579237105824 77 75 44
7.206824201575601 -23.64456780079783 1446.1678108044403 117 105 91
49.989758831254754 7.503298665618421 1444.4802724565156 241 237 233
38.94089315382109 -2.5322515087722715 1460.5555851385195 170 174 178
3.966088440770943 -28.07456098033766 1449.903372718926 56 59 36
-32.79202754274041 -50.47340958442938 1445.2404532813696 123 124 120
-11.205551219425777 -56.863326009579744 1477.469107396995 61 54 51
10.878715955213089 -22.942819586745962 1449.3427382986772 104 105 72
-26.338822797363413 -65.10482222638635 1474.5115101465085 108 106 107
-23.61570476547785 -47.419551889423694 1458.9679900387534 129 136 146
71.82676151345157 -1.300528448103552 1480.0657478352227 83 75 72
-7.951420276369501 -38.24257762379035 1453.2252187028496 199 181 150
13.417666668504822 -21.498368023594846 1456.4215850261558 89 94 100
49.617667291366836 4.183581957772748 1458.4545333349463 250 249 247
-13.087143359262585 -37.59371555312268 1446.1910102085835 107 100 84
-22.831720756008828 -60.24190652865748 1471.7504932661443 15 40 34
75.17055397393176 2.5635115052659754 1479.7158131634149 240 243 248
57.753034623494315 12.946660621759913 1444.2635945008622 59 55 56
34.48199148106873 -7.614029267164162 1460.5549370569422 132 143 147
-12.162096175264557 -56.379144104847704 1476.050527777366 58 54 50
-12.194092428989519 -36.320566685478255 1445.0941063123162 92 84 77
-14.058073099587626 -38.21287520920578 1446.0622477007382 183 181 174
-9.917851010116054 -39.87154623815859 1459.8030335834965 154 155 157
-21.855323722200968 -44.56136695232515 1448.1471704635233 116 102 60
33.588988245487315 -19.124462155626208 1467.1641880722173 57 47 33
-19.301109122993232 -41.86530847703566 1446.311705277654 57 53 31
-1.324960796192848 -28.596294827174578 1444.1422422015055 58 52 52
70.82365011267119 7.909146464132512 1465.7513617576265 214 208 203
-7.202721080691558 -35.57338564003214 1449.8015058491928 80 73 40
66.12603572499998 11.395698257154113 1455.5060713334474 202 200 195
39.457538446550224 -2.5241193363081877 1461.348715289324 108 115 125
-3.678051046207886 -30.094755661911964 1444.4636919021023 205 195 183
32.664344980659145 -8.382152271819926 1457.010195752937 144 155 159
5.858629425029819 -31.022269327382773 1456.4407993311186 156 149 133
48.34730447368054 -0.4377202427443083 1455.3034001959136 10 12 11
-13.858385496964566 -43.438514404547355 1457.6742614794484 101 91 44
1.9697260748613894 -27.198736939296136 1446.1165977630294 105 91 60
42.35050791918176 -0.45906114954081273 1460.0920147463262 150 160 161
-8.589830895251328 -48.11070596690253 1467.8550573971825 33 21 23
-5.0798587272360445 -32.667639015747255 1460.4907720175013 150 150 149
65.22882269667704 16.59033097726999 1447.0144613612633 88 97 62
49.59302329054802 2.4851920007077757 1452.0306360164034 189 188 186
25.76064232713678 -27.02270126537366 1470.6041739884959 32 37 14
28.74122898719097 -18.849515162603918 1462.950090731303 8 21 9
51.694697789750926 5.268736180604234 1449.9780767159602 198 187 168
10.45143215528767 -23.950931771332723 1456.098170039752 87 96 105
15.698594171638108 -17.426711811569078 1445.8119917570546 215 210 204
37.82279432606716 -5.099756623924914 1458.5175768681727 141 150 155
70.88034265647282 3.407242657606952 1473.1179951217546 238 225 226
15.94410812677151 -19.328048169570287 1449.0686118380615 139 127 102
50.29353184654729 2.2232691305236845 1453.033358768388 24 20 19
-10.456926724565774 -56.174687645650415 1477.3533334085864 75 68 59
21.50106860934604 -19.03287408771132 1454.895638980389 128 126 124
12.117895046756502 -20.17952228196582 1446.1152386092313 111 103 77
76.9447305406542 25.376886964666244 1446.304526950016 47 56 27
32.772412394798465 -8.531273357663984 1458.4192047839254 149 160 163
59.09101199759341 8.020007437749923 1454.4276889314215 91 70 59
-26.86063613808361 -48.70121173839171 1449.4345796620903 82 64 34
-2.3941884975001666 -30.937976878861882 1460.0812209581463 146 144 145
-27.420092158632585 -48.63192482286953 1448.6280399686104 161 148 114
-8.577562696632686 -38.717879426680575 1460.6005597473077 120 120 120
-51.0433603504219 -69.51472960068925 1460.322288943515 34 24 22
75.60333775236265 4.537873261287947 1477.1231959122797 232 239 247
40.68669535771467 -4.3793439394847 1466.9947137595493 194 205 210
48.24518745180636 -0.13065511059871313 1455.5730206836563 44 41 41
-32.51000175698416 -49.950576741221006 1444.7614366096207 187 188 185
-36.03849172845041 -53.50873984013602 1446.6097359626567 150 152 147
49.951293874361916 3.0980319613591227 1457.3675171815473 59 62 68
23.928961106540246 -17.85769391169257 1458.1808396046572 3 3 8
75.4813487790439 4.681943363006879 1476.4333287106062 177 192 197
-19.70047791322704 -41.47731139738817 1445.1644485928825 123 116 113
58.78496443789594 8.136761760749307 1454.3165506488797 41 42 47
35.91702510558153 -7.144878040922784 1465.1387560072774 147 157 163
-1.6012352177685105 -33.7732525236267 1453.3886419325752 120 121 123
-29.30142353200051 -53.570065099096496 1454.819770598897 142 147 150
48.31536679465312 2.472090254430865 1450.5693310469817 144 127 90
53.673179847121084 5.2419028655806645 1452.1510810646673 43 36 32
53.97758797450713 6.568381989685849 1450.3229441037718 103 94 59
-29.214701520599966 -50.91859388219192 1450.2199236751935 58 56 57
53.9819063487331 9.356375055913814 1446.1736064460788 90 91 74
-16.844044315852866 -44.72071611363076 1453.7613046825186 149 151 150
61.59932857830851 8.684708183928198 1455.473352110635 59 58 40
-25.76072435947261 -60.895968170646825 1469.2349696887686 72 69 53
28.787631237279097 -17.75930225856505 1460.039309183289 229 229 231
58.822611817582754 7.9741780074332365 1454.1576775401156 143 134 126
-16.375576153649174 -44.010638236908584 1453.0680844877836 43 38 37
-49.13200805823132 -80.06467510443832 1473.2671962017853 158 144 130
16.78287914525672 -18.123067325965728 1447.9679832587296 53 50 20
-8.768418186191331 -50.197619537396506 1469.9078085005276 184 199 190
37.70218178545583 -6.181758819257353 1466.109551256723 155 166 168
-17.734566680302194 -40.838655392735994 1446.2881736523937 106 94 71
-25.930102804200978 -65.55849520070903 1475.5156440645806 73 73 73
-25.737780027750944 -47.70448118771495 1449.0835462969924 53 49 14
-20.507071672851406 -44.650438980697345 1449.7943445601152 95 91 40
-0.8729097633684094 -30.829405034309357 1456.9964578594027 153 153 153
-39.51406678359924 -58.34125884053862 1450.987504498447 91 80 62
-19.253157760784017 -43.874262522282635 1449.935639967399 151 136 111
3.6845815097965313 -47.34368727899044 1477.8967947530164 123 115 96
22.705445979786976 -13.717524207767598 1447.4781871597645 82 76 54
34.47441884569578 -7.585672307237607 1459.855416263568 142 152 154
57.39181010885548 11.950118305612124 1445.9812930970809 217 207 195
-30.68925757482291 -57.908925698479706 1465.0678173047493 162 158 152
36.619064437550875 -6.465053990095431 1464.4076187398427 157 168 169
35.20973589173683 -7.150826838206156 1461.4181117586154 133 146 152
65.92822870571939 10.523987061091312 1457.098181812881 149 139 125
41.66576811162751 -1.3637154555486026 1461.5122065924115 151 161 163
25.155964507109477 -17.633124897477867 1459.353143294086 103 112 120
68.47458178902531 4.185463154599705 1469.0368385262 42 37 33
-25.80147975717742 -47.5339691692008 1448.5480031246705 114 102 58
36.71527121805486 -5.622588721065863 1456.9551908711016 166 179 179
-38.44657735637934 -72.92660754803147 1474.2356202261517 207 206 203
7.675518271670151 -28.933765417813966 1456.192544749933 67 66 63
49.222611820562804 -6.95201770918616 1469.3841507015918 32 30 28
-8.523615408608952 -40.41519440317397 1456.2760241180365 8 12 39
-53.781812819516595 -75.85972992602238 1471.3258490418941 63 60 48
17.39808082895655 -15.856574538964756 1445.061412580125 160 153 143
-21.32763614766212 -41.97053595075548 1443.933435933983 202 197 191
85.30295428473528 14.672189462774432 1471.803112336137 164 157 128
-28.151857828361415 -46.58646537013021 1443.972797349307 188 185 180
-10.787012851119444 -35.29417748729751 1445.0640489479183 138 123 102
34.23862637573529 -18.69870005515563 1467.2027830037919 61 53 32
-6.260529871190009 -33.41174268756687 1460.6201255456547 178 180 180
40.85300119318616 -5.94779725141734 1455.6384583662673 182 187 190
45.73722291460496 0.5226717408357263 1450.6581409338762 225 221 208
63.56849414203 7.0318088526189975 1459.9391778982815 140 133 108
41.9546119962842 -3.466008224798524 1466.982318284325 98 105 113
27.536155604908256 -12.317193339241038 1459.9273639212145 56 65 79
42.30889427560969 -1.6934564914233985 1456.4931551316763 106 116 123
87.44900599521547 9.897503829357902 1480.744242756041 48 58 28
-38.7409431426324 -54.66767574922556 1445.3817915310733 170 171 167
81.06632627837583 20.587758455057266 1458.8675536202463 181 156 124
21.36941395768838 -15.017614460135963 1448.2478441868764 112 97 78
-18.92986936146036 -43.14834639621685 1448.9806225447817 176 159 127
-6.809076316451896 -33.63034856187743 1461.1217444290694 148 150 152
34.09862080776855 -7.458638605938817 1457.474881536029 87 96 103
37.96761833188196 -5.551283638305377 1464.275423456042 159 170 171
55.59689093401335 9.804048291965504 1449.3901706721222 130 118 86
40.464023075594135 -4.065452450521848 1465.0894482188899 160 170 172
-38.93283651657685 -55.37479477653965 1446.3455738140133 83 76 66
79.36211106288232 14.154912601423229 1467.0054135373568 8 8 8
-3.314076482928567 -32.100800031355526 1448.1651331860714 94 83 66
73.70288814719373 4.5833026607004514 1473.308437831994 178 172 169
6.662408523620629 -28.335611468173184 1453.5585500253942 207 200 184
-52.175441601887954 -56.751947380882996 1450.1963362730003 54 55 51
18.744277129142123 -15.401631418080873 1445.8177284353017 166 156 147
-8.4971316764872 -34.8849333270171 1447.1731879609533 132 115 85
-5.506171347860787 -31.344659915825012 1444.4553887747627 178 177 172
15.716290009305089 -18.948695347480868 1448.0927735247615 81 72 46
54.77123443046798 2.847284609440487 1463.8642477140945 27 27 32
-9.9142404895172 -39.408332683201195 1461.3140944511513 169 168 169
35.19273482125237 -6.731195803001552 1457.5431819269686 132 145 152
9.916923406088097 -25.966761612599242 1453.175880093035 111 103 101
64.12225995990028 -5.203513622344168 1477.9825201145493 44 39 38
-24.65939591905885 -49.043945614578995 1452.4209821955658 164 164 162
31.154577278626302 -9.410601658909263 1457.0380183719383 147 158 162
-16.912731737018404 -41.75160603000102 1448.9831214012158 95 77 57
38.76213270071291 -5.578718513524806 1466.6626190231232 144 157 158
-16.923839870272708 -39.365506045620414 1444.7090025500663 182 178 173
4.299997419442282 -32.97930031358984 1461.0797339844241 199 199 199
63.726848476778734 13.078263511584689 1450.998693186085 55 60 39
-9.893034433244932 -54.79421457247813 1475.6394937976083 149 130 116
34.37156366876428 -7.718150001814701 1462.9319902307632 97 108 114
-9.542621671864849 -43.038868388142596 1464.6827219031968 79 79 77
-20.113877626274412 -44.76212116378577 1457.5212074586186 124 133 140
-19.515730189618672 -42.57884497370873 1447.4760082928926 85 76 47
-22.008094612836636 -61.49624115660336 1476.3452948252434 18 29 24
-10.47252015008154 -55.4631805957336 1475.9773418783257 183 170 162
-46.3137141009002 -85.5617307930468 1484.221708935053 47 42 37
-0.857250123938496 -30.586184891933485 1448.7264498459003 90 79 43
54.57961494899044 5.915293035592111 1452.0045436247444 167 168 157
67.76782887193538 -1.3559538040009855 1476.2531411165712 129 118 116
50.95286144599015 8.036647449071074 1444.6992704836182 91 83 84
-5.498975831185881 -31.348480047984943 1444.4497269464032 195 191 182
42.94346642232362 -2.3183710387127183 1465.0130054590827 139 147 151
41.17407247854562 -4.0525396869290535 1467.0274500918536 39 43 44
-2.731998304185183 -32.93493780339873 1450.3289414270857 60 58 45
33.85046892796209 -7.812784558600842 1458.5621527969383 143 154 156
-21.63599562697578 -43.905879103327926 1447.1363401070653 180 171 138
84.13593199720802 9.892949394261857 1477.1973909997846 197 199 195
2.367246362550451 -28.698167173108292 1449.0356982854437 68 67 45
-19.512680013524815 -62.30128390458685 1477.2852993639408 132 128 127
16.48905366615009 -20.089669331700172 1450.955249212804 67 62 42
-33.820649839518225 -52.02788250026606 1446.9462010847437 175 176 171
52.80462621547652 3.180391570804619 1453.9997461859632 50 49 46
42.77172218137617 -0.8758986152680067 1450.3368947350002 20 18 19
50.78963086336532 2.4779787258378074 1454.8021765570033 181 181 179
-33.488989006172154 -50.90831347422723 1445.241800197848 100 96 92
-33.930139385358665 -52.669671982540564 1447.6430802749535 134 135 128
-15.615481030106833 -37.930082011462105 1443.8350622854007 79 75 74
38.190285260237104 -4.592818495751315 1456.9626038337174 140 148 151
56.9579856855431 6.627510574777268 1453.6684065022114 115 111 102
-10.070479270832145 -40.02676719310939 1459.6704146601908 160 160 160
-8.326319189122186 -37.73718908804318 1452.0582736385682 189 170 125
-39.429467495176695 -54.994598155186665 1445.1945724129873 198 197 192
-7.504653112944138 -34.98821121481227 1457.9349969951381 157 158 160
-14.998704015890338 -60.5642685002144 1479.3624243206748 23 21 20
8.976866635216673 -21.42334405619109 1444.097436385458 65 46 34
-19.866863242457224 -62.32048897054045 1476.852340577064 70 66 55
49.805633452524084 2.641551292268451 1451.9944188280897 154 153 149
17.86344640866907 -17.07315561520346 1447.5386146039286 118 105 90
67.71009783910931 12.88460255152625 1454.935164671557 205 198 190
14.711951868286295 -17.703324234453174 1444.993502142316 116 97 83
36.011162631389716 -6.575241299387746 1459.9806934465703 147 158 161
50.72132115769793 2.280853467023837 1454.3390200912245 186 186 184
47.16616346490307 0.3504486173632132 1452.7417969921012 64 60 59
85.23728296945184 8.379377306727172 1480.7497052023937 52 47 44
36.69283002346679 -1.9338889608812255 1444.4881961621393 110 87 83
-7.367570259549226 -34.099350895219594 1460.7540783382078 140 141 143
-34.03159459358186 -70.12742918889498 1474.402439151016 89 86 68
-48.080169555956445 -81.24607441262755 1476.1730997548407 155 133 115
63.253423100143095 -1.569669605991096 1472.4846629535994 44 47 30
-19.044227779515793 -40.43089846287115 1444.2175501970044 124 114 111
-43.821169803737945 -58.62283402423603 1446.1939031729676 185 186 181
-20.277922583007012 -46.926888124067204 1453.8752778855728 170 174 175
-4.810470679571802 -35.58381935635758 1452.5118235160483 44 44 19
35.73249858481255 -6.806707083564728 1461.545991364347 103 115 123
-48.383302449202525 -78.05807207168053 1470.8506641040815 43 43 42
3.7865562405309916 -27.914027708284877 1449.4293893176819 139 131 118
45.18697115470248 -4.927156169725367 1464.2758961458817 44 48 53
70.59836088336587 3.768610559591147 1472.237652361937 10 8 6
70.41592842787699 4.607923385810844 1471.5860498944712 36 32 31
-48.742046712594295 -67.97254129552314 1462.5121958838006 141 138 139
40.99289568827618 -1.1328895256526537 1460.7261968317446 174 187 188
34.14709316443443 -7.590888870733806 1458.4075589285817 156 166 168
-0.1270326441422528 -32.29721974112538 1455.0223435205583 30 44 20
56.52825909183698 9.44994417960993 1448.7888036281884 143 127 100
-19.307476118041997 -41.91218794604931 1446.3932722818095 120 110 78
13.481490593781666 -19.46005781327153 1446.536616414856 158 138 106
55.022735353545556 6.141684114270496 1452.225954442719 24 19 19
-27.914406511947806 -49.18934235266101 1455.2243935208046 81 90 97
-11.108724856316405 -55.74572804179861 1475.9270396793122 119 108 92
-21.926250264818812 -45.90739524386133 1450.3192715545683 185 166 124
-26.571023148276353 -49.12471983179967 1450.4208585036656 128 119 80
1.3892669009389442 -26.34102620787303 1443.9003975176793 227 221 211
-12.247192491203267 -56.006027436072735 1475.0321772725315 209 207 207
52.00618387494641 8.969471669651094 1444.5039450371426 237 234 227
73.95221068459392 4.1460570179840035 1474.3482417096207 183 176 173
-1.2380674782904055 -30.264555807952817 1459.700296728982 132 134 133
13.440431705730962 -31.746336196100703 1465.1908254542122 159 154 150
61.7150318269307 14.973881193115725 1446.221767989102 110 110 100
34.72794184938781 -6.868105811347429 1456.4059998460746 150 161 165
-21.722883309413632 -61.26933889363145 1476.5326665960931 19 34 28
10.49074832066521 -26.64993816665191 1454.9969384318383 119 118 116
35.78790130636241 -6.432942753925232 1458.0902351568877 151 161 163
32.46462021393752 -8.457608599498862 1456.5996908279164 146 157 162
-25.03032150785062 -44.45772363463866 1443.959195393224 112 105 100
-43.7449387388296 -57.2862099426686 1444.0156168175984 192 193 188
34.53787340813208 -7.577944003134915 1460.2620016442306 120 129 136
-18.979358308486383 -43.47499985228341 1449.5278430178987 96 93 49
-7.513726379905102 -36.60813878065739 1455.8423108630614 210 217 220
-12.306570131412755 -42.09964789827804 1454.3550093539875 98 88 34
-27.429953649889537 -49.26283771120948 1449.6617352598685 105 96 41
-26.14642438408231 -48.568629875667725 1456.7151710132973 62 72 81
-6.662091624470403 -33.38008938208284 1461.6292966621252 69 54 51
50.555398187175705 3.3753714852377548 1451.6439143286366 109 103 86
42.406809474611165 -3.1730246047595383 1466.9048190823846 145 156 162
-5.8150988462525435 -32.79710042342795 1446.6060296608316 248 249 243
-7.056601297115314 -33.79718773993425 1461.118638560805 138 140 139
46.90216792221033 5.249825749672975 1444.1701868053294 51 53 53
-24.303026983144033 -56.81049921034807 1465.7143357313337 52 51 47
37.68211910139936 -5.45329296085009 1462.3972918156176 108 123 128
-10.431303383616388 -59.115590280250295 1481.7446597717897 45 43 39
-35.656247191553746 -53.14934787423217 1446.3972669127597 41 29 27
12.562180800774735 -22.016274293942132 1449.8103433802871 125 119 87
31.83124019765846 -9.182129117217963 1458.4398746948978 136 147 150
49.362385426981206 1.8997864647754 1452.6593013675754 29 20 20
38.618524470148984 -4.027391650331602 1461.809187364433 170 181 183
63.62358427662334 6.701331044086186 1460.4515530033298 31 34 22
50.67251023064564 -8.830394330589728 1469.8745285077157 24 22 22
-36.12213607699802 -72.85128041567647 1476.3944376684635 14 13 10
-6.786308593576677 -32.370999392214166 1444.8293362179302 50 62 25
-34.54451927519182 -70.07452622659501 1473.8070751176895 57 53 33
-23.33066965702702 -43.40830077453292 1444.025776646863 197 193 182
51.953300173264736 4.775506294092975 1452.7809247508353 117 125 138
-9.792341447757934 -55.75299497274955 1477.1291035996899 173 161 146
-39.565810303027014 -54.24204196319421 1444.0145621602564 50 45 40
49.49929366347824 3.0539271634377836 1459.6568821332755 237 228 221
79.86471698722995 13.60671723280828 1470.020485328635 45 48 54
29.632885392712783 -10.73304947661393 1459.020308172479 123 134 141
-7.930521726294416 -34.434616039711884 1460.8842274854442 166 168 167
40.314147762215406 -2.880082224617543 1459.0897026141572 198 215 224
31.14228626354603 -9.488528962007516 1457.463933178229 138 149 151
85.08923697180427 13.065108677767732 1473.9043496278168 79 80 56
35.386575551645095 -7.0391087099127985 1461.41311991092 132 146 150
89.50359953673222 11.944843486373824 1480.8957902284533 121 120 118
-8.922918372738026 -49.477938230759165 1468.450972446227 65 78 24
59.58644836755912 12.593155885598305 1447.443776254699 136 136 131
-2.0095424880005104 -31.119841077262052 1458.6113985454815 142 145 148
-18.886615979987756 -40.73719670405167 1444.8734073414075 207 203 200
62.94449742276264 15.666756923965037 1446.455908680232 185 186 179
50.0398620570209 7.457574335351982 1444.4495186573847 238 236 231
42.65675358873833 -16.071127593050868 1472.080253784407 180 174 143
-11.789015602884904 -49.20679738598826 1465.5157496613579 72 68 29
-40.16240210125076 -59.798031869030176 1452.7930174734342 154 154 153
33.84674383292308 -7.644197073431256 1457.4170521564772 153 164 166
41.58765259469386 -2.6072566184622885 1463.8323002030454 146 150 158
55.53489386130074 6.100560623096555 1454.662832043948 50 44 40
-7.247125784323483 -32.83430489564789 1445.095102769234 122 114 68
-33.07881004887118 -51.37799429864826 1446.548419225071 105 89 84
29.708852909555837 -10.741378343475253 1459.172961967608 138 151 157
53.390924795950326 6.65804327559862 1455.0705341454911 197 200 201
11.588358093679412 -23.950672994291455 1451.7587098947622 125 114 102
45.5759184104586 1.353602997354812 1449.326723765871 224 224 224
16.69920059138613 -30.46229516206304 1466.8265337697412 43 54 13
93.97676820093584 16.43356692860302 1479.7315191687746 30 69 133
-16.99031049382077 -38.93293657422838 1443.9271142117968 196 193 188
13.32546579319155 -20.23497407357044 1447.6530252576836 98 87 57
0.5574085643032982 -46.59302885409533 1474.6451077892136 194 196 198
51.109895559387056 -9.343075788576654 1471.6601496103203 41 39 40
75.46411653927723 1.6972509511783485 1479.6468893723281 80 77 72
37.7270165815778 -5.229792227147764 1458.9276344678924 145 155 157
72.51797666480019 -0.6328810093006405 1480.2417001758452 26 21 18
56.52825909183698 9.44994417960993 1448.7888036281884 143 127 100
58.79791863774237 -1.8879200797171014 1469.227306146983 193 197 198
-15.630385501827938 -44.40132553896722 1454.6032640673493 36 34 33
36.73798798476803 -6.3316491768051835 1464.129364761832 162 171 177
-9.913989466442125 -39.40526671844938 1461.3137629663756 169 168 169
64.32261896927413 7.822342868655932 1461.0984750414402 41 32 29
23.836543884805184 -27.212553066927878 1469.0047627658012 79 85 41
84.83277124478572 10.00428422209987 1477.8710393154815 197 198 193
14.219154909368926 -20.582052756066545 1462.2518647785298 57 58 62
-7.412606586984793 -34.21616496449453 1447.1631560590413 96 82 65
-10.115671204388851 -55.74029083790303 1476.9288699799351 139 134 128
45.489701564320036 0.598513289763596 1450.3626454956607 55 50 47
11.408202056275453 -22.44857450326866 1462.2757423519247 56 59 64
33.26931762378776 -8.145604919329214 1458.1376786278415 144 158 161
35.38900944527138 -6.481146136837286 1456.695910462806 144 149 153
39.51315003779215 -2.759209588914883 1459.6281209822278 21 25 29
31.24068416114864 -9.742633726919282 1460.0015833985442 142 155 163
58.78628315790242 11.433726418299733 1448.27497494492 196 197 191
53.10220598461595 7.402913365134866 1448.170034901626 166 146 113
-24.905785493053138 -59.70906959769159 1475.084924216872 143 154 148
1.9145515197341623 -28.66618132754179 1448.4603997183208 200 184 168
2.693634423405692 -25.4546447436399 1443.9408430121866 217 210 200
51.907384689321155 -9.354576539524308 1471.2512328881262 138 135 130
-43.267257896566285 -63.53324094533289 1462.2016561277496 17 17 17
23.5297327203764 -28.059434892174497 1469.9692644471256 122 123 110
-22.11257245903892 -45.727493402748095 1455.943849688167 55 63 71
49.02683964524999 1.7589942238657068 1452.5523839421205 206 206 205
39.04066537810944 -1.7433041196639747 1459.8524551966461 181 193 193
3.34424837423547 -25.340684108106725 1444.613551058984 79 67 43
7.0051825453258045 -23.966533611270638 1446.4742652095285 203 203 198
63.726848476778734 13.078263511584689 1450.998693186085 55 60 39
83.28162164746732 11.390935713006932 1473.9862423124937 34 33 28
26.271579830013316 -8.972026356701798 1443.764250656319 177 178 178
68.60447876535729 11.091646352291026 1458.5513691624715 213 209 206
-8.790090206900672 -36.26247850338953 1449.1098855812593 106 97 50
19.315412491248363 -16.103787939179576 1449.0222307719134 26 37 46
58.6502341232327 8.408616495842288 1454.5169600697732 34 35 38
45.68896910688453 -2.43997920462577 1457.0354384414748 147 146 140
21.788502363210487 -18.533483725589846 1454.2448777255395 167 153 137
-9.97675366838126 -39.25093687457525 1461.9812232568052 150 150 150
-15.502912024618313 -60.14288045441593 1477.7827849058904 94 86 88
6.016946182015719 -25.694645400921654 1449.4715881024931 208 204 193
63.4994781686931 13.18582894363551 1450.673304482916 64 63 42
-28.22363765063976 -47.0604363074943 1444.4314965340845 78 67 64
-8.921973652518677 -33.29683363991276 1443.7419486824526 95 95 94
64.62043083760574 16.815398268846085 1446.2657058642476 84 85 89
-26.66195294171643 -48.2183197088453 1448.808570581457 64 49 18
67.89054176866492 13.04204916690407 1454.8209158262218 88 89 91
17.354751914411278 -30.952197084597092 1468.082183670552 53 59 32
17.848187822163993 -32.23287319312117 1470.4591202941 42 47 18
48.60874095355864 6.910042800675493 1443.779893641884 204 195 186
1.283280659149257 -42.858881074253304 1469.8544596378572 41 43 31
-4.219870006881343 -50.8640872973767 1478.1933337183073 225 225 225
32.24431626613363 -8.814300569467784 1457.8464571653537 143 154 158
15.588992208989577 -22.046539356867733 1453.0686983990379 191 204 213
80.31126932476084 19.816744578692006 1458.4547983120788 80 75 50
30.58311131539032 -10.039682640496784 1458.5888649111637 137 140 144
50.92577272490592 4.408406387116515 1450.399343613156 225 219 205
7.99921788865311 -25.53913001348785 1457.7243756268565 139 143 146
7.180422631983272 -26.48810739364565 1450.9567538894428 111 98 83
67.22837051546641 -1.1044646197937786 1475.0124871549424 156 160 161
52.26334273951975 3.8163479342858184 1452.8521457254196 149 148 144
53.04510259453162 2.0617768346113183 1463.7812569777277 120 123 130
-25.193259265585635 -44.59876130259377 1443.990124800882 210 209 204
57.93964344732593 13.20368234745869 1444.521377500581 195 195 195
9.832066764931046 -25.37824672169587 1452.1113124902563 188 184 180
66.61453937812134 10.219982863432469 1458.1850249423057 49 55 21
34.9967660182347 -7.61102043197227 1464.570953929626 144 152 155
-18.916622782587748 -46.25626774337947 1462.0365450125248 40 41 42
67.5383884974328 10.958634428787178 1457.213716979106 205 202 196
48.66436300609188 2.9245010535980556 1450.3083816796675 59 57 19
-8.820059340435101 -53.6234610409338 1474.8637200110306 187 175 163
32.06141424624979 -9.204998055154997 1459.6353848563438 140 154 156
-40.118322882209476 -59.89380573332385 1452.9873873914366 153 154 155
54.73697571523668 4.707130363860959 1454.241034578425 29 25 26
16.565747267861422 -18.304938798761043 1447.981005020969 88 83 52
51.72412099377527 4.748161333950458 1450.6557196043295 67 69 51
-19.1540579890989 -43.39876991375033 1449.274896701539 188 172 139
14.661674233985567 -19.10332050688941 1447.1327451259324 119 91 66
39.890022155398256 -4.487001222167012 1465.2236607183534 161 172 174
-23.310106894732233 -44.79771603582189 1446.6060634670303 91 87 52
51.04475130477531 3.255911857155508 1452.2635592981842 44 40 41
41.99419667419495 -0.1829467696649802 1449.7377154409535 206 219 228
3.245258485057817 -28.321901696791375 1449.4846403157433 202 194 177
-22.47962849295482 -46.701483004132776 1459.1013614192768 111 122 131
-9.26350094826442 -43.40501001153221 1465.5558375609285 81 77 76
39.799191922942036 -3.2846154527726124 1462.7517072155617 175 189 190
-27.310794420185083 -51.70987799558888 1454.5156183254926 50 41 38
-8.59117935682528 -49.61574648756082 1469.2878090540746 82 90 44
15.658762869992861 -18.798510931073515 1447.7234344697576 91 79 54
35.107968875220436 -13.356792189777789 1462.8184085283212 31 31 33
30.730747571609243 -9.967516076071009 1458.854302624364 144 158 159
-19.866958902270596 -46.50104044831463 1453.343384489926 110 111 103
-24.853106046001948 -48.251880881753785 1461.7088000148633 218 208 204
13.289238590094882 -21.582508563322524 1449.8756086185635 104 100 65
21.468253529885967 -15.078556543562724 1448.453076304596 167 150 134
52.48875904026643 4.342520071784837 1452.1423249813192 49 47 42
-28.596990714625413 -48.845081410473966 1447.3053951758736 187 184 175
5.624086802855448 -31.25759312984794 1456.4487099403682 200 171 130
55.71831944834212 9.692272932937069 1447.538315860582 64 64 40
64.92866952396002 8.039977584544664 1461.5403679983779 204 198 187
-11.302308724311029 -34.903545254572634 1443.8183663576388 186 185 182
-46.47462013660183 -85.74448389332079 1484.102408108423 171 152 142
22.41235253297876 -17.882604067281026 1453.8131103823068 85 74 68
-3.361843087279215 -32.33171153531708 1448.4747817436291 121 112 85
0.11142832737565815 -29.83719804981823 1457.9673989779465 148 150 149
61.79090358946876 1.547988928479759 1470.5283783893717 163 163 171
52.850279265212166 4.262035539213995 1454.7403792966595 194 194 194
62.23028819441765 1.6501123763980436 1469.9815746317483 183 188 192
-40.69465431539232 -56.57696417376206 1446.365048149346 51 47 38
49.7629389919403 2.7678640837369843 1457.6444013092932 18 17 18
8.365317362042138 -25.08615270833526 1450.1287332063712 131 119 106
3.280588275533378 -47.8982300453369 1478.8391826477512 90 98 104
50.90395193008217 5.953435316952134 1448.042969846439 99 93 76
-41.024855510403356 -58.66537143152026 1449.94969839456 58 42 34
21.312765386389636 -30.958463303690305 1471.9437543120616 57 60 42
69.74551662272484 10.087995099868088 1461.3936148913558 208 201 192
50.521861411895166 4.843560265613824 1449.5114148501768 107 95 69
23.013713610098904 -27.775053781183864 1468.9264480830532 177 171 158
43.09776368934681 -2.2796042024413077 1452.9941620803331 224 236 242
75.77741225691658 4.316089337738696 1476.2604616234266 12 13 15
-6.612456536648397 -33.94860441479733 1459.5302949451266 172 172 172
79.90531687286826 13.404865268382638 1470.1336143513552 182 188 194
-21.96634328182412 -44.052201356688876 1446.9715710850178 148 138 103
61.95962916901721 16.08085043164472 1444.3789180859906 16 12 8
-23.392110576858208 -56.78533626154465 1465.3578692764424 217 216 212
13.133861418985536 -31.51108368743757 1464.7199884045513 101 85 78
-36.382919638436846 -77.78341519146437 1482.615712029669 49 53 54
52.50306661315633 4.854696161079883 1451.4050770918695 123 116 97
17.429980869322137 -21.227874339416402 1454.9644420142324 43 44 39
-4.895652052154951 -44.009029848499836 1468.450027841183 194 189 189
44.22618845664713 2.4141525408283364 1446.2083674354933 69 71 49
-2.172670880838132 -42.31853472638398 1472.0418973175988 195 172 164
3.2831569532574427 -33.110425435997364 1456.7354325987515 39 35 26
-8.80215734111903 -50.18395978818447 1469.897174904342 184 199 190
62.80444274008267 7.0132059253775525 1458.9867024479045 50 44 32
2.7450460833176065 -30.93460286355891 1453.086374972944 201 183 141
5.645407655300841 -33.75325389078512 1459.8882665017202 121 107 80
49.52378653927783 -11.31508843718077 1475.2399206609446 17 19 14
-6.710865589587737 -37.83488594202553 1459.7774768476145 67 67 66
-10.874627477302713 -57.20390620467256 1478.8439100781811 164 154 149
53.57180688531199 5.306160396686116 1452.0077030663456 187 187 179
56.395016337268586 11.533616846148758 1453.211113179306 82 78 78
15.961540211796047 -19.977038909479468 1450.0749959202233 82 76 67
64.55833095517731 13.008269627281996 1451.9083029246895 180 164 142
-47.15443248365786 -86.2274771664783 1484.0167124826028 42 39 31
40.79464795042104 -3.543616269060819 1464.6266522447004 177 189 189
3.168267245829624 -26.89254365897638 1447.0705136164215 172 159 140
-8.984762059800445 -36.76739703329616 1449.7179910811958 82 76 39
-13.666860459971478 -38.468501740523976 1447.0072246214008 147 136 118
-4.5038244831230605 -32.898379804302195 1448.2764993844735 205 193 161
-1.7329652565681415 -33.6788235865333 1452.651617077042 133 120 111
23.464398384316976 -17.60424313450348 1454.3864870798604 221 209 196
14.970970885033747 -34.34920500413958 1470.8624848782977 180 180 176
-16.676756994579748 -42.55679072422143 1458.035025404355 108 117 125
51.04252510501013 2.57561674771112 1453.3384019482276 20 20 22
80.47769575409565 15.600563224999155 1466.3872936227078 201 201 195
-14.537926461550928 -43.54731050608501 1454.4216864815112 218 225 231
68.06831261243019 -2.62688099158271 1478.2921584838996 112 99 97
33.873518179497175 -20.717695722366923 1469.6918912478902 48 48 27
50.317757717476276 -16.02587196362344 1480.358079679917 77 78 76
34.26211360501047 -7.719952242551382 1461.5551441391858 234 235 236
37.337355717734354 -5.7037497252419955 1461.5395411454003 108 117 124
56.93138629047076 10.890554807776065 1447.106362194516 133 124 100
-10.453720744028427 -53.41176525829839 1473.234257125143 94 96 33
37.98097950162882 -3.1985672905790037 1447.92113750155 115 94 62
-9.090205720365645 -40.0391105317144 1456.433918117618 213 228 235
-14.033421777641648 -36.82078526759299 1443.9059310727555 173 173 172
16.019747994915296 -19.666256818047046 1457.1621985605289 86 90 94
67.37807738520071 12.858281361032882 1454.715071494165 226 222 219
-6.570073832272759 -34.736445943004746 1456.5630352130854 145 145 143
31.14228626354603 -9.488528962007516 1457.463933178229 138 149 151
-4.2636885878244595 -32.0720803100826 1460.6002420839309 140 140 140
56.75900044842583 4.19403205780998 1462.8595662731402 51 53 57
-4.770425582853904 -33.36040527980507 1457.1626205122 129 129 129
25.580884062413848 -24.835974621015335 1467.0968785535542 40 49 32
34.52754184947664 -7.566053823898867 1460.3583930299355 48 52 59
-15.205385982444339 -60.953342769993824 1479.6391628497995 139 135 136
37.252690635945 -5.581089367665514 1459.1001277497076 146 157 158
-17.789135036890617 -53.34503035991682 1465.7405766936201 33 40 11
-27.69791378358405 -63.613035425657046 1470.9290989016024 91 80 81
49.73190496603468 3.543630323708091 1458.0125724891984 199 203 202
54.62782126715086 3.750224057482621 1461.9778266817298 15 19 21
-10.924265946919814 -38.37395938665614 1452.193712007323 47 53 53
51.58129893521068 5.464598046705761 1455.0172442028106 36 37 35
19.204807445333074 -15.725334165661419 1447.1810358813607 150 149 147
-44.00661033436781 -58.79766392683881 1446.4211507865305 125 119 102
-38.962994254790516 -73.95833507026217 1475.0839810222892 51 48 46
12.076678556605739 -22.161177949210362 1460.7206243546923 137 142 146
-20.211399739929824 -44.84063102934177 1457.4710097063098 65 70 77
3.8975650629757483 -32.5662123138086 1456.4511136963563 178 162 126
16.88742605769259 -18.74567020224994 1449.1608187565116 144 131 91
43.16031415462971 0.08472686049242065 1448.4942513300236 82 77 52
-15.989154142544946 -41.68101561450388 1449.9299324082883 131 117 80
79.56682757341952 19.32652111431238 1458.4335964148495 210 210 202
-33.9489200684373 -70.7533295272294 1475.4344363344596 112 105 69
74.5053212201679 3.259605699820038 1478.1578458218216 220 220 220
35.97609524279731 -6.611265753308789 1460.4570247858667 48 55 64
58.89661950976884 -1.025845578531054 1468.3113535277557 190 189 190
-24.032712200600976 -45.751101803294254 1447.4146221110595 92 79 62
30.575986302926907 -9.302985214707016 1455.8652635296044 171 173 173
62.73974982998962 6.571521534997237 1459.8254921465411 34 31 26
32.90843931645028 -8.548680569859545 1459.1377047341125 148 159 161
41.377018536597774 -2.33402568113193 1456.3696902251481 95 106 112
-17.40095338212779 -43.71809882129765 1451.6034236119922 151 141 110
-23.915128673033863 -48.946631809910386 1453.289984468865 20 19 16
14.5283099477159 -17.543917975223557 1444.2394261053666 40 29 28
-12.593675739159917 -37.09269260921231 1449.3294653485164 55 62 73
41.056693195146096 -1.1817763778750443 1450.5500354942444 18 19 20
35.76734316062499 -6.648383840425377 1459.3987047157066 152 163 167
55.71024550417074 7.914763655350879 1450.2674319347548 114 100 71
62.610099510062675 9.241989984576959 1455.5256224095258 111 97 71
-15.135855067285366 -43.76468419742207 1454.0591826062544 64 61 57
-47.50088297894452 -81.52635557617263 1477.1831215644559 39 41 36
15.618123838521125 -19.845032482377842 1449.7771420979007 188 188 186
7.012973314556092 -23.980229589528477 1446.4665560631208 203 203 198
36.493763249949154 -5.664141631737632 1456.2795198826504 131 141 151
59.49291480358883 17.24901309153106 1447.6429234100124 153 152 147
42.76008216045617 -0.5569594064234836 1449.317615254921 165 160 168
-14.486621146852642 -39.72216651064591 1448.1591013898233 180 164 138
17.582296400707282 -30.40735761840914 1467.463957955271 32 40 17
33.344343545081 -8.052027507386358 1457.856831256169 147 158 160
-16.214226912223644 -44.18390651483369 1453.963406297801 24 22 23
50.02611386058836 -10.630529368305309 1474.7254647825662 53 53 48
10.092255391279345 -21.531104420960286 1446.0242708920352 203 203 197
-13.916614283014805 -40.53285846262916 1450.0832270176838 47 47 17
52.09312159437738 9.452742766625803 1443.7714282286902 99 95 89
21.00476417317624 -106.2226153225578 1450.7000793692077 24 25 27
40.024762332514996 -3.907193217248185 1463.8841840122989 175 186 188
14.015006591944115 -19.172958505162626 1446.5904558675827 81 77 41
37.871747273800125 -4.995194190291777 1458.082999290665 146 157 159
-43.534633387099866 -59.69204007987052 1449.0306709787023 119 94 69
-15.400044428337493 -43.596678051940245 1453.436823085161 33 29 25
62.16270708091658 15.259655026104998 1446.178948118133 186 187 181
42.36662309806305 0.9208710707739133 1446.3599254240125 207 204 195
50.97018966762811 3.626184935689426 1451.716750289805 51 53 39
1.0667835121944798 -29.062835397666294 1448.3497639948262 66 59 30
14.615507380329266 -31.394512372408723 1465.9507187877998 221 217 211
3.5940839282518002 -24.547624471814974 1443.7486152700644 52 38 32
20.868809009908905 -13.463900016052607 1445.0475058125987 103 117 73
37.23898124300602 -5.482029071086511 1458.3757605256742 149 159 161
59.28447582818062 11.943692702983371 1448.1582848762366 214 221 223
36.437964319276844 -6.3026761497212425 1462.6941142566225 122 133 139
-25.038326078614155 -45.755314709612 1446.178209320597 109 107 95
45.80099958643898 4.50420267691706 1444.1590491533598 55 56 58
-2.4378621908437066 -30.86316430171797 1460.4974634966468 65 63 62
2.1849387228004855 -41.822687886370666 1471.7893777916513 151 133 122
-8.363730956789192 -35.0036571816429 1459.910898457963 153 153 151
-5.524720916754733 -36.10240488801944 1455.2150900450656 144 154 166
16.019747994915296 -19.666256818047046 1457.1621985605289 86 90 94
34.54289191613657 -7.1593615647030155 1457.4044541257208 155 166 170
53.6909799701459 5.473643332997257 1451.7331081556054 78 76 59
17.333944300625664 -21.412220595632792 1454.7485326628914 19 19 21
69.78510684993961 1.4088613994222243 1476.8584593168712 145 145 147
57.14557695371746 12.556468529330072 1444.566119581808 154 152 145
48.60926995020744 5.567705284144389 1446.12323701788 204 203 190
6.578338850952944 -22.508798674779772 1443.777845900534 88 74 68
16.470529050609468 -16.58332044568913 1445.2300096232482 144 134 122
-7.193154208451699 -35.57995827784014 1449.786660597256 99 83 58
67.1418899360725 8.917148105558486 1460.6626210211552 65 61 59
58.39172141526604 12.1420039126665 1446.7949230454253 22 34 14
-21.494623643135654 -47.62668500820715 1453.4535755735951 29 28 26
55.44343791999233 6.605112009027946 1451.9821973964722 166 166 158
-24.728093598821737 -47.27627595487179 1449.4724145748442 80 76 28
1.3786695602491914 -28.340462045321058 1447.369031491893 145 124 103
59.351194485140454 7.858214452269794 1454.4497187029683 21 17 16
31.961977542615823 -6.300668921940624 1446.1337892766285 63 52 28
-38.37517598281297 -73.47970340795986 1475.1689590513645 101 82 73
82.99286471339757 11.859524508665933 1473.0724824030754 140 136 134
-25.98258114905695 -46.73930317206625 1446.9768876115174 180 163 144
38.48917985780441 -4.862381495331389 1459.9568249181887 117 127 129
61.6925996367619 10.143371958139415 1453.1944696254682 120 105 77
34.79966823868576 -7.415980109786955 1461.711616021357 103 116 125
-43.60274027638186 -57.552004378750816 1444.3793131640907 59 60 62
-9.619420439404111 -35.164852622539634 1446.1494197446073 133 122 100
58.18817317380915 -8.39556916648944 1476.42361433589 178 179 176
80.22341408662423 12.636936539564894 1468.9641193867778 110 110 108
-9.320012387414415 -42.998090692500945 1465.3113083865994 57 57 55
38.26238199817261 -4.560524796614345 1457.0903892021222 138 147 152
40.16033117739215 -4.705264820756492 1466.8119477083585 145 159 162
87.27931500187354 10.238912549232687 1480.272976751512 157 158 153
87.554234002819 14.837588051286373 1474.1642191891078 50 52 35
-12.094040958378647 -46.10746111342455 1462.3356562131357 142 143 145
-6.177145564258915 -36.43933173811995 1452.2531314777416 104 89 66
51.10219591037894 3.398981957302457 1452.1747134334948 157 156 154
5.696403936964225 -33.5560594660269 1460.565255946462 80 76 73
-0.2463780885289884 -30.60102530821183 1456.1319199224165 167 165 165
-19.446729756320607 -43.5036271220325 1449.0823878955996 110 103 59
55.090392046625446 11.123163252167215 1444.1560716574413 49 49 51
14.08050879190451 -19.000066062782334 1446.3650582144917 176 150 123
52.152374223903266 -9.436766042209314 1472.026977534203 54 50 44
49.80937546567659 4.344081348887819 1455.046925701153 69 67 70
17.89102226111675 -16.94737373069508 1447.2776998448062 217 212 206
-21.313499935381458 -43.699340495737836 1447.0702396216275 91 79 53
39.12906790778468 -1.6040072944082375 1459.8075192261704 130 140 148
-43.36950722029485 -58.344846924149856 1446.3728253982629 80 78 64
-5.155313867069871 -31.444826744277176 1445.0587535675986 96 93 46
47.639863139547565 5.769294528592948 1444.4584111260344 234 231 222
-11.67051497269442 -40.492271040608564 1461.4533649122613 90 92 91
52.50458901061197 4.481835028318814 1451.835018680702 68 67 54
-9.104141685136456 -42.22351754897614 1465.5308479110006 108 107 105
-2.057758259238677 -29.013574802707023 1444.4540426547983 231 220 203
29.504787495695986 -10.84073769983529 1458.8925764848634 131 137 142
38.362163686652146 -4.527441576163468 1450.4903764395954 177 154 120
56.18259560931509 8.920306196144718 1449.156149165512 113 99 72
-21.961490926769738 -44.657513518767466 1448.1478566519045 188 174 140
39.85177777604511 -4.771160848274043 1466.222650128052 148 159 161
34.499936820410916 -7.591096808041555 1461.5803878435022 122 129 133
-11.679461282655534 -43.799129242344186 1457.4946098804667 215 198 169
61.97678332854499 7.926549995472343 1456.9306073269452 45 50 34
51.60578935470336 -8.991613615485969 1470.3798019757667 100 98 96
68.48858561581973 3.3422351083000406 1475.2672623622066 199 203 207
-18.84413696013593 -41.70698107283938 1446.5788237118722 136 128 113
41.8010189666172 -3.3824736434765637 1466.182594575615 132 141 145
44.00424770738455 -1.448433938976266 1451.6351546158676 211 202 193
-14.481514220457496 -43.82257574774959 1454.7723488990064 167 170 166
-7.866151686748486 -37.963686589854895 1461.5373007981198 99 96 97
37.40283840769267 -6.236458962538461 1465.5506738337085 153 164 166
50.73240274341823 6.255242663028432 1447.4162491489549 104 102 74
37.86266963032828 -5.754494472988939 1464.8185155399553 161 172 176
10.312667925650336 -26.129774382687078 1455.3558383383008 92 84 82
-52.21965483631161 -74.75471180847688 1474.0951087741012 129 124 121
83.33783805236902 22.517117591595323 1459.0092965629385 71 66 45
16.56061434350087 -18.295028492623906 1447.9807847335442 88 83 52
27.26674463811198 -12.45057844307306 1459.606580975367 124 137 145
-32.48046576979815 -62.84373242284863 1469.5815916982785 33 33 31
-22.930440737303993 -43.41997287938666 1444.5220164771854 205 202 194
5.629758501495516 -23.24179885161187 1443.8699702551153 222 220 216
38.60654845538254 -5.766524154757557 1467.0455330901023 43 48 52
4.053075737655581 -32.36459958605332 1456.3467195273684 219 201 167
55.56513339142817 -5.646433524580666 1469.5230605319182 56 59 39
2.5961674126752414 -28.30151127433036 1448.6332784658182 71 67 53
12.176182135158701 -21.924037700795335 1449.0769176755896 98 91 56
58.80722382333438 11.418386508854345 1448.2685945031585 196 197 191
57.62279111853618 12.978778950174881 1444.4921936863952 222 222 220
-22.832987062175583 -47.13825831470655 1451.3538653403373 72 76 48
6.919171825058404 -26.13686680406801 1459.6529631338517 133 138 142
71.03368041788039 -1.7530657735037511 1480.432618910343 124 123 124
52.342863034340844 9.235027189489484 1444.4864162387714 237 232 226
-12.227770443285403 -40.924892447353955 1453.1217001183036 40 36 29
37.869094802664655 -5.960274240209371 1465.6789589803043 147 160 167
-40.91625936417011 -56.76917272769006 1446.4442501588153 77 69 52
-6.7639231905934025 -45.77688889286142 1470.4688009753922 69 62 55
-4.770425582853904 -33.36040527980507 1457.1626205122 129 129 129
39.26062444576721 -4.648351430349593 1464.1625484405502 90 103 111
0.1496233097091342 -28.802377325056554 1461.411876335723 103 103 103
50.56530247307277 3.1915304390939863 1451.9954299658757 170 168 162
-10.799391292231714 -40.00162847098 1461.317168183066 167 169 168
12.108817133286816 -21.969792846521678 1449.1723062652093 186 173 143
-35.01739856385487 -52.46887808172092 1446.7586481939284 166 156 135
70.21179380008302 3.2633745059393946 1474.3031908856567 29 29 28
31.631925732851776 -9.070734778102944 1456.88610689331 140 154 155
35.327005376601086 -7.591177414429158 1465.5548656841527 160 170 172
82.92848828908443 16.550275715489544 1466.2088967869927 102 95 50
39.22714115560943 -2.0015228113893833 1460.4295362873625 179 189 190
1.6737519953722293 -26.392274961763214 1444.0192387780814 213 207 197
34.205725051662924 -7.500110716979244 1458.1204296410192 160 171 173
-26.735753012775977 -48.97092901881235 1450.035057734104 172 153 113
-9.877579062672964 -35.33536179873585 1446.1847270575379 95 87 58
6.707034585010818 -24.44089550027285 1446.9063186518363 109 96 87
48.533693410726684 0.7295897488801563 1455.8176731489707 137 135 129
8.268527531234684 -21.885407573464118 1444.6049420919041 194 190 178
78.83516017606478 21.65832150496316 1454.3685707374761 201 197 186
18.983940842131837 -15.593608250486358 1446.359565455826 199 195 187
63.955426954485105 -4.947752882993514 1477.2993486376477 50 46 45
66.49351967220335 14.777439718729111 1450.9827427193418 205 194 188
83.07934148173702 16.456678210110052 1467.4096389226463 113 112 93
-11.892346171386363 -56.574047193247594 1476.4286999753174 204 199 200
-16.375989409105205 -44.13654292290279 1453.2883382315022 125 110 98
15.077288281700852 -31.250396906479242 1466.3205608784813 223 214 208
-16.608812059829035 -40.71266954526296 1447.6541605477432 126 105 64
-14.268516056470308 -38.55208778052967 1446.5189611079943 139 130 108
-15.035678633912896 -38.92858929159875 1446.241371026963 96 84 69
-14.856882268279573 -37.72421346064426 1444.0442071458187 122 119 112
58.67251116802598 7.630175280480268 1454.0488444764014 31 27 28
29.813017100849283 -10.688690545621082 1459.3258288527297 139 152 158
7.039530427909433 -22.17230526335212 1443.7769731483097 89 72 65
26.277548061221722 -27.094438964356726 1471.273977717804 43 48 23
11.790402031314066 -22.08567418329573 1449.021768950532 187 178 145
41.57008366200859 -1.7422177661062193 1462.2508616093278 72 77 83
40.282964540174 -4.548065100754048 1466.5025712786248 149 160 164
61.81233138463944 5.121174364030641 1461.3859155951448 89 89 87
-8.096656566090942 -35.040439220549715 1459.173197851306 141 142 144
43.33843269806524 -3.8202352935182513 1455.536468657157 78 77 73
64.59467463921212 9.549206978301326 1457.038574245542 191 172 147
20.995986429857748 -31.936909481653913 1473.0028619545383 161 159 146
-7.253126187004228 -33.74408975463161 1446.4644020766361 162 154 134
-16.780472477772303 -44.15034515411028 1452.8867245915144 161 162 160
37.91191994381012 -6.02604830497077 1465.9754477848574 141 148 155
-26.02976776811626 -49.42735466974682 1460.7820500493028 10 14 17
-36.87868528059741 -57.17011917217184 1457.7457902008368 175 172 167
-2.212639416855007 -32.487813130596756 1450.2482304389741 179 171 154
-11.519333827217958 -57.44338333679732 1477.808319022159 200 202 196
-6.786308593576677 -32.370999392214166 1444.8293362179302 50 62 25
37.31557745296577 -5.69123537155619 1460.0869027727786 146 160 161
47.31728654815447 4.598689124924214 1446.1848244285866 93 88 67
-19.97792456188669 -44.089496197190336 1449.4566525391683 152 139 119
38.40531800560349 -5.208887314023064 1464.1278610135075 160 169 174
66.46445904956727 8.351567023273171 1460.767022629575 63 58 54
53.63372828060404 5.026957647351083 1452.379476699367 81 85 84
-26.15092523281499 -65.45396396004502 1475.158608631848 91 90 90
52.65558165459437 -10.845136395440965 1474.4327273000733 97 93 94
52.20219537085497 3.8612842412151145 1452.6151613954182 154 155 150
1.918965616106865 -41.49426884850868 1467.8140182289267 53 43 14
-4.264979537400473 -30.396603837501406 1444.2967341306608 42 32 26
52.48875904026643 4.342520071784837 1452.1423249813192 49 47 42
41.22413279661585 -4.012213454314051 1467.109071040074 132 143 149
51.743744954209845 -10.70839921261698 1473.949568749585 128 128 123
21.881841084188398 -15.82712240799701 1450.101730705077 196 187 178
15.596308735328288 -22.07526362783923 1453.0654561622787 191 201 207
51.1023852802665 3.3989131940674313 1452.1733309157125 157 156 154
19.469222837187996 -15.96747768549282 1448.9788471056615 29 33 44
53.510813465485846 6.085196511601264 1450.5480694119083 97 85 61
-10.512786285841033 -35.76841523300172 1446.1324396500017 120 103 86
52.52804245702214 4.288397051408478 1452.2822053188916 37 35 33
79.47904869922829 17.08319632305541 1461.4912136398762 105 106 101
60.44800446686643 0.6038631800908194 1468.8150969892179 65 62 61
37.07048221122783 -5.837295596431801 1463.042705541421 55 64 73
8.575448142793952 -22.641755700313226 1446.1121185388326 120 108 87
11.943724163512043 -23.478899946466186 1456.2803127505113 90 90 101
16.12071726215368 -21.63926445204699 1453.4022864384478 59 60 62
-33.49665867180254 -52.59403007344001 1448.528104093183 75 61 56
13.959377167846156 -19.190844538842565 1446.5756141595805 62 72 37
49.53312041468086 3.9386090487794867 1449.6826803852848 153 144 110
2.341770075139192 -41.55504480067536 1468.5317638510082 156 129 103
81.6466432115245 20.430913588894725 1459.373686586818 149 134 103
73.29050144627277 5.083626782299341 1472.1051718709532 194 185 182
-19.536202866004214 -41.233978175101754 1445.0741646131116 94 85 80
56.50403345529672 12.133729456301975 1444.1692469331088 69 70 70
34.695959524383255 -6.918510972712125 1456.5613521322075 153 162 167
-39.58588858642409 -55.807112163161115 1446.354746047982 80 76 71
55.27368307349261 10.259452543371172 1446.207470159736 80 79 60
38.356601876609275 -4.987394636672033 1462.8503886591486 121 132 138
-43.29802738388003 -57.6521695618098 1445.1842247823768 148 147 142
36.793762676185096 -6.138560753181326 1463.3667034734788 54 63 70
-47.67550511211151 -81.07375829668301 1476.7995773853045 32 34 29
-26.071711663284905 -47.96266339028461 1455.138371766165 84 95 100
-16.092969600654726 -42.01213789800507 1450.5102557402795 191 172 141
-6.089931522989834 -33.78923780465186 1458.9015654347152 180 180 180
-39.80089083785686 -77.45433938286001 1478.9467082217 109 107 108
-4.3025830557017875 -32.562105941445026 1447.8166763325971 134 117 99
7.703506099568999 -27.061799197607787 1452.5272697418523 88 73 70
-11.517120838229761 -35.89614082625655 1445.1904375975932 213 211 199
69.76074351954956 10.377092521926727 1461.0397849007536 75 75 77
-25.39191225753233 -47.089516242815534 1448.2800705700486 203 185 146
-8.443534794283867 -38.40182966040876 1461.4223231160795 149 149 149
-7.591554674577861 -53.380842651095904 1478.2702515361425 173 157 140
16.742784419397843 -17.652131242662303 1447.2444866601136 63 63 34
-9.523600786116669 -35.48329553047519 1446.8764731699828 112 107 67
49.83397863973744 2.82232890090192 1457.7339762496224 192 194 191
35.9018616214736 -6.679259947021369 1461.7053637397028 127 139 147
83.71291063521984 10.180038421660848 1476.410394954859 100 100 103
51.6305465705862 3.897175867547213 1452.1033868501752 171 168 161
34.019925364402376 -7.7620939641359685 1458.983115952005 159 170 170
-12.631464328722135 -37.446222391852274 1449.307586009153 10 10 8
-55.50667985159967 -82.09741167188803 1469.8214005145114 63 61 44
-49.64678448093029 -60.4065364462318 1456.6764640396227 145 141 134
10.516373534992358 -23.006615694594522 1448.9660160174167 232 219 203
-3.7438037347203235 -35.24151114904656 1454.2437476596745 14 26 14
41.74167031309298 -1.6667596079905194 1462.1348953174388 153 161 164
10.6957166981836 -26.491324321524754 1454.902472191005 37 25 25
2.368673178402599 -28.416151022198836 1448.5401794177433 71 66 48
14.471324722081652 -23.96815263432682 1454.9289029187958 26 18 16
-25.620218159229687 -47.58072700501116 1448.8928226454282 175 159 134
35.61363811150982 -6.562128846391787 1458.2488329889393 151 160 163
5.355708876294793 -23.366003965015302 1443.7826107600324 98 84 79
-4.889463684163995 -51.17784980804525 1478.4170808752767 203 203 203
40.277433239953545 -3.074262660662422 1456.2169796361898 71 80 87
41.848698903988975 -2.2748177922150346 1452.714306052663 240 248 250
59.15763947446612 11.886751076594791 1448.0331302430216 32 29 28
52.19496311079238 9.44943424703696 1443.828954231063 204 202 193
35.01200129129419 -7.292899652334554 1463.107913508602 27 34 42
82.96070539194402 17.44561791998531 1465.1913838250682 151 140 105
-0.8323806662136234 -28.136577609703192 1444.437525540403 223 209 193
37.17081495686941 -4.304342555732946 1448.8270325073038 95 69 32
44.53943510898111 -2.2249544235546663 1453.4771729450874 217 209 200
-4.759986834341739 -32.34689530023771 1460.7358371568178 159 159 157
-26.651810700103074 -46.00599187501797 1444.2927541733206 63 59 58
-35.284217464564406 -51.38112444582367 1443.9791642410771 153 152 147
-1.0659341161919529 -31.052814282212843 1456.488525318859 146 146 144
21.931725151173126 -12.13763533208969 1443.9640105323913 66 34 13
48.06729563633352 5.112998043774675 1446.0701537321631 212 210 199
-17.790646061094858 -42.99212726818479 1450.1087561275394 137 129 82
-34.03285779539667 -70.12256256354041 1474.3930426343134 89 86 68
63.56627107799522 6.518925915836123 1460.6454224441775 110 110 102
-23.60851148936692 -45.02655713220577 1446.5816851494799 115 98 78
7.021492656939664 -26.085335119608143 1450.1100716570288 128 109 96
34.94623925514799 -8.307492742462559 1468.7771003852154 228 217 214
-2.8355558921470534 -31.04380879154372 1461.7948568225086 224 219 216
-49.42307155047977 -59.053702280938666 1446.533246526845 167 174 177
32.81586533338803 -8.30594488325788 1457.1558055829837 153 167 169
-33.67838172513176 -52.10919519134258 1447.265768193299 176 177 169
-5.233111720310818 -33.06353417089162 1459.4347082267873 89 88 86
5.30452081761244 -34.0305828085834 1460.232345985978 12 7 6
-21.32263831545302 -47.642068724302796 1454.5698168362755 30 32 31
42.945497248868826 -2.490132087203303 1465.6087970073256 128 136 142
-16.869375283808186 -44.21214386573803 1452.8254030434548 55 49 45
32.22613329335846 -8.786927541000775 1457.5733666155688 153 163 166
4.466863436623347 -27.327649202667825 1449.2824792065956 75 80 60
-16.237383211675184 -40.715296016135504 1447.856980785854 134 117 99
31.893500391524274 -9.331106746340819 1459.755466918898 139 152 155
39.98001195600066 -0.9439336515486585 1446.6643454172734 122 116 116
-18.355011898113947 -45.53039244128257 1452.750510334695 58 58 40
-22.77371397062001 -43.36999436400758 1444.6201764324258 99 100 100
-43.231022521245976 -61.9185333834912 1452.8973813219436 21 20 18
66.47129508125495 10.140247995345128 1458.1994885623717 47 54 22
-2.9410171524814372 -34.67932731540861 1453.5412673515273 105 107 107
-22.14566365444818 -43.89516813121059 1446.4053272569925 92 80 63
56.25384475407709 10.604370000508595 1446.6799389423163 73 73 47
66.80542251556078 8.900739670155804 1460.3728757971342 57 75 27
-8.643019715440838 -35.21072790958841 1447.616376829466 118 99 66
5.861356964583375 -31.326348078277185 1456.7981573245363 70 59 40
-14.153612305766853 -37.21590690007724 1444.3076665277265 106 92 79
-46.31071418919185 -83.6753647926026 1482.275996614617 174 164 161
3.3700696001498094 -25.185003501891163 1444.428995187578 149 146 139
34.02568787488968 -7.71775572236973 1458.6397844218222 76 85 92
-4.018591049584951 -35.373855693893574 1454.926822464073 23 34 18
-11.463310726779278 -57.27613020296476 1477.7804825406863 201 197 198
46.350383328504776 -0.9059457643251498 1453.7459708557753 22 19 22
64.50771836835162 12.752728913121011 1452.2924664290792 77 72 55
52.986917684602496 6.511137093472051 1449.3514129960176 88 76 39
56.769968939541705 7.349289785787145 1452.3687585036566 112 112 110
33.13009721895172 -8.164406223306884 1457.6999920923731 127 138 142
-23.999046276340998 -47.745266721707715 1451.148713050895 51 50 44
83.31442692973397 12.024178413412477 1473.5984822983814 211 202 197
-16.098190732316493 -59.358402213575225 1476.319954000995 159 159 158
49.45208292622995 2.9804460585214008 1451.0251465001018 157 147 113
55.625600631049764 6.713855735969211 1451.9562059067189 178 180 178
85.0036788630399 9.600968880636085 1478.4769023299627 106 99 92
-5.397617599833521 -32.76069294631222 1460.8704400723118 180 185 188
-9.370886648332656 -36.15914081365611 1448.194421493659 133 119 85
-15.790879050322497 -59.31738072306087 1476.6877474708072 50 45 42
-32.38916988189498 -50.15607535642389 1445.1612636778816 81 80 75
15.57464433792704 -20.164349840414655 1449.9582031827447 196 197 195
-17.071227045256197 -39.47207597474744 1444.7720017920567 205 199 193
14.563344641720242 -18.99210977304016 1446.8528983237102 108 109 78
6.292206684769636 -25.370542616209757 1447.9970344765843 134 121 112
-1.9034235309022365 -29.852223267496075 1446.0327970227274 211 206 195
-19.1575716380268 -47.8283124014582 1464.0591140847391 14 14 17
64.46973902733163 -6.411978367871541 1479.8255083354773 150 138 130
0.7737029557097693 -28.956605519968527 1447.769371206879 183 179 167
52.969016873166176 7.158860463134687 1448.3322367971193 94 79 39
-27.632585876497725 -47.73594049790576 1446.7285552035405 51 50 21
63.79076139590555 9.71873139613977 1456.1270307161246 110 95 67
-34.55331817527302 -50.501409160349816 1445.7772884599447 211 223 231
21.345265918183802 -14.900599290853538 1447.9898635280267 125 107 90
57.018671961313906 4.124681644095298 1463.0259999361863 26 27 32
13.428414126264007 -19.847047769437143 1446.965794708224 190 170 141
90.37983986936698 17.17025063726518 1475.4001415048667 137 140 143
39.71184039580737 -5.080109519674144 1467.0657828374679 25 29 32
63.55701053967012 7.183751499263573 1459.5843969188315 66 59 48
49.26586563052112 3.762425446627457 1458.7384205363064 240 237 230
48.462527720945225 1.7816513206324085 1452.4029331055 55 49 49
39.979162648877505 -4.500812464803054 1465.5084650263839 156 165 170
32.58582910076112 -19.75379167146226 1466.981301364859 43 31 14
37.143141684765524 -5.6680816259892675 1459.0242748480407 75 81 87
59.31414097171946 1.601127411189758 1454.6143661968083 121 124 132
-6.9592943682873845 -32.395427389660426 1444.2141232987108 88 73 63
49.469018481852075 7.082821698949702 1444.5465428613713 152 151 142
-7.0413036053027165 -50.176523409009945 1473.6790102688074 63 54 49
35.42471214525657 -7.001717084595148 1462.275772238055 131 144 145
51.83809220714325 5.517130368575849 1455.0099259012693 24 28 27
-2.091122433610522 -29.055420394993575 1444.5630404210847 121 107 77
-8.225939564915857 -32.8346132384555 1443.8303022617079 216 211 205
-5.397617599833521 -32.76069294631222 1460.8704400723118 180 185 188
38.09856331926971 -4.684182512345275 1457.0885657631457 146 156 158
48.22257775476445 5.214241260698549 1446.1612757409637 83 87 62
-34.506891461197675 -54.89700672015827 1456.1454003086976 204 204 204
38.15386260866261 -6.795902982495622 1455.6792439625508 136 136 138
66.75284266494387 -1.830040480666845 1475.6768189800257 46 40 39
61.48143551781657 -0.9943609792768381 1470.6204272094478 29 31 17
-14.000162945862257 -58.35034425091224 1477.1112056370987 114 108 108
41.018537729643576 -2.5666843574283313 1463.4937856648007 165 178 182
56.19565284037915 10.963773642883416 1446.1365889261829 207 204 193
3.118871862646892 -30.755699636878017 1453.15353542333 89 95 42
-35.37945447128657 -51.846457065431814 1444.628336134058 166 168 164
41.056693195146096 -1.1817763778750443 1450.5500354942444 18 19 20
68.8332176073916 10.093738929234572 1460.5589057092664 71 70 67
4.85840940308049 -31.885915230202666 1456.4781250539988 85 75 23
33.18838035661718 -8.290061423743936 1458.7141968554708 149 159 162
-3.0534333253298582 -31.809257732464083 1458.6249020957573 140 141 143
42.94402473014853 -2.3217621853864343 1465.0141016674313 161 172 176
43.16476788907625 -2.320096902474328 1465.7222371914968 162 177 180
-17.467309061220085 -44.714826803945904 1453.005991169257 24 23 21
74.40840734553406 3.2242624242288476 1476.9413037783675 62 61 59
80.87557794765353 15.059898646383603 1465.8678942007218 66 64 65
38.19204804997299 -5.107608584662243 1462.8252557054848 129 138 143
-26.800474374060542 -47.25105936981015 1446.7883422078323 151 131 113
84.05225765785707 9.952037900991755 1477.1502347989706 187 185 185
32.664344980659145 -8.382152271819926 1457.010195752937 144 155 159
57.11228671011901 7.763640401762972 1451.9829252937097 165 162 158
29.054065430710605 -7.292452859638482 1444.4590934639023 169 167 168
32.98336985336935 -8.323453047941069 1458.0057538551468 145 159 162
-26.06890387284756 -50.28986396493256 1452.8710046025049 37 38 38
-28.378485612615048 -49.16839492602223 1448.114703107462 188 183 176
14.073751066220124 -31.861687740444264 1466.012905013199 115 101 90
-29.969543254617857 -53.94654595512871 1454.6885382467337 65 65 62
-28.961830812812977 -65.42333654208811 1472.7475223585084 173 179 182
54.5677805103319 8.999555203655868 1447.2881556340633 103 96 70
47.06419229076251 1.7878675010702254 1450.2323940376828 106 102 64
-6.170500251176265 -33.10453199603081 1461.5337253819362 157 163 164
80.53011279669545 20.333576089889558 1458.2564231447357 166 152 126
66.20485323437568 -2.480638339021361 1476.061214469342 59 51 49
-8.629063198758738 -34.7972448179494 1446.8081738987087 178 162 130
85.30727614910867 13.589836485489858 1473.3543693522583 154 140 101
-3.406516160225709 -31.022583430382497 1446.4087193354653 178 159 125
-3.002488246806811 -30.93991793982585 1461.6031773289492 77 68 64
34.16172241290733 -17.021059333419824 1464.7543695608676 171 167 164
-34.1187862659843 -52.00783705893881 1446.5613657951462 26 17 14
-1.4115048224048452 -30.52643821790119 1459.212271667755 145 145 145
-28.110097631631476 -62.96715648871995 1469.5813193417448 102 101 99
57.99157867319414 7.177836740174357 1454.4001167334861 116 106 96
-12.986925722647966 -45.25585136547858 1458.3897129520767 107 99 74
87.8374176582936 20.69892021784276 1471.802183858218 86 85 85
57.04383473362046 14.416821959074074 1452.6351414073076 127 129 129
54.52083129569723 -2.252326240497721 1468.552695020682 98 97 102
29.706979257336293 -10.797869231697351 1459.5943645613856 147 162 165
13.205940091683381 -19.440094800515933 1446.1451696302265 102 97 67
32.625604687743596 -8.602479314782078 1458.2694473745464 153 163 167
39.775720005784116 -4.8802640667597155 1466.5080472083685 149 162 163
36.818986933448976 -6.744824097195301 1466.1157942896236 144 158 161
3.5795814351894832 -30.451909789090756 1453.3123470455741 93 89 57
40.16033117739215 -4.705264820756492 1466.8119477083585 145 159 162
87.01305662889546 15.032066192234781 1476.096511067151 208 123 137
-29.97980689247397 -50.83835690138773 1455.9997184503823 96 103 109
2.962503847572388 -29.393838364270092 1451.0080822445975 193 167 131
48.8785085796286 1.903208316784411 1452.5483561434048 184 180 170
46.311172742652666 -0.2637555600110004 1452.9234927679192 31 31 31
52.860299495679364 8.60324524583769 1446.123707069823 217 215 202
46.33952703994769 1.8002615977093703 1449.534333660302 188 187 182
-46.61589511448849 -59.871171138167185 1445.168936379352 174 171 163
18.94000310517857 -16.39761884226944 1447.708121438366 78 67 63
46.45582758147298 0.11205173562750101 1452.1286460996864 54 48 46
63.52678649800548 7.27828993965499 1459.426288153473 112 100 76
31.237669917416262 -9.7550316494858 1459.5985310920157 133 146 155
-11.64646261674987 -57.78741240221453 1478.7190000011992 73 63 64
22.42326560219842 -18.348964900305788 1454.5843515112042 77 57 45
41.40404202005627 -3.2706304417602294 1465.0000992663884 68 72 81
-9.872626049038919 -34.36763704582227 1444.4862314480358 167 153 135
85.26368812688149 15.01190357889644 1471.0927002282417 46 51 18
-13.125215272334353 -37.58758611075335 1446.2122350155732 139 129 109
-2.4042700613541794 -30.624182120640373 1461.1941855134264 148 150 149
-7.034762899617226 -32.40494342938281 1444.4672153637093 217 208 198
37.133670943618114 -6.037831752076626 1464.0019637580579 166 177 180
85.76535640467937 15.973603299062676 1470.7773379423227 113 98 55
68.09951250017386 3.9433040986690835 1473.9758232076092 204 209 213
-22.01695541232587 -44.42193800900998 1447.599120927042 176 163 146
-15.85683769465665 -60.04896636349681 1477.8306886595096 152 151 149
43.40214541606472 1.57659811330311 1446.6211280396974 165 163 143
3.92586666212013 -31.054620412735947 1454.4603548509717 124 103 52
23.68659533596778 -28.42195993265602 1470.7112785414827 35 49 19
47.71144570428653 -9.757887471673214 1465.579460832463 51 53 54
-12.15980421787208 -57.92778939443828 1478.1813499685911 178 171 153
-39.30624952567433 -55.59272746778801 1446.342837323583 84 77 69
-44.937442284938335 -60.06526950066801 1447.5262402977073 133 127 97
11.33696964836068 -22.515266850263533 1462.3482570605674 163 164 166
-36.135874568962976 -73.75010589870026 1477.456790845335 72 66 43
62.58071917806233 16.41480081110714 1444.7239611128043 188 188 183
-0.07498707099091541 -28.91670264307781 1461.4776097854624 146 146 148
36.87051594115515 -6.924695132947256 1466.98076615607 145 158 164
-42.054311050012274 -56.36743855409462 1444.1131187811109 161 163 158
-8.689063797835031 -34.71351019910293 1462.0511030849816 209 208 200
48.717453707301416 1.745658852828834 1452.1824839931326 29 28 26
-15.724473928415179 -43.73764591248481 1453.2861634030005 189 194 195
52.850279265212166 4.262035539213995 1454.7403792966595 194 194 194
44.88348850930987 3.875861788015081 1444.1376114353898 74 77 79
65.18509166155013 10.57372250088562 1456.196260935339 54 57 35
67.04184076131706 10.007229755627973 1458.968508544718 199 199 191
-23.257613094507906 -47.10307795487769 1458.6906369560743 125 134 141
-25.85038721342079 -47.585949374769804 1448.7174843748116 170 157 124
-9.232328425052494 -43.420585661890996 1465.569971623095 67 63 62
61.67760139157276 7.952610940642336 1456.744828233342 140 142 134
5.474253357547845 -23.374809382523654 1443.876071713298 201 200 196
-13.864538574876878 -60.17409462445872 1479.3802163932069 193 193 183
-20.863180630036723 -41.9188976382203 1445.2798060493676 202 205 202
18.905608595956803 -29.70689571712301 1467.871279429252 39 43 20
-10.974593425683782 -55.85220280491716 1476.0513279892948 91 84 82
39.892266223563375 -4.2408169165005845 1464.2556378888257 153 166 169
-6.880560959306078 -36.28504057210094 1451.5933588693194 62 60 35
-30.78710118434191 -49.108629992942134 1445.2137478455857 93 90 84
36.94604221435756 -5.8699068873961835 1461.0789598878525 125 136 140
-0.7721010356855994 -30.527433757255682 1457.7374730163174 152 152 152
-1.887751112210841 -30.466941353812338 1461.8090087418213 235 234 229
46.84660519873957 1.7252201253201132 1450.163833636614 221 219 206
42.8735015175399 -1.1783798492661535 1452.2672231773565 10 15 14
3.6961436769596743 -31.874723795614507 1455.4453436010917 185 167 121
-30.46478291156049 -51.59017949149904 1449.8930968061707 77 77 75
18.369001041109055 -36.00973976310128 1476.4377352285824 95 90 87
22.369449376359913 -17.315385956723937 1452.9158351519309 202 196 185
-6.687168896406916 -36.946460975827335 1452.4514048264434 162 147 121
-9.315667647458989 -42.68662276667701 1465.0789851389432 74 70 69
23.718608502626793 -28.85300543950714 1471.2497288184973 51 58 42
-13.75499663559577 -38.13315345943341 1446.5038287910684 79 81 67
-23.57115638827089 -45.15595265867896 1446.989276149948 115 102 64
-41.71299927513722 -57.20427155158104 1446.1134221103066 173 175 172
31.734712949917977 -6.778719101188805 1446.6158568450007 65 56 27
-5.404876262385775 -35.98457800425419 1454.9590259655854 7 18 6
41.28488187670999 -1.0594387483980625 1460.7089201688707 174 185 189
35.70324799374058 -6.796223571783719 1459.9657405550224 139 150 154
-6.351449826924096 -31.621717161880333 1443.8707362577231 211 207 198
45.959760053099636 -0.04929956641782179 1451.5676932546796 65 62 43
-10.858812897518765 -50.7532379368133 1468.7016130081956 78 83 29
74.85671537194176 3.8549401106884753 1477.5204591867935 45 49 58
56.03320117824603 11.640538656896762 1452.8919179170873 33 31 31
-11.689561265914085 -36.0049560154326 1445.1229713010403 74 65 57
3.8346591576146145 -31.19214754269634 1454.5567052644672 222 196 158
44.62358211634996 -2.241483413850045 1455.8085987639522 154 223 188
35.70959133492707 -6.493969838929988 1458.1831918383698 55 62 70
51.823087703315885 3.5715259376655815 1453.256340371291 138 137 133
75.17318568389193 4.530409777199453 1476.7143151792593 188 197 204
-11.95580081043714 -38.3235105712007 1451.6601195283697 144 153 154
36.09033714159436 -6.543834927423648 1461.6961716681985 125 137 143
4.548020681525321 -31.369975392116665 1455.5037027198073 84 81 41
35.91361036517085 -6.434634433286971 1458.679304739483 149 159 160
22.374197314841567 -11.89371153253136 1443.986907993029 52 24 8
10.73627433141549 -23.31817748215344 1456.3069079457846 87 92 101
67.65771362437376 -2.856749932833315 1478.260530185424 80 68 66
-4.508050160956519 -50.43407150793144 1477.816803673926 162 167 171
49.729265196018694 3.353995901037431 1459.5266996577125 227 204 192
52.968432393546564 6.117232004421991 1449.879445625399 74 71 40
-14.526911876383826 -43.585547485685865 1454.4298601328671 227 227 229
67.19506945118265 13.328855678137243 1453.7772688360155 110 106 103
23.79575371576809 -17.321058456087336 1454.4019999551442 216 209 200
57.23543581738514 11.333233002795945 1446.6730345781805 80 78 58
-25.2957031166579 -46.45401298636747 1447.2363944409733 128 112 90
-46.04024654521717 -59.50631320635198 1445.2108204964657 161 159 154
-28.59356511749716 -48.797268909190386 1447.2308703736246 182 179 172
-1.94626950683147 -33.06395055716555 1451.4107547306053 54 56 42
-28.578527358822974 -48.56835131713313 1446.870498858467 69 61 42
-1.7120704394928958 -28.8904213185385 1444.1630894841946 62 58 54
50.81115845414672 2.0462346315899502 1455.7499145053173 81 76 73
20.742117532687555 -13.148878671173948 1444.3981658302703 218 211 201
-8.661155269553529 -38.65169891257328 1461.0121176150924 136 138 137
0.1820156600699268 -29.610645762628316 1448.2935862430907 184 170 140
-6.285018432702495 -33.17382450019298 1461.629505200823 84 66 61
69.21516010540672 0.4391420592266503 1475.2146757395924 112 113 115
39.49623501409805 -3.3078531326926495 1462.3157128097523 119 127 138
42.31715253374846 -1.5653217162177915 1462.1986980075785 125 132 134
-17.790646061094858 -42.99212726818479 1450.1087561275394 137 129 82
-36.25815668160983 -52.90132445502742 1445.3064656753386 83 79 61
-12.046872952685685 -36.89679577625321 1448.914352601097 5 7 6
2.79184887952405 -27.998459816262404 1448.444995979785 178 174 165
-16.968467268994683 -38.88707558197884 1443.8328094066262 72 71 72
65.24527320391363 3.192198826405433 1470.942543982222 212 217 220
76.158182958213 0.928882877203322 1481.346070269218 196 191 185
69.46714810131927 -1.0068842396826883 1477.5035317136164 138 124 113
-12.468907415645136 -40.35612018842457 1451.6528742633425 48 41 27
58.45014528935707 16.92945271449994 1448.178286999996 49 50 45
-11.785262668160618 -45.65382281420427 1462.5445314183685 40 38 39
-5.949252679703967 -34.45283677881058 1456.192406945076 171 173 172
46.54469689647273 0.014304403807060285 1452.4422726136363 162 158 157
44.51309400476028 -0.47264066372520736 1450.9623283423596 141 133 107
55.04417016243814 -5.864007091825356 1469.2182924752228 153 156 162
49.43231065701187 2.370783829864571 1452.0134128882262 176 175 173
-22.949938055282615 -46.52782113204163 1450.5460517520435 133 118 103
-9.874158330764521 -55.65570535176087 1477.072941526908 51 45 43
12.798956382618488 -18.685623267909037 1444.4284869873477 211 211 206
-41.406170494218166 -58.12736809373176 1448.5102094685067 205 207 205
-38.5244636361738 -54.497722110724474 1445.3360383643553 101 96 90
47.57035029913925 2.9275935360952783 1449.1456499020596 102 90 53
-10.347302396943299 -57.074857244521844 1479.058594839049 192 176 157
21.42624883730597 -30.3322197628744 1471.176909632917 28 35 14
12.208187296356448 -20.066421007988314 1446.0450582608514 228 229 224
40.94332658748677 -3.900199270544477 1465.7770940715213 151 162 166
48.6922057033816 4.139164120041046 1448.299479522584 189 172 131
4.106101935556591 -30.52740011615628 1453.922785278359 188 168 124
-9.966395758315842 -39.12996852759493 1462.4122044879698 164 165 167
74.702245438653 2.9162407238476304 1478.6807263748835 191 191 191
34.37517332366261 -7.714158208036575 1462.3526170113125 50 63 71
54.329847817012606 4.259655862080706 1460.7502684216101 17 19 19
-42.357342121245566 -60.393080477485206 1451.249663882033 81 60 48
18.54254020647769 -16.68645685079882 1447.6877193205926 55 58 37
83.36860373536702 20.958326745574613 1460.6328733640305 45 48 27
-20.592830032486 -44.63887464195487 1449.6850862445397 175 160 127
-14.288023003930117 -57.31051131386876 1475.059038551831 159 159 159
56.54445790115558 11.171634757968919 1446.2218241430262 49 55 40
59.936615285342846 0.3429749101964223 1469.3936904060054 173 181 187
-27.050842596009563 -63.29315884039579 1471.0774063186839 58 46 46
-19.9996985841797 -41.38649780239218 1444.658481711084 130 127 122
54.2347967849411 4.391158141171889 1460.3540069413698 71 72 77
53.658856421745824 6.67284306901032 1449.943043278942 131 116 84
13.488091075602131 -32.985385295178055 1467.04606369564 176 173 168
-9.633850249847585 -38.92286245448998 1462.3986234720303 151 152 155
69.97926834443227 3.591143401941079 1472.0803290079755 47 47 48
48.937627060441706 -6.944548470481412 1468.4929684907536 20 21 13
38.743430135931604 -4.676824764623296 1462.7906680300919 168 179 180
-23.57682215610617 -47.52481125318873 1459.5297621377608 92 101 106
67.89146407315745 -2.7812973416435067 1478.4113821739973 57 51 51
-32.06398015516907 -63.645002289649895 1469.090214857231 20 17 18
35.27189813582613 -8.258699554072802 1467.5777827603952 49 52 57
34.374120216510335 -4.864674058977488 1446.4963127875924 120 97 56
46.48768340296137 0.29119535767522425 1451.9975071032432 182 184 183
-25.9156927565768 -49.29607883630334 1460.703656874875 23 26 31
36.05915472810682 -7.0456351173146015 1465.1374804769646 152 163 165
62.3156432004701 16.274652328735478 1444.651979589839 195 195 190
-33.60317207743383 -52.02534442618203 1447.1625896854248 60 50 46
18.667564968238175 -16.18539011255877 1449.481304116697 46 57 61
5.5577462175733565 -26.001492219897894 1448.178362850048 52 40 32
19.81063580903745 -15.370936707851174 1450.526906734483 45 58 66
64.30344840126027 13.831414247225833 1450.4917471183585 208 205 196
62.8763991262272 15.609367273547747 1446.3319018299064 100 113 59
-38.01401905230874 -77.28753871764933 1480.6026151983936 87 77 78
6.060614173350145 -24.940226562772406 1447.0455283635272 214 210 203
67.67960032741861 3.6994427646278853 1472.581827962382 44 44 44
-2.807153155711784 -34.108283399726915 1451.9443169848835 178 178 176
-3.2537467894025682 -30.92608743777226 1446.4051764420112 59 41 27
47.96156685202155 0.1660375287321389 1456.1693650207833 51 52 54
-22.1335250489774 -45.07140319272551 1448.6819831822795 164 150 128
84.86732320497691 17.56913114316587 1467.720725365835 113 106 56
28.318917582593194 -25.21925107616858 1470.6700610517998 131 119 113
17.354525331196733 -16.597296869360445 1446.1399308055486 175 158 140
46.432853439616295 3.7931777679817382 1446.4534397332652 136 130 102
-6.098622596115889 -33.23025310728305 1460.7392077153088 128 128 130
22.39774683724213 -12.036294535622735 1444.4454468331535 77 60 47
38.231153359220656 -5.299295122816236 1463.9894718722674 154 168 168
49.28431798054616 4.089278757121213 1458.0866162962836 174 176 175
-7.039205691194813 -32.400628447834904 1444.470279735172 228 222 208
35.905937016384634 -6.8166415997023995 1463.7269067285517 158 171 173
-4.549232389335818 -33.45515678324653 1456.4312360617582 146 146 147
21.003292583546525 -29.325112169134805 1469.2316637644442 133 132 119
-31.59804118679877 -49.224984783524 1444.5783094040455 67 66 65
79.48727322777289 23.474026872146606 1453.040302890973 170 153 128
41.53260442555631 -96.18587447195439 1450.235912259809 127 141 148
87.5865329095127 9.480421439885474 1481.2854154053994 196 189 179
37.458391032112125 -5.453413290030733 1459.2138452030947 118 123 130
31.571402482907526 -9.319301999896263 1458.1595481859986 143 155 157
50.47506476165341 3.044536896895367 1452.0444364933576 197 193 186
46.707522161983164 1.2250779883845497 1450.8452050136798 97 92 68
-15.732180152063043 -42.89574235933994 1451.948480732179 139 122 108
77.46367416197839 19.702107525889886 1455.4442984111074 203 204 198
53.328836519327155 -12.032704772352284 1476.7074258643331 102 97 94
-11.809226845774935 -45.832976493440285 1462.417016679318 154 158 161
41.412763957551725 -0.5657626033725097 1459.8701856540577 149 157 159
-7.824604586706819 -35.81018706754862 1449.5085618955418 200 181 143
-36.58250095553588 -53.08486291498147 1445.3185451843167 75 72 55
36.289298949163715 -5.9398876173175745 1457.1243063931015 155 166 170
-5.233111720310818 -33.06353417089162 1459.4347082267873 89 88 86
24.21305762414124 -26.444165562698473 1468.1883836425257 46 53 29
-20.00921339456617 -44.42410690292892 1456.3454277557105 58 65 73
59.33520264533547 11.996706926651552 1448.327833480394 204 212 214
-24.578086748093494 -48.22559301001893 1451.1889464546518 90 80 60
-29.8978337515835 -50.78003669871401 1455.9435724306404 52 58 65
24.822915683369114 -25.05430350509619 1466.6194841236838 21 28 9
59.09101199759341 8.020007437749923 1454.4276889314215 91 70 59
-18.803605883874912 -48.28548402386048 1463.7121351881312 25 26 31
51.673302160597714 5.077545309655763 1450.1557827926285 106 100 68
0.24041571820948868 -46.4591555573179 1474.50986718258 195 195 196
52.20808910818044 3.225290490291842 1454.5565078774316 67 66 64
-7.731231346146821 -50.92625575783048 1471.8330967433333 85 84 58
39.46045878720549 -3.0499166965361137 1459.57988929107 198 215 222
74.36089968470692 3.743883713198556 1476.9942469063433 197 202 208
43.62269431460554 -0.2820152082768919 1449.5823799232812 82 76 50
-31.129845273516082 -49.336674238563134 1445.2474812672358 106 104 102
-26.55579485223298 -46.85196202047126 1446.294025698823 106 97 62
-11.316047820975614 -42.26893873754517 1455.9020005390414 87 77 41
84.47628704436751 9.54073581205118 1478.1060061993717 105 98 92
68.14315978301502 3.9187881756866076 1474.015603929918 205 209 210
15.893024165818245 -20.15973041182088 1450.2696278574113 82 74 70
-15.018072999453876 -39.04276052018004 1446.5123024740449 86 79 35
85.94057740999273 19.32922103559408 1466.3981229060535 69 62 39
16.438711701888373 -19.354112882881715 1456.4737172142381 144 147 152
68.74111637458299 4.2257009691467236 1472.774009204646 36 36 36
75.15563458571533 4.51581492397737 1477.4038985870318 47 54 62
68.35894510564583 3.5945688507338054 1474.665076168487 197 201 205
-12.93983878034605 -45.25290205409322 1458.5478090761303 62 67 37
-13.940358064272685 -56.44120938296403 1474.1009720264326 74 78 45
-27.85527415849581 -63.31565869530899 1470.3645571736263 67 46 46
38.1379002085905 -5.134260640114882 1462.1656254827194 62 69 77
52.102370185594346 6.474865363737349 1448.4674031853424 81 83 42
-40.80159090621053 -56.603417854295515 1446.2747091149452 163 164 163
39.743878790347026 -4.528824312054675 1464.9590318774656 157 171 172
-9.579651211928287 -35.15160893012274 1446.1141784177141 106 95 67
34.18490484118779 -7.749917910058267 1460.18085267834 139 144 147
-13.637220540168299 -38.97573043811354 1448.0256124332116 82 68 39
-1.4115048224048452 -30.52643821790119 1459.212271667755 145 145 145
14.263677237849922 -19.70219489042736 1447.7335608333647 179 163 136
36.06781804049085 -6.559399523164195 1460.3900264856543 103 111 121
56.983754675627125 7.818662012206944 1451.775060643458 54 52 38
90.57960974370775 12.971428184519027 1480.986009155224 30 26 23
36.3605360046709 -6.313562753840016 1459.8225963628208 141 153 156
-16.474797974840694 -59.00132966400966 1475.5068120288577 170 175 168
37.83405026659492 -3.5877109243869705 1460.0760796386035 143 153 157
46.67502012407055 0.40577640455167924 1452.018364512245 180 179 176
-0.635696540056293 -30.695954551451827 1456.7517451370945 142 142 143
-39.60753423169169 -57.45748246413887 1449.4118227631946 74 69 49
40.30659858023753 -4.308584640161429 1465.633730280052 147 161 164
49.397129690968676 7.043447036880132 1444.143109844615 51 52 54
55.18022855612783 11.299446301043082 1444.0286014356902 204 200 188
66.71634954469299 -2.9012825496417616 1477.2195726253287 111 102 99
50.79672850943474 3.2909190828731654 1452.0212243298197 185 181 169
-7.312334140773323 -34.51560759105408 1459.1546445962508 142 144 143
27.80942661040555 -14.951473233568484 1462.0942069159216 173 184 185
-9.47311217762186 -55.47843172010365 1477.0944316638286 52 44 41
-23.187155307986213 -44.76839669817624 1446.7594830049009 98 89 48
67.32908006223614 8.768813578902359 1461.0182946568593 62 57 52
38.87067538958691 -17.1252953600588 1469.72536385108 102 94 55
33.77518753660735 -7.534871402918726 1456.5628558846986 143 156 160
47.64613741847548 -7.9987948377503715 1469.1459979490883 18 20 12
71.27243759659379 2.48104589217977 1475.5947609874684 49 47 51
56.148798157454145 9.84310285462238 1447.7850404135959 136 126 105
-15.685814874336874 -38.02782829944036 1443.853120919148 181 176 173
51.01731032767108 8.0770838244707 1444.8128136675755 228 236 239
14.716382613599686 -20.46447573645898 1455.7537631867335 172 175 179
-8.951790556347328 -48.784543307774804 1467.6151564092759 114 106 99
37.29726596926527 -6.0240044393565 1464.4005067967107 164 174 179
-22.089369855784906 -56.211209421506204 1465.759217331671 72 79 45
8.796852385270517 -21.591237811543316 1444.2032285103783 39 29 23
67.15824968261555 9.70598872444905 1461.64872146077 32 21 26
-27.01483547098056 -50.55465984036186 1452.153309466346 36 37 20
13.060913143934092 -20.159525725944672 1447.2600152492846 77 72 43
83.63410287385581 15.13990899751671 1468.9339435405643 69 63 49
83.36194371133695 22.370225120302546 1458.829739519757 111 100 80
66.71634954469299 -2.9012825496417616 1477.2195726253287 111 102 99
-27.264025091803173 -59.0052546061745 1464.99038768796 193 192 188
-27.424819822406864 -52.15770217157408 1454.8013845331366 121 125 131
-39.423532140029806 -57.682191483715066 1449.944008231 98 89 68
51.665455289801365 2.7039984287727328 1453.816562545222 58 58 58
-22.125338893421116 -46.02722123505886 1457.259794585844 126 135 145
-23.314171436422775 -44.79441570773053 1446.6060333046742 91 87 52
-23.240363267336086 -48.62605621918927 1454.188319249181 22 21 26
-49.11854779213883 -77.46185053233928 1469.9695340885096 55 40 35
35.66513534981643 -6.88762715093932 1463.415865827127 154 167 167
-16.452043261228447 -44.44734757020034 1453.7793132381805 144 148 148
-1.3221318800996273 -29.73787397204096 1446.6366244014944 90 82 63
37.96606071814814 -5.549990296398138 1464.274941759491 159 170 171
-11.674435653913552 -37.498780555492566 1451.238740884236 255 255 255
-5.417076620449196 -32.94999584686813 1460.2421899406304 134 134 136
50.54144935087649 6.573860212079342 1446.6791283020384 89 93 64
7.109196538239696 -23.903727558125922 1446.4483301339196 109 98 88
7.90921469458841 -21.650659647144458 1443.9630514337196 128 116 105
67.7217020474172 12.872350950496882 1454.9335136613515 205 198 190
3.1359445366598058 -28.12291056016169 1449.0445973748886 162 159 148
24.633725058152123 -17.667663670752194 1457.7063682594805 90 90 92
39.300433292482545 -3.0270373150250274 1461.6976073168407 102 108 120
41.9391970595266 -3.296977543808529 1466.0405012025087 160 174 177
71.97114995845108 5.13379532263785 1472.4205839092288 193 188 184
-5.968232819965912 -50.84662165984984 1477.1247493417666 90 91 96
-33.24539375364429 -51.71917661496073 1446.8684935981694 95 86 81
47.85719957835433 1.2547377637331698 1452.0452847928784 187 186 181
67.96224387488859 0.7213572572026452 1473.350531557834 74 66 62
-5.506171347860787 -31.344659915825012 1444.4553887747627 178 177 172
38.51165029384428 -5.8571260287609865 1466.97056931447 110 119 129
-15.647935261149957 -40.40521882183645 1448.1440425598091 115 94 67
-2.285821185881422 -30.563824884032506 1461.7118207724416 214 214 212
63.592382070049624 -4.864564922718422 1476.7618622083537 54 43 37
42.10437206188942 -1.804827596005581 1456.0935913552964 176 187 189
0.43616169625160095 -26.919991336637572 1443.807633309991 225 218 210
29.896510015521393 -10.594681526050941 1459.1766279038773 131 146 149
35.20955501412611 -7.143268145607629 1460.6875676859443 141 151 155
-24.07312962718815 -45.52401547769079 1447.0014266147123 97 88 71
58.838858321750614 13.798561271461953 1444.4630495554477 207 207 203
-11.0189396827129 -35.10820898073492 1444.475227796948 197 192 181
41.81058438317648 -0.0850829722638718 1447.2875429714888 210 209 204
-19.400886626235426 -48.048995091277206 1464.1018655583118 224 223 219
80.83224691828188 20.226066919349474 1458.5628605943941 121 108 81
-48.624315980377 -62.0985749543448 1447.0312493966144 173 185 186
-47.807367115721675 -79.22461608537837 1472.9010266979137 84 80 82
38.77409957045784 -5.58584656987443 1466.666170113043 144 157 158
-25.78331403600864 -47.00104975696401 1447.804416691766 158 149 118
-17.70270645070992 -46.14491083969145 1462.4923005811834 42 49 59
87.66008251734195 10.618075775616182 1480.2651839789014 138 139 139
52.96365425996072 6.576194247215197 1449.3614957484708 78 75 44
38.69187928275756 -4.339933804633972 1462.2374937114826 169 178 182
48.49838721825017 2.300773488255056 1452.7269782377236 52 56 64
33.82799104096113 -18.97295296608228 1467.1453574333689 49 43 33
12.782075898107063 -19.906260498320222 1446.4131253773994 76 82 47
-26.768189187471826 -47.98542234466773 1448.215871700667 145 130 100
31.98372551732457 -8.903622694672318 1457.2903488964184 145 155 157
66.38283326819979 3.799003813128296 1467.6803082981664 64 69 72
-3.4189774488980995 -31.59348044149843 1460.2135130630952 135 135 131
48.52349736253672 0.7865206517478426 1453.4248678503543 88 82 82
65.9628125618038 15.51590718949597 1449.2678726577303 184 177 171
-25.20681254641767 -61.368666716440906 1470.4373110528788 56 58 41
3.320933673718064 -41.31197614571363 1469.1141934307261 180 160 130
72.44592637258108 6.019566440832031 1469.815157853456 195 190 184
-2.1340172138143414 -32.60597469516468 1450.5364716544314 140 133 125
33.83780542449837 -18.997232569705936 1467.1835607674411 27 23 16
-12.474823334883796 -44.097392668138866 1460.9816132068793 33 33 21
-17.52443093266925 -57.71856175325365 1472.5995052401126 183 172 144
36.30518019088961 -4.361976999718597 1448.0119508956434 197 183 143
-7.9226015451651275 -51.14199374028375 1474.1854528550364 44 34 32
-36.51243112782209 -71.58435972514492 1474.1355584007692 93 85 62
14.781288094371337 -19.83527230811647 1448.526068936295 84 70 39
-14.686187245936381 -41.1607699992196 1450.3575757734395 136 124 80
35.47907113847395 -6.705379052274112 1458.5397956430809 152 161 166
73.50069513479511 4.828773390228409 1472.7336981667518 194 185 180
45.465102527279505 0.7337412650768864 1449.9803920775748 44 39 36
40.424619624502704 -6.047225139232809 1455.445405366292 6 6 6
37.038100346266496 -3.017662535696727 1446.7227220643024 108 97 64
42.862919853589034 -2.31687216831654 1464.609000158834 136 143 149
-0.08641816996726907 -29.835107125768435 1458.461862487151 152 152 152
-33.2251532850155 -51.44629199115976 1446.4465155991547 67 62 56
-20.628714037255087 -43.76488863085839 1448.0553263610843 181 171 136
35.20955501412611 -7.143268145607629 1460.6875676859443 141 151 155
-3.5239173937791537 -32.043636670078946 1459.0017725646496 168 168 168
-44.3949685198799 -62.53274644937579 1452.0456672608975 165 169 171
32.20439840063991 -20.327995644881895 1467.424355372595 174 198 195
68.83042294874691 -1.1274305149824304 1477.018537969142 124 109 105
-28.430435990066844 -63.440222570992674 1470.090743741835 185 188 192
38.242257324784596 -4.805096711214382 1458.4893839080232 142 153 155
34.93712472547932 -7.176658038338814 1463.3041531029194 15 16 19
87.64518952193295 14.080015258231944 1474.8189093868314 188 187 182
-15.683333359542447 -41.41305217303913 1449.770220881981 110 97 78
9.302491980576896 -25.749020004112296 1461.2184194980427 77 81 84
84.06576815229279 14.323587053734748 1470.7239258165391 206 203 196
65.63708745202841 15.257448219405253 1449.5075226936938 220 210 200
35.169537831405336 -7.180694023304647 1461.7145390680273 129 140 144
-17.428403109173264 -40.611736139546565 1446.279793106202 102 92 69
-9.445721547758916 -43.150697104226104 1465.0036275828204 72 69 68
37.52519398078436 -5.560974424202581 1461.655952771866 123 134 140
-20.15223561428997 -41.51279495230365 1444.3856165601624 29 24 21
49.047909906152725 2.2363234779877863 1455.9441113016865 88 80 74
-23.682603128515584 -43.4889138243223 1443.8659805489006 55 54 56
19.020431313739042 -19.727450284266038 1464.7362192011951 130 131 134
58.74934289429091 11.048206479119845 1448.7856679925187 199 201 193
-15.683333359542447 -41.41305217303913 1449.770220881981 110 97 78
52.0298226862677 8.0781231311089 1446.2303135184495 63 66 45
11.15275658653959 -21.074763378185377 1446.521135832547 61 57 26
-13.218196501797166 -56.40864885681408 1476.004583981679 173 172 172
-32.78972279035263 -53.3955696289739 1450.5364839882234 187 189 184
32.353908189422185 -9.063801105001659 1460.003900839827 133 143 152
-21.908745363442954 -47.519484442198724 1453.1258995984447 166 170 169
-25.53177688468571 -46.47163456758797 1446.9321609563906 93 85 45
-24.392532761721167 -44.022014542843856 1444.0573299255177 217 214 207
-42.57884322256062 -60.80537222756604 1451.8233718368754 84 65 58
6.441319490162877 -24.786483239002578 1447.184776275934 84 70 61
84.18643400300034 15.069769477873345 1469.8531802972936 157 151 122
15.943759361589036 -16.890421305753318 1445.0841500011882 147 134 121
19.69138047437168 -16.13281871898337 1451.872425265685 228 237 242
46.42417002961116 1.6833115989672058 1449.8058118457384 68 64 61
4.763098497974942 -30.52923269659398 1454.5660067319598 80 65 28
15.936580784678428 -19.751284770903965 1457.116659851632 141 147 153
3.6915905571522614 -27.899449695843195 1449.3228156296102 89 80 65
-27.623252386869236 -47.544882096995465 1446.2615043266053 88 82 59
75.64705329290913 21.976597951075536 1450.410371971003 83 85 84
19.39845394046081 -15.21785336420788 1446.2890310185796 205 202 194
-3.544119951071708 -31.97255114876449 1459.1460293618309 86 86 86
-5.808915318484709 -32.76879212138025 1446.5075444631998 100 95 92
9.156620375531725 -22.220866313728276 1446.139162168466 92 87 64
7.706463457991055 -23.399570096160705 1446.270591000266 204 203 201
14.124361613616426 -21.369926856321108 1450.4759562458598 131 118 98
-11.34879526347107 -45.094491334671545 1462.543513212628 145 149 152
-2.006267790725713 -34.550579615571785 1454.5049943642975 18 19 21
-32.68305747125211 -53.50385348936563 1451.009817342601 179 180 175
27.22736718926987 -12.504369518338338 1459.7604667989451 140 151 155
7.949222461007902 -21.696505058137447 1443.9497816398175 56 48 39
-3.7322601526794967 -30.60103916905038 1461.7077089641155 198 196 192
-3.6262700834721597 -51.33627616971287 1479.8807230796524 129 128 128
0.22725357167474988 -46.571651966860735 1473.845474422071 14 17 18
65.70253441456775 11.314839460190607 1455.5949748084545 119 118 88
35.16952025806132 -7.1642869501906645 1460.3933594854527 134 144 146
63.25362755792666 -7.358446478541437 1480.189942339701 58 47 41
35.506575914256814 -7.884334472955906 1467.00089960973 119 133 144
10.678031843399149 -28.927881703530744 1462.9910654911832 39 33 32
-7.38680368170362 -50.95959841905064 1472.3887326056265 64 60 56
49.805633452524084 2.641551292268451 1451.9944188280897 154 153 149
46.16227050647761 0.7860183484829648 1450.8397103495904 232 228 216
66.37903209105554 8.042292712059172 1461.184605510641 57 51 51
1.452781148907429 -28.257003873554826 1447.162135225978 51 49 34
22.04097323212372 -16.267758051911606 1450.9305885000895 159 128 102
-9.315943593908683 -49.03694816200645 1467.6408761132645 62 71 31
67.60915469053309 4.322757597233595 1473.1171116453152 198 203 206
70.83769928275858 3.9940360960429118 1472.6873032360688 38 33 31
-11.187014441409245 -40.3820906586098 1460.9120559419353 166 166 166
71.39088849517015 -1.4630996201724429 1480.3150071706132 117 116 112
9.585485232693655 -22.689941123878043 1447.419016062689 208 197 181
93.63833599053763 17.091444104699185 1478.479044745761 151 150 145
-48.03143478307638 -61.51190195091263 1446.3206604891818 195 205 207
45.41133610844413 -2.3360141959095246 1454.8200331680705 207 182 155
81.68922514999693 17.442377784719458 1463.4864625899795 184 180 171
32.69377979925166 -16.836160814769386 1462.9469541382675 250 250 250
-38.89569728506253 -75.32922411457643 1476.9869518756993 94 80 71
54.22641295472339 3.0246287909500893 1463.6978942978728 251 254 255
14.093927890894472 -24.12143005025807 1455.0882142851256 123 119 114
74.35019031716057 4.150716404015299 1476.6949885722192 233 241 249
46.48129034077922 2.2193146192387307 1449.0439543936673 189 172 146
63.236304452581614 6.266798917512911 1460.7490509625393 28 24 23
52.12181625799188 5.530012642213743 1455.080092781444 128 133 137
-16.199243536853693 -59.16725126811143 1476.1838653020068 194 192 193
26.132908760813105 -25.425298848965085 1468.9386514023504 25 38 15
-34.383868496455534 -51.30391145681904 1444.4125927313028 33 28 25
42.217231810853555 -0.9275863610256933 1460.925756323534 148 158 161
-18.739652534764623 -43.25642231653889 1449.4350955093157 148 132 105
52.6417267242222 -2.8734360516936555 1468.0823779695431 47 51 34
-35.18920087573594 -76.4927324692018 1482.0230213575876 147 142 140
40.04467076095655 -4.318452235235887 1464.945092083609 156 167 171
56.63359943628374 6.782020954095706 1454.6302794686126 169 166 161
39.196099174628856 -3.1277733287453957 1461.6320661398047 166 176 178
36.01376320627359 -3.8164862041508756 1446.693224954751 116 123 126
-22.02965871956514 -45.32591294886555 1449.2745601369631 57 56 28
34.281025862567994 -17.413257486600543 1465.3646674371907 89 87 59
49.24381808726865 5.873775385039605 1446.3504129759056 52 59 26
35.508053360294994 -7.146903245045283 1463.935590435686 72 75 80
54.42781058714801 9.643033479787732 1446.2260385869986 97 96 75
49.15201463765832 2.2037535500555157 1452.1549722044192 54 53 51
68.54254803444684 11.430936437351017 1458.0321949521385 85 72 61
38.990627313052144 -4.543346838850294 1451.243260663378 98 76 54
87.20904617416058 14.883255334728867 1475.9971434887425 69 22 27
40.30714083700677 -4.310072495043666 1465.6333373949017 156 167 169
92.9115362020478 18.634186000264737 1478.9863022227344 162 161 159
-41.8035625565227 -60.7907042824427 1458.5375883827735 107 103 104
22.26226058206352 -11.927650635610307 1443.9631742982972 200 172 154
-12.21151586307465 -36.95708280563381 1448.7902403993398 6 7 9
42.661475857072276 -1.7379404686508386 1458.733396907991 197 209 218
-2.8612867734071714 -32.970155782326266 1450.1846561533991 172 169 164
29.456403663754415 -11.003142232810458 1459.7387487528467 132 145 152
-32.32107685600298 -49.748942018784376 1444.6415723806356 55 54 50
37.45133125377436 -5.378754304334625 1458.4999614130597 134 142 148
65.57882469861215 8.01669711834651 1460.3671773151084 59 63 32
69.74147780345442 10.363279125745374 1460.79474811114 45 48 47
44.92739736542134 -1.5922861471538112 1454.7020686743815 235 231 227
40.79464795042104 -3.543616269060819 1464.6266522447004 177 189 189
-27.229383818394773 -48.73880515098603 1448.9761911738299 160 141 111
69.28488325654845 10.933347819329716 1459.4363264283015 87 85 84
-11.195247434539787 -57.84496813679688 1479.0879854127145 173 170 164
21.80664401010564 -12.474806941082369 1444.2387854823853 60 44 35
87.26065937848094 10.062038732360355 1480.4345893246611 44 54 29
52.73900714234771 3.62295745592309 1452.3282877209283 175 174 171
40.788742743198796 -16.896148823102113 1471.0949899487068 160 152 127
52.20516952965373 -9.911900922255633 1472.5433535439229 65 57 56
49.45529767602216 3.176878922437872 1451.056032847695 167 154 119
90.53785773882147 17.43183738607916 1475.6071681320575 19 16 15
-23.811981254699212 -56.99995294354288 1465.381907420213 199 195 192
-32.406263781489294 -53.69854350234832 1451.4983002961428 128 128 123
46.70988532469447 2.2375665574768715 1449.351083331271 77 67 33
-52.18265936333906 -55.83442280585077 1449.5495297092964 163 169 159
39.345556920594305 -5.327062946775689 1466.972335810986 117 122 129
34.64998508610039 -7.255219120903601 1458.5406715181805 148 159 161
-17.969450338173584 -45.0819691270981 1453.155997086676 28 27 25
19.639302392958665 -15.435257049344612 1450.4147468972635 60 70 78
28.50992782838427 -20.55149141908299 1467.3482523095836 151 136 117
29.196293773705964 -7.244683068775307 1444.5273994261695 62 71 33
0.10801925941804316 -27.09177704343099 1443.7441131944483 65 64 62
1.6897655162252212 -28.346553993005024 1447.7074859901204 76 68 57
50.54024973103047 -8.540478622200931 1469.5542175891705 7 7 7
28.79009283819588 -16.8685338651671 1458.9634692868772 157 131 116
-5.144997958689887 -51.356985742954116 1476.6212527166529 109 104 101
59.8924764707119 14.623918756117389 1444.410333391083 92 90 91
-2.408038363545235 -30.85291457731824 1460.4957691665 65 65 61
-2.8419438674531476 -31.34164928980838 1459.8416353272332 139 139 139
37.864482557479214 -5.307892827264642 1462.751898767907 53 60 67
71.38645064256491 7.439899192715609 1466.6887094470296 141 133 130
5.945548382426159 -31.38570534742951 1457.1157742215353 92 82 51
37.36016351281154 -5.66769685543403 1460.3926387692206 126 135 140
-4.781056234640723 -34.195380083628514 1450.2768897952064 155 143 126
38.62464342094904 -5.585566435657816 1466.2376068794902 153 165 169
-8.51914918135404 -35.08717420554924 1459.9189009756747 145 146 146
-0.5839284311112487 -29.30028398568583 1461.598690085579 78 58 58
-4.890769068645506 -32.51354650987384 1460.4830127803336 133 133 135
49.58412021130029 2.021699230274112 1452.7054794460732 127 118 119
36.51660153915818 -3.3467758083245047 1446.647312849413 175 156 123
-34.043034387601686 -54.40007023408873 1456.362691833235 149 145 142
29.177974886867126 -17.21023854537214 1459.9827442071492 39 37 23
-38.7040477180315 -57.432116305754846 1456.3173990099522 224 226 225
50.49868549819933 4.281412438747602 1450.2093322789751 168 156 122
40.68669535771467 -4.3793439394847 1466.9947137595493 194 205 210
53.374253687024776 3.9289047124687686 1454.1464302075044 37 35 34
-18.53810041447292 -41.60553289929959 1446.8083867578694 90 81 46
15.021652246503075 -30.90308986926469 1465.547344468183 126 116 94
94.62359558408154 17.63862525796772 1480.5315047203405 11 11 9
-18.72626747710087 -43.37520914958193 1455.5821809013964 73 82 89
21.960655144412026 -12.181347596976575 1443.909336609417 53 21 2
12.650009530219238 -22.265196126778367 1450.367691994037 213 199 172
39.212675291455994 -5.357046586853111 1467.0126388079698 59 66 73
46.67502012407055 0.40577640455167924 1452.018364512245 180 179 176
63.54194343433012 6.770252195802974 1460.2033313452437 37 34 30
-50.716283284060424 -75.72026788134875 1468.808509904509 44 33 22
62.21904109763801 16.209484989251443 1444.6378798277901 185 184 180
18.539318121894446 -32.48713968271983 1471.448421543995 51 61 41
84.08041082916927 15.127995740437045 1469.8105401412486 137 130 102
63.23403172755927 12.253815776299675 1451.8659175514613 123 113 88
35.42390171227675 -14.506261887629403 1463.6186535327906 15 12 12
-26.174008456515864 -59.36418503875857 1464.547785907052 60 65 28
-9.549639647944606 -36.93719530443372 1449.3192110876566 123 109 66
64.06018500875474 7.187273360604894 1460.192521783194 53 53 43
51.051616590452255 8.315471940157291 1444.0423525689132 201 198 188
39.46860139539269 -4.682162772058073 1464.82391324336 161 172 175
67.2520486404052 12.972112564300017 1454.503169552877 235 232 227
-8.640206687839173 -48.14348423528623 1467.5915252805341 179 178 174
-48.87709252156623 -80.13897165629656 1473.8363591728184 140 133 127
35.68071936949918 -7.618967960236005 1466.4152014953243 150 159 164
-0.8981198013770223 -30.423399254501707 1458.352223429073 143 145 144
36.599068838127785 -16.234995444939603 1466.182460721665 153 146 117
48.10706450352646 1.2826881738458003 1452.2528628929142 30 30 32
-38.54314318729762 -58.9420027107355 1453.1964537614008 64 62 53
34.29522842012873 -7.7043600346247985 1460.0454134901088 50 59 65
36.06776701830199 -6.082034334779172 1457.1068531959272 159 170 172
0.45802806707357585 -46.39660741779052 1473.9050066946027 212 218 223
62.73925023159834 5.864865996569513 1463.0818855219013 42 42 42
5.844853108324937 -32.889517693940974 1459.0354739183692 159 146 120
52.27890626393496 4.247055892174174 1452.2635547859736 183 182 179
14.03385606248948 -21.441893428661942 1450.4514568731604 97 92 62
68.58493393968726 -1.61836611250451 1477.4462390857136 106 90 90
35.17140685887348 -7.186620795950336 1460.9695259028085 151 160 165
88.43172999376685 15.555572521843848 1475.1972923389608 13 11 11
64.38599889235995 11.942751480705173 1453.3473334423315 101 95 72
-5.531903742425944 -31.568497358359757 1444.9406484952397 138 140 93
-21.80158033247256 -47.10173545558795 1452.4663340637014 160 150 120
48.921656103485425 3.9772047012334935 1449.0693387895562 108 106 68
67.69461951056685 12.690970333334901 1455.0945956071907 64 59 57
-27.095139561491045 -48.143058494221684 1448.1486481420197 85 88 36
36.0239236672148 -6.591691043125304 1460.682659999331 136 147 152
-7.34220246060366 -32.92622525741428 1445.0838732515178 93 90 61
-8.851681000626487 -47.67005969464805 1470.2351210449713 186 186 185
48.478456722827445 2.1757115867075183 1451.3028556250501 78 72 46
80.07334592218403 13.902885350781833 1469.9238943680887 51 62 66
82.66225951717007 20.942044174113303 1460.108835144823 44 46 21
28.617957953976518 -16.931656911114473 1458.8552002020906 138 124 114
-10.892005357495542 -56.94824675578416 1478.0674620016675 73 69 69
50.320180250418936 -17.362796672324382 1481.2577973826446 82 84 83
-28.415950869275054 -49.0937585886086 1447.973271091843 185 182 173
-3.9738297061650245 -32.23552938643984 1459.3660943262937 173 176 177
3.7366151646603534 -24.655912791412558 1443.9732928803455 194 193 189
13.068066354993508 -20.163334966556825 1447.2583706637731 109 101 64
63.854221272988966 14.258875010912424 1449.5834971890545 47 52 28
-10.66612189749513 -56.91733550544646 1478.354431079194 177 161 152
-7.573626453399004 -34.783647542693146 1458.791164376418 135 135 135
22.229768797134085 -15.352779516062197 1449.7081994174885 81 47 28
46.75979163773847 3.169141788717316 1447.7797778841907 139 123 94
5.365519235576959 -31.08496532204571 1455.9574649412814 110 91 46
-1.5844493493596714 -30.069254484402162 1461.0982433313254 92 92 96
-0.11665928043652858 -28.888430940250466 1461.733599435482 210 209 204
-8.511199819421218 -36.90719129310007 1450.5125905710563 136 117 72
29.81444183427682 -17.901309329648598 1463.1111791163983 52 49 44
64.86122860598284 8.820636896950989 1458.4758625490902 146 129 103
62.01435432175239 16.15785185980483 1444.6171022889976 207 203 192
-23.06715032568797 -60.151853296065745 1470.8825968955393 198 200 203
-17.031235678884084 -42.32111920620578 1455.8882539179494 42 49 56
-26.10693799186049 -46.66446023383281 1446.5359903511783 154 139 116
25.523898072039284 -15.794359234145206 1453.8835809057093 31 41 16
25.47305628557404 -9.865363575828676 1444.420612529508 161 163 162
-35.92543430622661 -77.09138476480109 1482.203452503457 41 41 37
79.5875288071263 20.91643966124775 1456.3053140747077 52 53 22
15.863993609882604 -20.86311277306132 1451.443593057897 103 97 73
23.83941235331352 -34.86836810278627 1480.4496695669773 123 114 106
49.30828507178558 -0.5937000954176567 1463.8392544461628 72 75 79
58.83441630853559 7.610230229172512 1454.169815742892 71 69 68
48.2746699075958 2.768329261012818 1450.1680401853882 170 156 118
3.132009593413127 -27.12425304946866 1447.4051963347101 75 68 55
59.885923512828114 8.566502859107066 1453.799463837097 185 177 166
51.15932785716448 6.859323048545726 1446.6620720311173 135 132 101
-3.9816913212283542 -32.1853064372377 1459.608560667141 133 134 129
74.56834723653974 24.00636921121847 1446.4346876685336 105 105 105
14.725227329189089 -31.49531961404644 1466.2249777242403 178 168 159
-8.976404203085828 -34.70632961489018 1446.1662016916719 118 105 88
38.24756648469319 -4.8299909650087915 1458.4909374165356 131 137 141
39.20279552997824 -3.1322098245772567 1461.6351704808958 166 176 178
-7.2716837158909895 -34.27641307404488 1459.8972718894702 140 141 143
-46.388488363195556 -83.52400186984129 1482.1032339540839 205 193 190
66.29284520394943 10.979476555083531 1456.7232790449407 65 88 33
45.33593478957168 -1.9548071728526568 1454.1167853341758 71 67 65
31.378238809339756 -9.206165689569593 1456.612164799546 146 156 158
53.21596181881647 8.874007563718603 1446.2578324455912 105 103 78
67.68128358771813 12.363950218684883 1455.9030107682693 224 220 219
-6.065662955405708 -33.32368249931928 1461.856322760766 204 200 196
13.286200922561456 -19.328375401683736 1446.080291964507 202 204 200
34.715162616312966 -7.03840595752408 1457.4028208910968 157 169 175
56.07497571181123 11.458744132389334 1452.6057228020163 168 168 166
-26.921447146973325 -59.1446469776909 1465.4176475924671 125 132 83
-3.0993470775727414 -31.996989987102836 1458.140305006897 164 165 166
20.58678208994549 -13.39303451970908 1444.1859050523967 64 52 48
73.15972877607054 5.538446811427292 1471.4130329899635 50 50 51
64.84412921423186 11.303698078835756 1454.8062769709798 88 83 62
-7.998216642346898 -40.82598853710006 1463.9815632714713 198 197 192
28.257767934968882 -26.073091764169448 1475.4122451927112 196 196 197
26.787859321834844 -12.803880268494686 1459.9841859631993 32 36 40
51.82698238759945 9.146870567778684 1443.7826010979034 209 201 193
-22.61913383176263 -46.178255295181415 1456.525861603666 60 67 77
79.6532054171029 20.640615492253097 1456.4200961558363 207 205 196
-19.97517409230262 -44.522765229696866 1456.8221559210758 127 137 146
-31.98213417213344 -67.1426992070123 1472.0128867269525 43 45 34
-34.10784823115789 -52.118007071226465 1446.404575121866 51 41 36
55.28887432176555 6.204833652691009 1452.0904927422962 39 36 35
70.00476826222076 -1.506833815148866 1478.9669110604034 228 227 223
-19.74738515173031 -46.62500409028642 1454.0262415593845 25 23 24
-2.8046566819996728 -32.138922967827305 1456.9008223012438 148 148 148
-2.99298949519535 -29.674159893737208 1444.6012670263035 141 127 96
35.22944974742213 -6.8297133427934105 1458.2463476738346 159 169 171
48.31536679465312 2.472090254430865 1450.5693310469817 144 127 90
-6.059671798116099 -35.210736008286396 1450.573179356338 66 53 33
53.54352713412634 4.530607988313939 1454.5902458486062 153 152 148
56.587368247367394 6.2529651341955645 1454.3795014319917 164 147 132
47.34622296043498 2.9678413280450724 1448.8573411825948 177 157 122
-0.9550345315068183 -30.787764594938803 1457.240877233178 148 147 147
40.10713260009516 -4.248423460436391 1464.8032110091885 154 167 171
3.6049986797364206 -27.93188051916125 1449.300896050488 94 82 66
33.870589030461744 -17.0921243594638 1464.6117490130944 133 134 133
-23.88608528295095 -46.0482046590023 1448.2368887109837 144 133 98
37.85995939574381 -5.258315215720499 1459.9339831671468 138 147 152
52.766428027108546 4.599561330284175 1452.1018505262161 35 33 31
-20.292137034795775 -42.59691661403808 1446.2576146104802 91 84 57
67.27848045411893 13.076836034272173 1454.3667265814754 161 156 150
-19.54932583940212 -42.2242971089179 1446.705513933948 81 67 32
-7.509966247195058 -34.98431866986497 1457.934852916992 152 153 155
-1.581210565447504 -30.07085735070695 1461.1008345883145 88 90 89
52.66956583073872 4.660701253450065 1451.9878668316221 181 178 170
-23.206463653747672 -56.471342787109855 1465.504732785539 219 218 216
-0.9249627703179122 -33.053221387158594 1454.9959940738725 36 48 36
57.65824013771023 10.387194387446302 1448.5166801641494 73 71 42
-8.45462467717423 -41.041668609571666 1464.9742158309764 109 108 105
36.09033714159436 -6.543834927423648 1461.6961716681985 125 137 143
-10.31219226542855 -56.521574929935184 1478.0394064903587 154 146 142
48.52349736253672 0.7865206517478426 1453.4248678503543 88 82 82
71.4180285666444 1.7849661259798033 1475.795695606946 147 141 141
32.40979668401988 -20.220793614432022 1467.4740027962187 173 196 192
-17.196337930995714 -41.60747940389442 1448.4162562853467 175 159 129
-10.3013980185344 -39.36356156926496 1462.5166027012692 97 68 70
-31.652171845640368 -55.46254819473873 1455.0347551988355 157 157 155
-21.108521427602824 -62.93596803443625 1480.7981838174971 179 178 183
-24.063882943354443 -57.1545912763126 1465.4346335486086 23 32 56
-5.397617599833521 -32.76069294631222 1460.8704400723118 180 185 188
64.3341675668529 3.7301017532145093 1469.865749705474 151 152 157
58.08777998872281 13.222401321977978 1444.1765134692437 64 57 51
52.865364149685526 4.805315450173799 1452.0010136462593 161 161 154
34.44815421998554 -7.324920834346062 1450.6310851495182 226 202 168
-11.098286749034973 -57.09077652631204 1478.4913261894933 191 183 177
-30.97418995817193 -49.22996022551982 1445.20856977921 105 104 97
-2.006267790725713 -34.550579615571785 1454.5049943642975 18 19 21
-27.113665944575434 -59.21346647182687 1465.3196581175291 223 224 223
-23.928031598563713 -62.44277417546988 1477.0819625007496 143 152 149
-19.64326041994725 -54.48289776142486 1465.5384755423581 214 213 209
23.79981045814447 -27.951355616670014 1470.0668156848365 142 142 125
10.73255148751268 -23.598984967630326 1450.279508196639 189 176 160
38.491288015759615 -2.2969255964462487 1459.6257883265723 126 137 138
43.18191967606435 -2.6192341257058116 1466.8708470714244 152 163 168
84.74355042923426 13.607818247431164 1472.7012512771826 56 57 27
71.9070802057374 7.009584025947088 1467.90738050711 221 217 215
-1.5152589853759564 -28.88644890647366 1445.0092196554558 140 124 90
-47.2725446623577 -61.10286634296062 1453.7161883118974 111 118 114
0.1485463105869196 -27.478965773580782 1444.4207108855348 212 202 182
14.116203408907316 -19.172931985306754 1446.7138622150542 72 78 38
-16.972238810598423 -40.2993343978785 1446.3042440006604 75 66 44
-12.161070482699065 -41.84117393962453 1454.1491877145925 66 67 30
44.72150544139568 -0.5284399064035193 1451.3589365217313 162 158 130
84.57728953923255 15.606621209021444 1469.5460629391093 138 135 96
1.952651083598814 -26.218527685449857 1444.038106495334 201 198 191
64.930904275683 12.977139363977507 1452.4019879235561 196 193 182
42.96947232028921 -2.5410615270181767 1465.8984672502938 156 167 169
-49.703310778018206 -61.54314458584917 1444.8094433284316 169 169 169
53.794442963355536 4.944900228083009 1452.5028342017827 59 53 50
-8.643019715440838 -35.21072790958841 1447.616376829466 118 99 66
-17.742795301012315 -45.247655076120196 1453.8479693944782 160 161 163
42.51948226856744 0.8502216072765775 1446.6442041998037 59 64 41
35.748860762650274 -6.184041677565413 1456.4722009102272 69 78 85
17.87347598137149 -36.479525712118395 1476.732833690264 173 169 168
8.586257723717603 -21.48922955495186 1444.3026266214224 36 22 14
22.5053089645942 -15.476451567875985 1450.178143921838 146 135 131
-8.93835728644355 -33.82330312950561 1444.204671469466 65 61 58
63.19361474902665 8.720288191957144 1456.916068573354 95 83 59
-12.89239677208443 -36.82725778897804 1445.1401912234019 88 77 71
36.15441063166401 -6.160004314134265 1458.0214218683993 76 85 92
-23.042362278014195 -46.148552690851794 1455.6997170597688 69 80 87
8.706203827640131 -21.545182491581148 1444.1681584835412 61 39 23
64.66729639869128 11.886149831128634 1453.8267470293106 75 78 50
-10.412942127673729 -41.02067346687913 1454.7657978463685 123 107 96
55.20321545196526 6.441574824150096 1451.9708886032806 144 145 140
38.15161960394987 -4.04963563765249 1461.1177356929375 121 128 136
-41.31895634610122 -59.737713837720534 1451.6215314200533 96 73 60
59.06066576008052 -0.04072739198342967 1469.0451131683556 46 49 30
-43.29802738388003 -57.6521695618098 1445.1842247823768 148 147 142
42.58489350054651 -1.7351208691890216 1457.9774988590743 43 47 52
27.116457778849202 -12.586299227325137 1460.050584641003 139 151 159
32.45636837952246 -8.92525530167205 1459.5715902186987 141 152 155
25.794600513858317 -16.34816750248853 1454.9809368955287 98 96 65
52.950237629386166 8.633420836626689 1446.1920769239885 119 115 95
80.24831495965188 12.781749729974024 1469.1774668864828 16 16 18
34.34601144387324 -17.070961722557055 1464.9375324660268 46 45 40
48.47713263766506 2.895023892106583 1450.2197845626683 144 132 94
-28.35586784776542 -47.12643876941287 1444.4495607126153 81 70 69
56.121875103069286 10.886616499146797 1446.1898825236626 102 97 81
-12.82804424640531 -56.644166165287565 1475.713004455728 51 45 41
38.89517594333294 -4.713842385279308 1451.4170855805426 96 78 56
48.11932353775563 -9.749963981296316 1465.9703092447064 152 156 159
36.66743916285766 -6.87547194581029 1466.2398623692727 156 167 169
36.45525601545304 -6.66605411911035 1464.7292691340972 157 167 168
39.888615470534354 -4.244606967414097 1464.2560440883285 152 165 169
51.76404433863371 -8.310446135923584 1469.5819703274522 90 85 81
80.23046125423845 22.476456568125776 1455.2260989487227 171 153 120
-15.809645455662043 -38.05005505390188 1443.8237156437278 81 77 78
-17.37333540784985 -44.985008304899324 1453.8183660952552 176 182 182
38.0225402599136 -13.04549886340763 1464.7605268414607 133 133 131
26.753062544229138 -12.745790100514492 1459.3401120382255 140 153 159
-29.60436739100867 -50.4211195786814 1455.537778936298 45 51 56
43.159758932561765 0.0903579343451529 1448.5092949327445 69 66 42
79.84254382703723 14.135880160268647 1469.5781864182786 48 51 57
42.74216410685422 -4.901389266572174 1455.910655319113 45 45 43
80.40911348681688 15.555438411189785 1466.5177012494557 40 43 51
-28.037673373100397 -62.685565291513534 1469.385694904741 113 113 113
6.415184658515681 -28.349910642485348 1454.105252232611 174 167 151
49.93452876360831 6.499130203412942 1445.6379309202287 212 203 192
-36.675763799769314 -53.05644510685109 1445.174484895498 193 193 186
85.20274637719696 14.727228075885558 1471.7637301105244 151 144 119
35.619843031012955 -14.677021889821864 1463.8763155383826 119 117 118
-7.2678647142564525 -49.83887281943236 1474.2754994500679 96 80 74
-25.737780027750944 -47.70448118771495 1449.0835462969924 53 49 14
38.33458172942684 -4.786081985359807 1458.7836284358561 105 114 123
-4.6781997077931186 -32.984704400712594 1458.39555691876 143 144 146
32.97640197420063 -8.367490668562185 1458.2874148205292 150 160 162
38.319695928143226 -5.294981437876687 1464.3809828663432 158 168 169
40.980610934086364 -4.1910327540719585 1467.0314698507075 50 54 60
41.05402141877534 -5.94369094425107 1456.0800510264928 167 170 176
49.67614744358323 5.958804376455093 1446.6287470416753 74 78 57
-39.69258108094143 -57.79389351636472 1449.8062155093564 66 67 47
31.534608969304525 -17.799001505020456 1463.1172246571107 78 78 51
30.89604934347071 -9.752849245742105 1458.005535744108 147 157 157
34.64998508610039 -7.255219120903601 1458.5406715181805 148 159 161
2.960814580948165 -28.318562219061064 1449.1112836276645 192 187 173
39.38565925489803 -4.803352451990034 1465.0935513599682 148 159 162
-20.56026310552366 -44.71438961020247 1449.9074803523606 195 183 140
-33.541692681021445 -53.70167429364579 1449.6829970923268 22 18 12
-9.053853868770622 -33.61108748670957 1443.959891687572 156 139 121
-1.12030562966137 -33.48518463902179 1453.0785350988813 23 25 11
59.73534856902099 12.725202759614731 1447.3686343161075 115 117 114
58.6950831217169 13.733128833583052 1444.505210139541 172 171 169
55.40024120313928 6.473403703500146 1452.0163827027343 167 167 159
0.11069592280584575 -29.840090860206093 1457.9678855910172 148 150 149
-12.357092082839948 -58.840095013924326 1479.1751571877885 189 179 180
-8.959599198790322 -42.409534098485885 1466.0882960699405 63 63 61
58.98064978251595 13.965646897583321 1444.5474565882641 210 212 209
57.4282202792197 10.446661679973504 1448.225699185263 171 160 128
49.61878750337738 2.7298340664837686 1457.7803683226 161 160 158
74.41224079812645 3.623302654669085 1477.4112320718925 215 218 222
-10.286021184074682 -39.36898927166679 1452.794717808134 201 202 199
61.33724312797938 15.900756730941422 1444.6964911965272 201 195 183
23.769029064511493 -11.027063946826805 1444.4199978118818 165 162 157
42.042430086586826 -2.020635954980815 1457.3582331720156 86 94 97
45.46411860779868 -5.376894573080022 1465.0604841785646 47 52 60
41.31071943076499 -3.50748994077441 1465.3512659750813 161 172 174
-34.65397228385955 -52.60464349999652 1446.9221201204189 65 52 39
-19.371283141251045 -41.88754819925097 1446.200548945052 202 207 202
20.59235193435413 -108.59256452411621 1450.5353624745487 145 158 166
54.816560921953275 6.177955031616647 1451.9786864540274 152 152 151
49.692837337352785 7.449047681879873 1443.631501267747 82 77 74
36.75794317680532 -6.0579221613995955 1459.9619953601161 115 128 134
-11.671813059621273 -43.80665231222598 1457.5008535896586 215 198 169
3.4934197312811257 -47.829596436428886 1478.6984854431569 89 89 93
14.054282666076725 -20.644230644983928 1449.1433429655733 99 98 74
38.380201897205396 -4.9633062088123925 1463.0168977404476 63 71 82
38.233591915692564 -4.78059985849782 1458.2284383029469 126 133 139
30.635436171806273 -12.199859476278846 1461.4620209703778 29 32 37
47.02531583442724 0.40601223776180645 1452.3787984422058 62 58 55
-23.826451097760298 -45.61945234856841 1447.5105782162523 102 89 44
45.85544528726361 1.6985595043715649 1449.2037097771074 92 87 55
-7.834060218599497 -35.66810112614923 1449.2355783333435 176 161 122
-37.00318974916833 -56.44938234703817 1456.08912945914 57 55 48
-22.450381133172762 -45.9233821241877 1449.803597246009 65 63 40
10.482815492258183 -26.643316812574124 1454.9992043209465 109 110 106
43.86501560864202 -1.0219948124352776 1450.9133780368163 101 92 76
5.499291967962281 -31.113329111842532 1456.1379086520494 198 168 131
66.4577851626998 9.280675224712725 1459.395176702107 50 55 28
44.88348850930987 3.875861788015081 1444.1376114353898 74 77 79
-8.635149871427162 -37.413662339968646 1451.017355398121 196 176 144
55.159353495242925 6.799846296522074 1452.5652168711133 62 68 73
50.26059774403424 2.768343966842608 1452.2434589387556 58 56 57
35.900256775185746 -4.872338546403723 1448.3469166107568 198 177 146
38.975065045630814 -4.731976430882241 1463.6819374704057 155 168 171
-9.380948144178081 -48.38820201192493 1466.5799031875458 211 210 207
-27.451949890529345 -60.64115209727021 1476.3386290513095 33 25 26
-23.03659171747478 -46.52813879785933 1450.156994956509 179 159 135
71.31012483095714 7.811265755094318 1466.0397289686684 191 185 179
-23.933950378000524 -49.329070539775735 1454.655071058062 43 39 36
-38.59402548316535 -58.906102298687415 1453.0015867851673 150 154 153
13.934211181952827 -20.291950367682357 1448.3968685319016 121 109 75
22.732497919409482 -21.085082989349903 1459.5170239761392 145 140 136
51.2808049203982 3.881339591063283 1451.5625388949973 191 188 181
49.06438357294188 2.1183149528414895 1452.0226873634642 183 181 176
-5.417076620449196 -32.94999584686813 1460.2421899406304 134 134 136
9.239417422160555 -31.563630959743037 1460.90035191887 201 192 181
66.2773983718785 14.992016612899922 1450.3007788585644 208 200 189
-19.47200091246073 -46.387887906243094 1453.7174767072938 84 71 68
16.82282316113578 -20.38616683659189 1451.7446409472288 106 96 78
63.3955994081834 6.469033982361408 1460.51654816332 33 30 23
34.904733565532936 -7.614036783043781 1464.1380534941713 158 170 173
56.32889042878412 11.448897890669093 1452.933621663591 135 135 135
84.18710055008518 22.28259022586645 1460.2265910090862 50 50 20
-43.36950722029485 -58.344846924149856 1446.3728253982629 80 78 64
78.05993669356667 24.096022199206338 1450.0888312662455 100 91 56
-21.307529163518517 -63.21555654277764 1480.9840797084767 226 227 231
21.478881966177376 -12.70447641023744 1444.5257512081312 92 105 43
21.32135762059607 -14.301597525414477 1446.9808940671417 199 196 189
56.28159791716029 12.052888440726045 1444.402064941535 94 89 87
53.71636483737971 8.646372490152867 1447.0533405949009 87 88 56
24.630257567767572 -15.026693301210631 1451.8219096507883 66 59 29
0.05021988318629008 -32.24114302292805 1455.1693048651787 164 174 184
-38.43391901240527 -75.23188670585486 1477.1917705154572 85 79 59
-1.8321473457676585 -33.338703028411345 1455.025530976235 24 29 27
-49.135844019398114 -78.16000306876064 1469.629992442301 66 55 49
-10.934195540893072 -43.43397417727672 1460.1826905178552 81 118 175
40.30366453210287 -4.120033257904698 1464.8238196738591 155 166 168
-36.68837574505118 -57.07696482208137 1457.776669010995 162 159 154
8.902357518765495 -36.47196396200652 1467.5149846425486 122 108 101
53.67306548678228 5.2426691623144706 1452.1315686144467 44 39 35
48.97421810256749 -0.9418694814985165 1463.8596101700543 46 47 48
57.4282202792197 10.446661679973504 1448.225699185263 171 160 128
-3.4949514654335516 -32.68060795645622 1456.5545400175304 73 66 69
-19.69435625598108 -62.17586511709682 1476.75485674566 72 74 45
-14.626181291121974 -39.215368183420665 1447.1576882838642 161 146 98
68.54765550700085 11.802470440598784 1457.4253537115126 197 192 188
60.670852722085776 0.05356922561874818 1470.3674033841787 144 151 165
15.618123838521125 -19.845032482377842 1449.7771420979007 188 188 186
77.33129681428599 24.02180241344542 1449.4942298667165 64 63 42
3.0291440121481488 -41.678166993330606 1469.366961692168 70 59 43
-24.736805135831315 -61.15984055625521 1472.0220498450103 19 57 48
2.8220224579108244 -28.46576030449489 1449.168703398895 73 65 52
40.47368353546629 -1.7736778952689316 1461.7159204047384 167 179 184
48.194971545572166 1.5097989517784223 1452.0346385368723 183 180 175
1.7048314696268283 -26.647544412151824 1445.0580223066745 83 82 42
35.9054632893544 -6.682172913238003 1461.7061831978053 127 139 147
-21.06290010817745 -45.18928585965363 1456.691702399404 126 134 143
10.941827923515861 -23.22180556360384 1449.8527992391091 106 103 64
86.41992777932235 15.587939606923696 1472.0354309042054 79 74 44
43.007130987744866 -1.929229693313457 1463.4887332841085 150 159 166
85.1624418769227 16.11403357141328 1469.8661924594217 77 79 49
37.148478476306586 -5.432281877954805 1457.6520744361806 155 166 168
78.86769659829343 17.81121915215024 1459.9277977074605 185 184 180
44.92213763296095 -2.0213492923013874 1455.7678218846504 131 207 164
38.98436578749436 -2.8072379657565025 1460.9294384662771 166 173 179
53.402406909200785 5.169567088634409 1451.9965864597436 169 167 158
59.71884964827145 8.28992119417742 1454.7966354442538 18 17 15
-21.694186016517463 -44.305820903935086 1447.8488897976229 171 159 133
-17.158026634246987 -39.041356346736414 1443.9484022190863 187 180 172
-22.106683068921477 -59.790880089264746 1471.167383936607 167 169 167
-3.637799402153053 -31.7779594916463 1460.0976576658986 168 168 168
-8.3037619386834 -36.305284402786505 1449.8326972148675 97 88 35
49.775556430328706 -8.807617923374652 1468.8431918331703 160 163 168
-25.23323846012475 -64.23098670738395 1477.1101675256516 22 22 20
43.74130253113622 2.072369446562936 1446.1685255942584 70 72 53
-12.260057678669376 -56.212045996451025 1476.163677944187 200 202 200
38.165083145484466 -4.634077580299129 1457.240482787427 142 153 157
38.390944639017704 -4.866967670594864 1459.6611598350955 123 133 134
60.98794463863864 -0.36352479225522416 1469.2839659940578 56 52 49
36.58383493720741 -1.9958623596493883 1444.4148439494884 219 217 218
49.29766720501648 1.9436766553285987 1452.4969216552215 160 154 146
2.908263852858843 -28.59749421840305 1449.5479136534714 177 165 139
-35.979872567725785 -52.04657446076219 1444.0391631206805 94 80 68
-6.789602069533371 -34.07419866371403 1459.5247325489208 177 180 179
-22.1335250489774 -45.07140319272551 1448.6819831822795 164 150 128
-27.23530787567029 -48.72749265070166 1448.9768515912622 158 144 111
38.34807807682257 -4.810551851575353 1458.9486527887063 112 120 123
-24.661612229446135 -46.67971682493273 1448.41771178337 199 193 190
20.446048354569236 -13.72395762324965 1444.971878794716 199 200 195
-25.85038721342079 -47.585949374769804 1448.7174843748116 170 157 124
13.906337989731131 -18.918863093470673 1446.1277619015636 90 85 56
55.737206422945725 6.624357029545788 1452.378976521211 83 80 70
46.02070804066401 1.5712115075109472 1449.6041079748913 48 43 42
77.58251899951007 23.937112697751864 1449.8871938543114 160 150 119
-35.48549584552809 -56.272639831040145 1457.7951833656412 177 174 169
51.036542523981225 3.9552550230262598 1451.2553277566712 61 62 47
48.194971545572166 1.5097989517784223 1452.0346385368723 183 180 175
12.548970805126068 -19.638589493713766 1445.487713418948 227 227 225
11.26131129130088 -22.74927317258025 1460.0192592536919 77 82 88
-7.6659798843502704 -35.40184217746512 1448.9744619383196 75 65 30
84.86440481413351 9.846975371484884 1478.060831746781 101 100 92
60.57204572840593 -0.976899366673807 1470.7172148903678 78 72 45
-3.20580188093843 -32.20629627823312 1448.5560465550686 110 97 63
-35.41350758991053 -51.95503379366832 1444.4330550854863 35 30 27
54.46605869917143 2.8721717066416415 1463.8449375644361 20 20 21
-7.927047229290297 -48.041287836582825 1471.4283801574506 91 81 83
49.18267460044954 2.0871608762863425 1452.1733577525424 68 67 65
48.663893609888795 3.796722045603557 1448.991114691743 171 157 119
36.352706018099866 -6.15921001887591 1458.8151680507697 153 164 167
38.552876375933145 -2.9680287748152696 1460.4652093164882 115 121 133
-41.18417479844153 -58.39151310733553 1449.0936227927593 209 208 206
-19.378045637242444 -46.883594915614935 1454.7863875467692 158 152 142
34.429331721102145 -7.127370467325096 1456.6968246800475 133 144 150
-10.042020481904963 -34.077959274673084 1443.813982174676 99 84 80
2.9916239965174354 -28.369585238476326 1449.2702638666728 34 46 17
58.82879917425515 12.854421015215792 1446.134436679214 151 151 146
33.68106201608801 -7.789213471584843 1457.7054829644035 152 163 167
-40.094611706207594 -61.78011583128449 1461.634194917362 125 124 124
-9.33301126918303 -40.35710699134934 1463.5484579021415 167 166 162
55.869407856752275 6.540550073381027 1452.5418179509888 24 22 23
-13.199017383877674 -41.96399219849431 1453.1549131649751 159 137 102
80.5279086089664 22.79789660318078 1455.341413101573 156 142 111
34.67702329121824 -7.601253509728694 1463.4452284471329 152 163 169
-10.600257548700087 -39.54247006543407 1462.4257689416747 165 166 170
-46.3137141009002 -85.5617307930468 1484.221708935053 47 42 37
-24.714632412054886 -44.89746744452722 1444.0077630502212 183 180 173
39.63507613143555 -5.052038871821601 1466.9077505912915 148 161 167
35.893841843088204 -7.550608019710339 1466.979140965287 118 126 136
-39.33850102681463 -61.35069251411564 1461.6741497007592 133 133 133
37.550482957312916 -3.031369973484743 1447.4466352676748 122 102 65
10.845676867070752 -22.886800704967296 1461.7619382679318 143 146 151
74.59467424998645 3.6238315440910007 1476.4797462045808 177 181 181
66.10081639793633 -3.306257197897741 1477.6512656141547 132 114 116
-1.6368044570865394 -28.82154373132878 1444.1728285071913 42 37 37
-41.07813625844673 -58.55890642903705 1449.5217509939635 196 202 202
-8.961215564298104 -48.518375634836495 1467.2785861117027 116 103 94
-21.758413102437384 -44.95864491453974 1448.9746008968696 150 136 108
10.145034879332394 -23.560943185205936 1449.4682393004823 88 91 56
65.97545208928285 7.830904087940148 1461.130007287555 37 30 23
26.98122805524029 -12.526828723676408 1458.7630318024549 143 153 156
32.32614677525642 -17.054322090352983 1462.9430251520062 249 249 253
36.50165264852553 -5.774476520234412 1457.0974372712037 144 149 154
39.365167503881366 -3.883154737221291 1462.7587649890866 105 114 123
55.65800869572473 5.5542225503881655 1454.0089826396875 14 14 16
-12.541481339875652 -56.15311935120577 1476.0817930607202 202 200 203
37.143141684765524 -5.6680816259892675 1459.0242748480407 75 81 87
-1.7472119037703493 -31.389238348278408 1457.0070879874618 128 130 129
-26.28975154382819 -46.66091080616603 1446.2477231826838 90 84 55
60.08330382893895 9.413158442321649 1456.188865018614 60 60 58
26.447302351779847 -13.020470285891692 1460.0681892147036 150 164 167
-7.516601664872438 -32.29403973150021 1443.7561940310475 88 77 73
-24.115690932468144 -62.192469201981055 1476.3534316504868 154 166 161
26.85037900111271 -12.696798433865727 1459.471701984984 125 136 145
38.37871768082764 -4.96156661333337 1461.3915575736949 99 107 110
-24.91267984007368 -46.821186427351876 1448.369013568513 88 82 39
66.44773814713332 9.248527228252163 1459.4013504478146 41 49 18
93.97743851973625 17.112868107880665 1480.439796892031 116 154 214
6.386536299993603 -32.842173123815975 1460.3445738960522 135 137 136
69.24650267119853 3.2362448122719942 1471.1933485125828 118 118 118
21.235034216067355 -13.201002381699057 1445.0457776698966 116 122 77
51.16456843139509 3.783232804114264 1451.7006360128337 91 90 83
56.55820690266289 3.865344120746864 1462.9912829056416 29 30 32
-2.834703364807152 -121.17005548524043 1451.3548277133534 56 60 62
68.52970626816747 4.315002438339524 1472.5854726211571 41 41 41
49.24328175710075 5.878519682662695 1446.3517835485336 45 49 24
-13.556276665929811 -37.24968801628442 1445.1074081611207 83 70 64
-26.609919614085015 -47.99662828510947 1448.4328172339842 77 72 27
-23.58728056792446 -56.88494146873642 1465.4063386216214 41 37 38
11.686947955366243 -22.454550545718412 1449.443561195279 172 159 132
-32.934167093410785 -62.32238886643192 1469.4464425648337 171 171 171
-25.032320990799487 -46.180188015176704 1447.059718206846 94 91 53
-26.847380025042977 -48.33786369165087 1448.8145542579896 54 47 18
11.588358093679412 -23.950672994291455 1451.7587098947622 125 114 102
91.10237658907948 17.494527570297848 1475.5185008938524 196 194 184
36.54141358920208 -1.9153787744164457 1444.232134711428 65 53 51
3.9047863329683414 -32.57782780228875 1456.4509072490214 151 131 88
82.7260864436 16.575561457144307 1465.9130897599998 145 140 102
-23.993830786708994 -60.75089497817767 1470.8893105874029 169 169 172
-43.56448627172679 -57.582722575520876 1444.8088126529044 98 102 70
37.42343566520966 -5.609273093832052 1462.1036682227646 111 123 129
61.315263709878025 0.35900464085745964 1469.7974814586053 41 45 29
-3.5204806258393404 -31.539213010710608 1460.752224688084 64 64 64
38.78693784142859 -5.6129940245406065 1466.9214938446871 154 166 168
-14.956779998741904 -54.85278877365199 1470.7920948394437 186 171 132
-39.08126467065615 -59.22181538017329 1453.0316257484574 146 154 156
64.58557975195517 7.197784054131973 1460.6636893369066 26 25 23
28.313769695267542 -11.684780180656817 1459.5572742775225 88 91 98
73.4026733125977 23.385531149113646 1446.262196874725 163 164 160
13.652816407355116 -21.14988747991607 1460.1809872379781 45 49 54
33.16724321513219 -8.490184086683305 1459.8737390981184 47 59 68
70.68199207696544 3.6700197286499536 1472.6431754365447 18 12 10
36.17901141682446 -1.9236652328846897 1443.7995867368027 202 199 195
-8.516379108784937 -39.77717497875334 1454.8293330102 86 80 63
23.858183739369615 -10.580319427447728 1443.7512064696796 200 199 198
65.2618752716385 10.13000366343597 1456.8689947789815 52 55 26
-22.53387207297393 -58.25465471207451 1468.5159210551742 181 172 131
48.15589630598309 2.8072960533417386 1450.0037116094563 68 60 28
41.46249500275912 -2.2544306741955022 1456.2358493547356 56 62 73
8.291235320192875 -28.952871781144726 1458.641858267771 46 30 28
41.3008394887239 -0.8474279585227233 1460.367286346208 146 155 158
26.319876243976342 -27.11754943736927 1471.2883492771946 46 56 30
6.295389336012366 -25.374027585320697 1447.9964013883316 138 122 112
-27.692677237768592 -48.28322787026497 1447.5989108603897 51 45 22
6.60360098887014 -24.680680328302092 1447.218060207615 192 184 179
11.49337247052961 -22.829158946463693 1449.8046132303546 81 78 48
34.107093729871764 -7.466617034296836 1457.4758243305134 87 96 103
-10.481787608695624 -58.98179624763549 1481.6610806127428 45 43 39
55.10055184729396 11.097726475804194 1444.1455558790892 55 57 56
35.70587839215073 -6.812462463293062 1460.6855721775194 130 141 145
26.989075309461125 -12.679575772718355 1460.0571756812171 145 157 164
37.80909197483597 -5.091485221211567 1458.5171602146197 141 150 155
36.352706018099866 -6.15921001887591 1458.8151680507697 153 164 167
-19.206008005498155 -43.60279974526881 1449.5142443218929 69 64 34
73.16354447303523 23.272573634553137 1446.1579227982572 108 108 109
48.95601641054051 3.9848801378573753 1449.046979967665 61 62 27
37.238577041336654 -2.5716078392047232 1446.1627961509157 151 124 92
-26.832607991996753 -64.62226146800194 1473.238047479503 123 123 123
30.36448769251631 -10.343691402096866 1459.3149599749217 117 126 135
-48.14351655041207 -80.31127763321552 1474.666760176589 221 208 199
80.20805068396193 15.864384377653364 1463.927919586245 198 197 191
67.4887678474573 12.94510997196207 1454.549964389282 99 95 93
-39.38488235644621 -57.78913351230591 1450.1281306783678 112 93 80
64.46860298402733 -4.217735657524501 1476.7210539689852 178 174 171
35.42377719377335 -6.873591490806658 1459.2506417883637 152 163 166
-24.984783708108097 -47.0428894797793 1448.694358727668 189 170 128
45.26686766621657 0.5483603550547882 1450.2047846314256 239 232 219
49.23098460657634 3.396829134852416 1455.3505483679455 27 23 22
-20.958492574975853 -43.037935942103054 1446.2469558654602 82 78 56
-36.155959975073316 -71.10362541327748 1473.8379642365157 154 138 122
25.551763320085684 -27.397536748909197 1471.0942211775032 42 52 29
20.831742907969467 -104.98060664698646 1452.1263747775615 202 213 215
-39.03695992831357 -53.967656778576725 1444.080740982657 142 142 140
45.32108823559891 0.5292997102777018 1450.31118819636 225 225 217
49.72552541930292 1.0086914688600415 1455.6380224747807 63 61 62
37.31553767691279 -5.6907853720483494 1460.0873583918792 142 152 154
50.48975606698089 3.1619603630952677 1451.9037032795545 52 53 39
37.86486553685895 -5.957234586519541 1465.6775159618455 147 160 167
15.973738055548631 -20.265591417662744 1450.6735962446735 190 190 188
-24.741185752877943 -47.12251396742667 1449.1077056948936 97 87 54
16.217468145620305 -19.854686569821162 1450.152429918967 210 205 198
-9.549507824128511 -41.748502873142236 1464.3598315538495 46 45 43
36.993137459121364 -6.361399496744027 1465.0938599904864 137 144 151
47.726552068816375 0.7285626081471303 1452.6803812663343 33 29 30
16.793805667269083 -19.467730075728195 1462.8670001639373 119 123 124
-43.89954402579215 -60.207068588828356 1449.6395270476887 103 98 70
9.436571606239431 -26.82790791410071 1455.5770269508541 188 201 209
14.045261312657166 -19.29703595496717 1446.8543372632591 72 76 42
-30.567141361031343 -69.64467716625965 1477.0493545979418 89 87 88
-7.214533187862163 -34.7467711547248 1458.0482479716736 155 155 153
-2.8546085104366004 -30.524622447645605 1446.1554588204442 98 96 66
56.91204940908936 6.706290734192008 1453.5448040734548 22 21 20
-20.955100102801726 -43.52834615933189 1447.2190595822365 59 54 23
13.21060783619389 -33.03541651147365 1467.0468212429041 166 160 155
51.144397443312286 4.792429928674199 1450.0570896878119 222 219 212
62.066378944334076 16.147930730789348 1444.5482223000063 206 198 187
67.69461951056685 12.690970333334901 1455.0945956071907 64 59 57
67.80301762301883 -1.0571541474582788 1475.7543379527226 129 115 112
47.398343759799786 1.9548768835545969 1450.4463406834936 89 81 52
14.234268947346514 -19.88590129202194 1461.229912209998 181 197 203
-1.3339242160110711 -28.596620682675493 1444.1629662009618 54 48 48
64.92956675767043 16.63263342940882 1446.6981240926425 218 209 200
16.019758984229806 -32.49673114379164 1469.475482060686 182 182 174
34.93712472547932 -7.176658038338814 1463.3041531029194 15 16 19
66.45104293154647 10.877836758348208 1457.0148393834866 196 194 184
-18.897495943112297 -40.90136560571461 1445.0970339319417 100 94 82
38.57445147330757 -6.162797784186033 1455.3569109486461 195 212 219
33.04532257540919 -8.244419481811402 1457.7642154709217 57 66 73
62.11654772166997 6.3872610123555855 1459.4430536503673 135 134 124
0.6875376115172915 -29.88436988011586 1456.2366030590651 175 176 171
34.39244579336517 -7.657784065063282 1461.6268923823188 66 80 93
-3.872384163020336 -30.217814394823815 1444.3439639759672 48 34 27
-40.38913598432714 -59.95201970271131 1458.417218697974 64 59 56
66.7724633905646 6.747968361510862 1466.9955174607214 242 242 240
-5.362417499275058 -31.256501455304747 1444.5526053003075 134 126 88
36.71364422100898 -5.651252867117839 1457.0974391231591 145 158 164
55.1414445574717 5.758615981132579 1454.7633688145095 165 159 152
50.74275502374042 7.035012080230418 1446.1930231476495 45 53 30
35.02586341900386 -7.387768823758808 1463.585758804043 145 156 162
54.75358693596195 5.935547253167907 1452.2675261456193 26 20 20
49.89929716852454 5.3664068446014515 1447.8172124071336 170 161 128
36.01882238747985 -6.613816746104095 1460.832751283351 134 145 151
48.61243524950324 0.32269111708341924 1455.740208105268 158 158 147
42.7103844191456 -1.1689314647059255 1461.5912031329483 119 124 127
-17.790646061094858 -42.99212726818479 1450.1087561275394 137 129 82
55.88324997506698 11.6373959711918 1453.014350886365 178 178 177
-41.549560370653765 -59.249174616348746 1456.268990041141 230 229 228
39.447674742297764 -5.243048608376586 1467.0651293663268 32 33 38
-48.052380113166954 -79.09739466026919 1472.6077000624737 218 214 212
74.68749210874479 3.1875187185422473 1478.8002806192083 20 19 21
15.763554306120783 -33.2917550454221 1470.096747902408 205 202 197
61.17498414454575 7.985175729211074 1456.0191324730367 112 112 111
-21.236974355323756 -55.96833775162688 1466.251067616837 48 56 13
-32.391585314660475 -49.84495576786871 1444.6924469851592 182 182 180
51.75353411661559 8.811872185702603 1444.0537793753444 163 160 151
-25.30499505769638 -46.9133791086069 1448.0742063027742 167 156 124
5.778812215470547 -31.33593201878823 1456.9164489203745 176 157 124
-5.0002114380994565 -43.94289835604907 1468.407261045135 131 126 124
-9.390577198435155 -55.638252835477 1477.4807495052296 111 103 101
36.17693987257198 -6.238422129788135 1458.5293771983695 149 160 164
-33.93312094558368 -51.78704610873525 1446.4871114859334 182 184 181
9.669301996416396 -20.897428869811776 1444.3950247385826 196 190 185
-2.8928247826195017 -31.42698808698119 1447.655117901917 190 175 153
37.69840398477061 -5.442891638725977 1461.3756492210284 101 114 123
48.64660638612348 2.7637551047042344 1450.50045539161 158 144 106
64.68303951133832 9.668876063515873 1456.9758182640946 82 77 45
59.72622630015432 14.493949067860482 1444.3999749071747 97 96 92
-0.5665372157675668 -30.023508624614056 1458.9562922720395 144 144 144
-8.954970144839196 -37.70506459441412 1451.2266225653088 120 112 69
39.345556920594305 -5.327062946775689 1466.972335810986 117 122 129
-4.74590681372482 -33.46089287380805 1456.9132854895204 136 135 132
67.14508843984355 -1.0410425467101199 1474.9684436721357 150 148 151
48.504975875560454 3.1978222380276193 1449.733188440492 161 149 111
5.848127165409184 -32.1868376528438 1460.8650594212884 160 160 160
-2.0095424880005104 -31.119841077262052 1458.6113985454815 142 145 148
61.027710744173824 8.086747660288665 1455.7280006143035 24 24 17
6.826245283261421 -26.280273234615052 1458.26227776615 138 143 146
16.19248313679539 -18.4287032688545 1447.8399712240125 191 172 146
38.41036898380609 -5.008506610545022 1463.2763210458872 158 167 172
1.8692689450878064 -25.810470259684873 1443.6918508254564 86 86 86
23.334593897047007 -21.004143670985236 1459.6817879144257 74 71 66
-3.4992890621977515 -32.67707797587226 1456.5556971640478 77 72 73
55.71116419030889 10.557864813182018 1446.325463279237 101 95 72
76.38255602548256 7.179142566509706 1473.091494911414 154 155 157
32.88274999368098 -8.673660049237233 1459.9930366829767 136 147 153
32.71018883821234 -8.521503857735704 1457.9869425104516 149 161 164
41.10673107522768 -1.7328164649478397 1461.931366840878 95 103 114
36.480017888800305 -6.054114742417405 1458.6559135327568 157 168 170
31.58994255267097 -9.277988995113157 1458.002156932251 142 153 157
11.690101360637575 -22.463215807595123 1449.4428900918715 172 159 132
69.07329793688767 10.421525010798579 1460.1930608080831 236 233 228
68.69529127121173 0.5596744237376836 1477.2803530337567 83 68 66
2.710252292298826 -30.89054575132088 1452.97803238271 191 177 141
-8.418119598664722 -39.169011822586114 1454.2950579440474 120 114 88
-39.01290392084271 -59.077931974627724 1452.809632493762 95 82 78
-17.215449198815065 -39.58378037990183 1444.7640982427934 207 202 196
57.88319715681129 13.061389443589132 1444.144937711369 68 64 60
-8.257911728988223 -36.41743834913118 1450.027065712275 199 179 143
-19.794375705848356 -62.446638910162086 1477.2422790386302 171 167 166
-15.51561031884354 -40.997881487752466 1449.191448745959 117 106 68
55.43209280035323 5.703175475213852 1454.4849307274287 151 140 129
36.552300279626344 -6.71848160990305 1465.267090764297 144 156 160
64.04166531945931 12.839886199324845 1451.7166155331067 36 45 19
57.414710434355314 12.803669342417797 1444.1082816753442 59 51 48
54.7569189386483 9.888496844104564 1446.2194288905257 89 88 65
-2.759289911301325 -33.21173672373475 1450.7216589355182 185 183 184
-46.663389390044415 -59.333594335691075 1444.2918693767301 112 102 92
35.43244626475337 -6.533744334100795 1457.25183936708 156 169 170
-18.98450553177739 -44.18191118526338 1458.2881265378421 60 68 77
59.03798769999465 13.98093834744 1444.5320257964993 215 217 214
-47.503901884937704 -60.820554799954756 1453.6581399701188 65 68 59
-23.045397333205575 -44.577075073438166 1446.5521533355268 161 148 129
56.34898027391342 6.830811767666057 1454.801262944627 182 182 178
-10.563988446295738 -37.95249523331698 1452.0405764696943 17 22 25
53.67306548678228 5.2426691623144706 1452.1315686144467 44 39 35
-46.77593642685474 -85.10143960193646 1483.2390159568156 178 168 167
49.45126728873285 -0.5788580725482868 1463.7117138969024 108 113 120
25.097395365284562 -25.079002049646984 1467.122728349694 37 47 24
63.781926410134844 7.3202967857884556 1461.1972816778195 155 154 151
-12.72814966253313 -56.290099378954714 1475.0096990309814 193 192 188
-0.4722478306205491 -30.41486866553633 1457.359439061275 150 150 149
-28.07133077567256 -49.19403956696173 1448.6434630821627 98 93 60
60.77558686180386 8.08189002941959 1455.5115840097876 117 115 114
35.891643989993845 -7.092232756602515 1464.8819626305406 141 154 159
11.449935981052999 -20.83247841499193 1446.482583735609 83 83 57
-6.985115230264567 -32.29813468853557 1444.04808823469 94 74 53
-9.075595230925495 -42.41316552636146 1465.7721485923075 42 38 36
35.92492516184548 -6.5925080763077935 1459.6885058263679 149 160 164
19.317242361824878 -15.616934504341316 1448.4617290414533 243 251 254
65.90491051245748 16.012263737689022 1448.410729586721 66 67 69
68.62257805287172 11.549033890869838 1457.9310058392634 175 174 169
10.144897385515872 -24.032277319408998 1457.974348246043 143 147 150
12.21616358048212 -18.725675314120735 1443.776037902707 217 213 202
-2.010263137181779 -30.61914793301979 1460.3124063720209 142 142 142
27.194364507634152 -12.381980892892015 1458.948609408533 87 101 110
33.82225085716862 -4.049214020055253 1444.1147559441686 80 71 70
34.66833822249741 -7.027082437658271 1457.1222657115436 155 167 167
37.04341861281037 -5.930929384339091 1463.3315003770133 102 111 120
18.34633611208236 -19.91464282852733 1455.7854973952712 14 15 17
37.05867749241085 -5.76076422583205 1459.3833359952225 134 147 150
61.313297113661264 7.960867404167026 1456.199059908141 114 116 111
85.04088092734449 14.710430371506131 1471.5883712549523 42 43 19
8.766890627920798 -22.84739896850243 1446.658857508279 102 100 76
-39.38775120807798 -58.18529722908374 1450.8863223445676 179 166 156
-16.25834838074153 -40.412623728653415 1447.402301492929 105 90 58
18.019663656594975 -16.883290331893622 1447.437793157318 131 115 101
58.78609868282612 7.81268755564056 1459.8751438026065 127 130 135
-24.283827619684956 -44.32167993851614 1444.5299333876949 200 195 191
57.87232567690753 7.642066464901933 1454.8953138020977 37 37 37
86.51464591587857 14.005582993093146 1474.8060081482474 184 183 178
-10.091756113146678 -39.4880678586908 1461.4461176996006 155 155 155
46.742913390080005 1.5567226482493843 1450.4472957191292 44 35 30
81.61491407880743 19.419405734646347 1460.4784633056438 43 46 25
90.8801719048352 13.520639706870883 1480.3243119148112 155 155 153
66.58621809237627 8.899548261235156 1460.125133767887 92 92 80
-6.080445299151838 -33.24461934730677 1460.7424188707967 128 128 130
69.37956584560607 -1.52919002307175 1478.190390449098 135 121 120
-29.219981050615456 -51.49812831137544 1460.3093145510675 101 110 119
36.598744732962814 -4.035522956146711 1447.782374054253 102 78 40
-52.555388664557256 -74.59804371082645 1474.2598617231288 189 183 183
4.693744908915395 -24.28233277263433 1444.6673256895247 214 211 204
17.267980714808214 -20.910157279773408 1453.3649397536192 37 45 51
35.63306749545571 -6.845039236733383 1462.1161647701342 115 124 131
28.372991082486216 -21.673446991034467 1465.3594803380674 148 117 100
-8.799787223951183 -33.359867150270375 1443.9879558344091 219 209 200
-8.31724256356268 -38.02170826366869 1462.3742330845068 140 140 140
-21.160963674412145 -44.93951316208248 1449.5157689776165 53 59 23
68.22579547373817 12.173930734303633 1456.5199132958915 222 219 212
48.17732115711186 4.016345033114678 1448.1574872073436 100 89 52
80.91914859180969 14.620281558132906 1469.772164070526 223 223 217
-20.9094925481589 -61.15601713130307 1479.2808841153715 42 60 55
-13.01830818792594 -37.60859224959713 1446.2719108100187 182 179 175
0.3674102210095671 -29.29095449980805 1447.925161784121 170 161 133
35.070202656387025 -7.200826945870999 1463.275638030158 121 135 144
63.56627107799522 6.518925915836123 1460.6454224441775 110 110 102
-0.6592859052123423 -29.685842108154443 1460.3052426969425 130 130 128
2.541537392710127 -27.53268181936436 1447.3930281779105 125 114 98
-29.071357448744997 -53.310425287022895 1454.6355556270846 76 76 76
53.272091891109696 -12.918232406307295 1478.0723026809972 39 31 26
25.713369492390683 -16.115799554169524 1454.5468278788467 123 120 92
26.31289148014506 -27.37137011148036 1471.627247947369 50 54 39
62.52219240740282 15.472482179633031 1446.2760039413033 74 84 62
38.053335515455885 -4.760098173268692 1457.4083242352424 190 218 231
1.6846769846670533 -26.535647610817918 1444.760752705712 153 146 125
4.630438308454068 -30.751132588108756 1454.7914245297573 123 102 82
0.01829916738883509 -32.613453022940796 1453.9330459770522 31 45 32
4.476443089927279 -30.82369652610113 1454.6856721855775 182 156 117
64.66061335854144 11.229884787679266 1454.8027644183435 70 70 52
-18.754691001742888 -41.47393208031533 1446.197137557187 179 175 171
-21.91699057958354 -44.71517610097671 1448.3134156027359 74 67 39
26.22034804385703 -12.92324733942256 1458.377200075708 78 82 89
-7.958787251717545 -34.75215597652174 1459.8936691963825 126 126 128
50.291104023714624 3.3795140765916645 1458.7029977842544 185 184 180
-18.930065837147087 -47.8984616039549 1464.1581683489892 23 26 31
-13.48174483817884 -39.19313539945248 1448.4833903605697 44 38 26
23.382963749945485 -11.674189079741145 1445.0315472973045 69 87 39
36.18525424396599 -6.481729334703698 1460.6805746752696 120 135 140
26.852886095165484 -12.737070683555576 1459.7452070524955 140 147 154
-3.9996878611918456 -31.010050239960346 1462.071825030995 233 239 240
-25.89194795843659 -46.38730393034175 1446.268588864962 98 91 67
33.49206324603137 -7.999658595066827 1458.1379166282254 150 163 164
49.813176980235156 7.3276426705609765 1444.1463216927798 78 77 76
65.93225911589793 11.248019134567135 1455.9364529625598 40 62 10
-23.022271112338537 -44.4214099647283 1446.248148379181 65 63 43
34.54289191613657 -7.1593615647030155 1457.4044541257208 155 166 170
77.8515874160243 23.002879771813213 1451.4341284530153 204 202 195
-23.498537115548498 -45.176162325058655 1447.1044135201607 176 168 132
35.02108617626646 -7.782608800030852 1465.1418992526035 156 167 171
64.01908696582596 9.16590194467881 1457.0589181137523 88 83 46
-43.26072178464829 -64.43443610214852 1464.4223781194703 17 18 23
69.04040884567985 11.30835009635077 1458.636964469957 73 71 72
51.62411356832215 -10.243326149106721 1473.8717896568644 124 123 119
-48.970043275722546 -59.45095516732246 1446.7719954045806 93 95 90
3.5795814351894832 -30.451909789090756 1453.3123470455741 93 89 57
57.504519021587186 -0.46491410594007243 1468.7747751408458 67 70 60
11.15428642529995 -23.929838434290797 1451.2194184785344 170 156 131
-4.551611631875139 -33.44721805640845 1456.430744976536 146 146 147
65.55066477272452 7.86224841397459 1460.5454863418177 181 182 176
54.59612184488022 5.377963959219455 1454.906030634353 31 32 32
58.4304311464865 7.541822838085785 1459.860198948001 127 131 134
57.47147740324187 7.1795642855405095 1454.641404258792 166 159 153
50.399233458632594 -10.735614233951198 1469.6905376188947 143 148 152
37.923772735200856 -5.063124665336858 1458.7929189195224 133 143 145
65.02896694170282 12.34356076210478 1453.4431055812393 121 115 88
88.41678293951207 16.119061272954628 1477.1446107062611 194 189 184
49.11667537719245 -0.7273110715424463 1463.684317875041 113 117 122
36.4159116417022 -7.1485159897554835 1466.5519544649947 146 158 159
-8.459355667581342 -49.44362551783422 1469.0823409118084 132 125 117
-16.566375151762646 -52.34652330402399 1465.3053648481791 208 204 198
75.160110183051 4.543132615699266 1476.7062494763838 165 170 183
65.68627684664526 11.247620268085956 1455.7908694474309 131 125 103
-14.719501189961886 -38.58108031145923 1445.866500657034 204 197 189
-6.869889888678801 -34.324533685169555 1458.9102708021176 146 146 146
-5.394325036289631 -35.73160930537737 1452.0433550826315 157 142 119
39.24540325846914 -4.624686452832382 1463.9772856173854 156 167 171
49.82065093880547 -8.131738728579547 1470.626058564516 78 44 24
-11.994629839561386 -36.989543802059195 1448.9030069870948 5 7 6
-8.558300817290503 -49.23392468866428 1468.6986502026384 56 54 39
-9.711164175485015 -34.54270695523586 1445.0332985741857 199 182 157
38.975515620840525 -17.41336986973489 1470.13075871433 208 196 170
12.763196097212607 -20.341817465281405 1447.1375145379739 89 87 49
-37.444770694678986 -56.15679461942649 1450.052769690427 167 168 163
16.081710624513402 -19.506764354950498 1449.4966680270472 101 98 63
25.219553602374624 -17.629979939052536 1459.7055932877522 18 23 27
12.02279718107725 -22.231578372896553 1462.465495391001 210 210 210
-48.56107254329485 -79.08583413530361 1472.159613248544 105 100 102
-16.38148584543691 -42.51910196433531 1450.7891414211854 136 123 90
34.3206627023874 -7.611239611689876 1459.2915507764649 132 146 149
52.36104556061607 4.329501548659954 1452.1503331794675 46 40 40
-1.5832563506596207 -29.977792054505404 1461.4830797535556 163 164 163
-34.64773812269745 -51.372559691445055 1444.643179934864 193 192 187
-18.29932922956623 -43.085684178832025 1455.4754024185881 181 182 185
-3.4189774488980995 -31.59348044149843 1460.2135130630952 135 135 131
36.75794317680532 -6.0579221613995955 1459.9619953601161 115 128 134
28.59822679919712 -11.627541672487427 1459.7977271821383 152 164 166
34.90926186490442 -7.616648099936925 1464.1394633641457 158 170 173
22.056609848573203 -18.61441145961259 1454.5669751859155 73 61 59
66.63554641306577 8.833423339792636 1460.1038662682006 92 92 80
-2.3867125026033387 -30.944499006805195 1460.081671871647 175 176 171
13.000010402242479 -21.459655433057044 1462.3805921021485 172 176 175
51.56447397546114 8.662018110349779 1444.4724234652003 220 217 210
40.08670953282263 -1.2837550212903983 1460.6184588537317 149 158 162
50.53799837083763 6.8127236122282255 1446.3735087813236 75 78 49
27.44897431161407 -19.429030815593745 1461.196927880201 56 40 33
-32.52524809726783 -53.78202758987957 1451.5883190882523 189 191 185
33.72332458712205 -19.05834070368767 1467.2943581979075 153 146 132
90.56328828615369 17.422408766412087 1475.8321540745922 66 5 10
24.063125450642026 -17.648091180413942 1458.3195213091253 198 215 227
66.28360023701357 15.07638205696496 1450.2742327686042 207 198 191
-41.07813625844673 -58.55890642903705 1449.5217509939635 196 202 202
-2.6679662337314185 -31.55375219566184 1448.1654622527465 209 192 164
15.407703613364102 -32.073279087533756 1467.9485619137397 195 191 182
-2.6598501182712475 -31.182304795705136 1459.9594753303616 144 144 144
-6.27827290841514 -35.44568068219415 1450.6586028494937 145 119 92
22.705445979786976 -13.717524207767598 1447.4781871597645 82 76 54
10.425478869059557 -23.92245173134668 1456.097795019659 82 89 98
-11.719405884413073 -57.39259489542108 1477.8828926477875 107 104 94
-22.642102655117196 -45.518796449101586 1448.8923819156894 87 81 33
40.31823893724743 -0.8586181719967058 1459.9056811555733 155 163 166
-10.733926703381202 -57.77611835939215 1479.0234034241905 166 164 165
36.47708664113383 -6.19615969221043 1460.9510677954809 117 127 133
-8.143219375259536 -32.76509169281196 1443.7905114032662 112 100 90
79.10550822279437 17.56047306865048 1460.4359864056344 114 111 108
38.49345559437077 -5.3503582064008315 1464.8345286317374 125 130 139
33.39234816251251 -8.079901403430824 1458.2119901701485 37 45 51
41.74167031309298 -1.6667596079905194 1462.1348953174388 153 161 164
53.376484084972006 8.869871465721792 1446.1732386102133 97 94 75
-15.463199752072642 -43.686820518033535 1453.512453394545 170 170 167
66.92223905540446 14.018484593955625 1452.4751180360063 208 195 187
4.05746970885372 -33.41515331927415 1460.980514718797 73 72 70
37.439286234192444 -6.052002682005872 1464.9772119880154 153 167 167
-25.304413034084217 -47.446937137410394 1449.024483438928 117 105 56
-23.455164528478992 -43.41110610452904 1443.932982312116 204 200 191
62.927012868859045 11.61213397887666 1452.2270005555038 169 149 117
55.507765624398935 6.663409437634781 1451.8894445619903 54 50 35
1.9433343790686153 -28.267646967083174 1447.8456156825046 163 152 138
71.4597378746783 -0.7229980873700892 1479.287575957156 48 40 37
-29.766055866532465 -66.5830983299904 1475.8790494830357 53 51 48
57.82478309338007 -11.83377023256242 1481.0316228857037 93 87 87
52.60022115211033 7.409780319261466 1447.7126494950921 160 149 114
36.78520689837204 -6.0775761931617325 1462.5633406926163 118 125 135
-11.835163771516935 -56.06680308756551 1475.40552819035 65 59 57
10.88640826155222 -24.484746970655053 1451.910073900758 127 119 96
85.49429748355028 9.09513055899251 1479.5341904729635 60 60 50
-24.417998714333574 -48.049463594189795 1451.6435694012114 76 72 36
38.51165029369686 -5.85712602849836 1466.970569315711 110 119 129
-22.761839366146987 -45.0508573254868 1447.9300693551295 74 61 34
-17.763645232143013 -42.749227163253344 1455.4822180255699 170 171 179
39.16524385317531 -2.6055379845878543 1460.9971120952453 166 175 180
26.321544526147182 -12.923557389380402 1458.7421892322952 142 153 157
10.550977402470293 -34.36083053171966 1469.7063856495945 151 146 143
45.809816460669204 1.7582601549042163 1448.945623161975 103 96 60
55.56153783853932 5.673338777534946 1454.4221211564625 69 54 43
50.91868142312565 3.9221754865596137 1451.2017230168742 65 65 48
3.548970726069672 -30.40571974956772 1453.1152138559994 124 118 64
86.69635236916618 16.572182381535654 1471.0102508846692 178 162 128
6.0859119672378315 -24.445496314369564 1446.1600339891008 123 107 99
50.879755998494986 3.73034980440924 1452.5378549094364 198 195 190
50.07150093370865 5.115298588074788 1448.6152901577968 144 136 99
58.81897124418275 -2.642947756253786 1468.944084509218 191 195 198
55.729089673437464 3.402136495103521 1463.0003156796113 12 12 14
-19.794375705848356 -62.446638910162086 1477.2422790386302 171 167 166
-5.2272776781424355 -31.431744488619568 1444.9897290921504 122 115 73
4.314115513026097 -33.21803299002123 1457.829685387016 172 155 118
-52.54957497170736 -74.07806854338168 1465.0650003092096 115 106 105
54.67619439318333 10.79336148056787 1444.176137752816 65 61 56
-12.755857737312896 -56.24473205083732 1474.9634495713544 214 213 212
0.15310482464387531 -46.6745540992928 1474.4502949305968 141 149 149
73.09219524061488 23.34282610200444 1445.919403693542 178 175 168
2.0395401002303863 -28.692727806228177 1448.7344536220337 63 66 42
5.930314717981982 -33.57580115823656 1460.104513028028 171 154 128
-17.527261064959532 -43.15362399406177 1450.68181625948 142 126 100
19.448158429321133 -32.05522859205212 1471.7650923040255 67 65 46
34.503324556256146 -7.608859211459286 1461.5821288455495 131 142 149
-30.48672277888137 -69.54415514312969 1476.9135694921026 42 38 37
36.05848474157142 -6.22569886467933 1457.9592893982997 162 173 177
68.61003201076467 9.870577740818677 1460.586607063146 233 233 231
-16.385084254293535 -44.130249702294066 1453.2879559574192 109 103 99
20.869076419451762 -13.467135877043495 1445.0467575218865 103 117 73
64.07557682406036 3.1818732895741424 1469.5856508563538 182 183 185
6.5420065025527 -33.001688582952085 1459.839645415726 39 34 27
68.69274319607085 7.63161689607593 1464.0784082542827 145 141 138
-9.070558770423093 -55.01407115932592 1476.8165235108809 54 48 48
86.22439039867673 13.895572186815853 1474.1355821981579 200 200 191
56.89383996487109 6.436600041766457 1454.3683905694666 167 155 141
32.779140580957446 -8.539787734821934 1458.4189934140495 155 161 163
32.06013952363773 -8.833526772400587 1457.2150587573624 66 75 83
12.763912263193031 -19.925732536886816 1446.5241173325123 168 157 122
48.967501356189736 -1.239696099767325 1464.1981837834694 162 167 170
21.56378428550935 -106.25470267617605 1450.4231462413877 10 11 13
37.64067232887293 -5.872919662776898 1464.8340420495085 157 166 168
-16.676504628517367 -42.202969080980616 1449.9959590336914 175 158 140
-20.807981802137483 -47.14877998493704 1453.3853463059565 115 91 81
34.702986308000554 -20.54613562507805 1470.2242997442338 59 50 36
51.477472142482014 -8.734399940174752 1469.8954246515912 54 49 43
69.49162398701213 -1.8792684265958548 1478.7917741364897 134 122 120
20.59516121794766 -13.262556278600668 1444.423380449581 218 215 208
-0.6897402502826684 -30.60228605164301 1457.2396520052398 131 131 131
-39.883137884339085 -57.84024813911333 1449.6833397773867 77 76 58
-9.411245376224974 -47.46721205005958 1465.383854104859 141 135 113
3.8837381487087788 -30.183098013822494 1453.1117955286245 225 214 178
-8.93234991163694 -40.56980211899392 1463.930143000146 80 79 76
3.8786660827115482 -24.39507799297361 1443.8203779381013 196 192 187
-18.69617894588636 -48.36959726395195 1463.7824979793188 77 78 82
14.205886228134345 -31.70268833027125 1466.0172404217667 117 104 96
-12.260057678669376 -56.212045996451025 1476.163677944187 200 202 200
-35.168050122925784 -52.73636115548047 1446.4427223400446 61 53 50
68.28353454534076 12.55075130032506 1455.849281615785 83 85 87
34.66833822249741 -7.027082437658271 1457.1222657115436 155 167 167
16.742784419397843 -17.652131242662303 1447.2444866601136 63 63 34
38.33958254561967 -5.099480815207803 1463.4249128182653 153 165 171
-54.185866978425 -80.78520932176762 1469.4701611722242 188 192 193
-9.415486728603002 -43.09023584398085 1465.131048668444 165 165 165
7.162999250971431 -29.475273058775397 1455.8262038014477 66 64 58
62.25098148821095 6.4044053339030915 1459.1062890931537 39 41 30
27.56758074918821 -19.4937932993145 1461.508513939667 32 26 18
-7.045816933714495 -55.09436781576467 1479.1197045571623 165 156 157
62.01546759467065 2.050902563086248 1468.5592394962116 115 111 108
41.17068922991718 -1.6124622481635673 1461.7527317337883 142 150 153
13.331135376528822 -20.2463273254223 1447.6478647710417 81 72 46
-27.840728491261892 -47.70843738270973 1446.2687063454969 74 67 57
44.6218483904758 -2.5457665928131017 1455.6647309923455 52 55 52
52.80150982449639 2.1401937551096957 1463.3802947715853 226 216 214
21.5942557322036 -15.90014453566099 1449.8557842974992 198 191 182
18.853650960762742 -16.012570318458593 1446.9767979513533 97 93 89
-26.44200101641667 -60.20033325427986 1467.517080755988 222 221 220
63.600944601584516 11.24738229333788 1453.588627407257 97 81 56
33.76258665367725 -7.611403822324384 1456.7873379802852 56 61 70
53.10220598461595 7.402913365134866 1448.170034901626 166 146 113
-7.314730357991562 -51.046206136976515 1472.7001083097605 115 91 82
37.85725941245045 -5.510420150099773 1463.6086012033372 78 85 96
45.93323329521151 0.7537979142211978 1450.6428720822269 50 44 42
40.77254351054814 -2.7583341457491635 1456.114510913087 206 220 227
15.731519682298924 -22.403056738626272 1454.6263419114364 28 28 29
-22.347005503321903 -59.720706695622304 1470.9451898542225 201 202 201
-16.796529998405052 -40.14868998560417 1446.2329306262407 89 80 71
-4.539836596016714 -31.070512597006143 1445.4278314030432 215 211 200
-4.265748673786 -50.813076135936896 1478.2240982004462 225 225 225
-8.20491539910227 -35.550873881441554 1448.7149575692904 128 107 63
52.10135631914751 7.97691720791743 1446.249841748658 104 111 76
-24.964039603413926 -46.69733968732637 1448.0402045404958 108 97 52
54.857069089418474 3.841909851814393 1462.679341244335 62 53 54
46.99483694273871 -0.06877357543881034 1455.9684797645148 35 35 35
52.04429926631337 5.9732307028503895 1449.2210855654193 94 92 54
52.36909112297402 4.315261823241365 1452.143895752791 39 35 31
-20.228698628887994 -41.478231360906236 1444.3228484368362 83 70 61
66.32316575941277 15.99465579538386 1448.8023712613647 68 69 71
-26.310166200521287 -48.66646526743291 1449.7914459356314 158 141 111
37.133670943618114 -6.037831752076626 1464.0019637580579 166 177 180
-26.397281229040217 -46.965473592401 1446.7467612393948 156 143 116
12.543239153489289 -22.087251227477154 1456.2850339191987 84 91 99
64.48620501324386 16.573931365994973 1446.4772935676415 117 132 73
32.84423645801263 -8.275970046150668 1457.1646683226722 145 159 160
18.487888782942683 -16.523272129043608 1447.2814139278219 109 97 83
-22.723459245799347 -46.78072402593452 1450.672710734804 98 87 49
-9.748036613010305 -39.64231625850293 1460.1999702139274 126 126 126
-40.00240800126116 -56.91062395633273 1447.8647025745342 85 79 64
6.91985116540655 -25.197576557032043 1448.4639217595115 116 112 105
6.648048282496834 -31.477544593458514 1458.0183803678497 84 70 44
-8.988313841771586 -40.40905132926323 1463.5796240826742 183 183 182
-5.474685505500669 -31.18399854195297 1444.30979973114 76 67 63
50.11026659882471 1.9916475983929378 1456.042587033244 192 193 193
83.26180009364768 11.64018694931112 1473.513329715876 158 150 147
54.121337871204744 2.8184832930815085 1463.5906915607677 237 244 251
-13.602577275549658 -37.35244564976773 1445.1780461725753 168 167 161
-28.453086397263974 -49.60409569701336 1455.0835698654432 183 191 197
32.284489660095076 -9.090691517828077 1459.9160179609119 37 47 52
-7.6964900699035566 -34.091291114989744 1461.6608421420508 75 64 63
85.52356038719188 15.287492627745634 1471.5591845820786 156 141 117
1.7975828161459633 -28.18842037552825 1447.5468408985598 145 140 118
-11.486863858869246 -40.44117164038787 1461.3362069076572 154 156 155
-43.23427166490277 -64.43526657273709 1464.3951380732296 17 21 26
-20.737876201542022 -53.308583499326545 1465.1555734155243 191 188 183
51.115114676614674 2.96146545724311 1453.4399493579506 39 34 33
71.66091286766523 7.561146611323736 1466.7498903918308 51 51 52
29.62851711508144 -17.65663142991362 1462.55807579024 161 165 165
69.27900048367574 7.339001071463267 1463.6431273631783 207 201 191
-47.122356538882414 -59.85572889045184 1444.7148348535309 193 193 192
-23.154080328729158 -44.856743132352086 1446.9531582251307 179 165 134
-34.30244377935433 -70.81843189010023 1475.068144897762 106 94 80
30.549096197223076 -10.238257506761238 1459.7292770621675 141 155 159
12.789866583268868 -21.655738151827528 1462.405452717354 175 177 176
-33.54030970868764 -52.13581340537548 1447.3648975186316 60 52 40
53.328836519327155 -12.032704772352284 1476.7074258643331 102 97 94
-15.576807444811124 -43.59793529889963 1453.2794299649877 50 46 40
62.387409006201544 6.596354688753884 1459.8168037425237 25 28 17
55.93164342359717 7.005730047610233 1451.8002949533034 46 50 27
29.90772219754428 -10.67979404388398 1460.0046932790829 143 157 161
45.955882543196076 -0.14810577915210205 1452.110180088167 194 193 187
12.680359291660396 -21.646920683899125 1461.8619089831254 120 125 131
50.78066631140983 3.9390022798318935 1452.895677623843 92 100 110
5.426111958159794 -31.350569164654082 1456.319885847211 191 163 126
17.768719537318812 -17.856303153039537 1448.6885573904722 172 159 128
55.05155947024334 6.342956629795946 1451.9693641831211 149 150 147
-9.037034358624156 -50.350887896405105 1469.7190677732842 72 76 29
-10.44063485385314 -53.55621871610728 1473.2798624580053 91 89 38
34.77504024361573 -6.92228554226548 1456.9814957102733 162 173 175
34.68751052367938 -7.527462105459609 1463.1703617325873 130 143 152
-12.495607402771494 -56.23663225365808 1475.1990111113032 57 56 54
10.92823465571865 -23.14733256484481 1449.677089806336 71 72 31
0.11667619297913805 -28.45764870496317 1446.1804286536508 150 139 110
35.054137958635685 -7.250008481558555 1462.18971480132 61 71 81
26.311654745303002 -27.09463786893004 1471.2716339039962 32 43 15
10.929270619979992 -23.369755251226863 1450.0967992139674 188 175 156
54.76062379590304 10.952636427671827 1444.4753317874488 225 219 210
61.971329468295075 15.163209820648916 1446.1928276979568 183 183 178
7.681808663962768 -25.699112745230817 1458.8757861156023 141 145 148
51.59464168409997 3.0755550668367357 1453.1168898813562 41 36 33
50.24831177994006 3.3539137660416696 1459.3602348506238 125 123 118
-2.5930426783061615 -29.368430674081157 1444.456125883571 224 212 192
79.36211106288232 14.154912601423229 1467.0054135373568 8 8 8
-46.55755457797297 -61.19249261698375 1455.8970295496592 149 139 138
-21.787952895522064 -42.3818725196065 1443.9952091524474 211 207 196
18.675271193920793 -16.323845345023685 1447.3098878122055 132 132 130
90.52813888295961 17.07964212358442 1475.2075823674127 34 35 34
-0.382964525059792 -29.576244879090677 1460.0558262672027 134 134 134
-10.489605316530838 -39.84364499006364 1461.1773595153315 155 155 155
4.303927917699079 -33.20191200979821 1457.827392138157 178 163 130
-23.458262587904883 -46.45346380453994 1449.537107540582 140 132 94
23.36816496110482 -28.990254528072885 1471.1157346830366 111 104 96
16.087962361531478 -19.369269032685622 1462.3606270848845 204 206 205
-6.833184623547855 -32.44197002175724 1444.1213954759587 101 83 64
66.89103911369658 -2.399340236412857 1476.908794250307 49 43 40
20.549427030764523 -13.667874908128441 1445.064862865285 118 128 81
-28.831996991154433 -47.23497214850285 1444.4698295037176 60 49 48
-10.09438417926718 -34.66783971753412 1444.1852354068035 50 43 40
33.26285309744252 -8.400509913326298 1459.7293132799439 115 124 131
72.01251950426051 5.0841077245048405 1472.4056997031678 193 188 184
-20.86114311358786 -63.14916374075046 1481.1124475336594 195 193 194
1.8444680574860361 -28.39104766900086 1447.9490669751701 77 78 60
-45.61219061410033 -59.20796617207481 1445.2946256903324 98 97 88
-9.016969318399555 -47.3078586123789 1469.3673400787457 173 173 173
-22.81043282906537 -44.73505006266302 1447.1779854596837 102 85 58
77.57902811215939 19.776145406441895 1455.3419748060933 199 198 190
4.80920446984127 -31.520321170967073 1456.0332086697813 182 160 108
0.7117649948816405 -27.354270768654867 1444.9826402583449 127 116 79
26.17637256336503 -13.035395461919105 1458.7469132044641 137 148 151
65.27233113333492 11.859077369764707 1454.4083435200116 126 121 101
-36.09185047197487 -51.943034186495595 1444.0139412660824 152 151 147
18.19624006426816 -16.73147345071769 1447.3759609849417 135 118 105
57.95834862606278 -10.744722558566371 1479.9179025231572 158 159 154
-10.481870421639389 -34.61513729844333 1444.000359420679 191 182 173
33.873518179497175 -20.717695722366923 1469.6918912478902 48 48 27
60.619457160917335 8.113320548028064 1455.3098648233006 164 163 158
-31.603296043398508 -49.22624290931512 1444.5529881446191 74 75 74
-30.793192986079895 -65.79485898553789 1471.422739081833 186 186 187
35.89373145169569 -7.087218810754365 1464.8762517394646 141 154 159
48.705080121941236 6.6041931564974075 1444.2798357467525 70 71 69
37.697818883649404 -5.020457823980049 1457.3764005993519 98 108 118
57.579666585515774 7.073872853135491 1454.5132291300756 155 148 136
-2.807153155711784 -34.108283399726915 1451.9443169848835 178 178 176
7.914049836125851 -29.490524863522655 1457.896384275001 73 73 48
3.280224806961797 -31.003530855432157 1453.7357118511638 83 92 39
13.649317135142079 -21.13704394676283 1460.1844029366234 45 49 54
65.86449245589677 -0.8050236729284987 1473.6830681167803 62 59 57
65.18509166155013 10.57372250088562 1456.196260935339 54 57 35
51.622738548144525 -10.322653727654309 1473.3256464692104 17 17 19
-18.368310007412532 -40.20201746120961 1444.5759679106377 163 158 154
-28.7100066851882 -47.03885968296098 1444.0625586390183 185 182 175
-18.491203516060946 -40.2901061579029 1444.591832389153 133 124 116
46.406816478691404 -0.7395582782665618 1453.8573348039065 69 48 42
39.06162357163704 -4.924375257770688 1464.7920749032057 134 142 149
90.63595937280913 13.167895219331347 1480.963974627148 18 16 11
39.066955652943456 -17.14043909800179 1469.897798334172 199 188 162
6.516394998598078 -24.183102102870816 1446.182986736592 121 103 93
4.640922038554436 -28.96950797969883 1452.377172997877 195 180 154
14.187730557651676 -19.344175250032908 1447.0870480786443 61 59 37
-9.302116226207708 -35.638970211301796 1447.4136848975384 100 85 54
-0.969468166774713 -29.550514705702035 1461.47099365425 146 146 146
15.129972993776512 -16.884564837436994 1444.4916489160153 215 211 202
40.280743901001664 -4.546268443568685 1466.499858971862 149 160 164
68.85539766458122 10.952987590483131 1458.8155661077724 140 136 129
-48.5096109496516 -77.8040287172729 1471.3236498742622 211 203 199
-22.984589711339382 -45.80171534479719 1448.9710669948577 73 66 38
64.28098389756497 12.944547183482166 1451.8282386608153 35 40 18
-44.25017198745595 -65.55200068443717 1465.471311756762 37 36 38
2.725460827061824 -28.560285004473354 1449.28329857762 165 161 149
2.5878776707841586 -27.949824139795613 1448.0648582122808 191 184 176
46.89332314594879 1.6260561528424577 1450.3885154439618 221 220 208
1.8543813680462853 -28.77137813339882 1448.5220771800098 73 70 48
55.951620970644605 10.61313638352515 1446.4008746964853 166 159 128
-14.053610240167153 -37.211405964668394 1444.3576396959813 50 43 40
-10.289814771600149 -39.40476399923318 1462.2680200946 163 164 168
-8.45462467717423 -41.041668609571666 1464.9742158309764 109 108 105
-19.521745837483536 -44.343795597789054 1450.4264538407626 169 155 114
-17.483605165660283 -42.57039619608983 1449.7181017871253 115 107 63
-25.969581295970002 -47.53591172254363 1448.4275893344761 176 170 134
-39.290248751377106 -75.30064151825744 1476.2407929661267 199 194 192
67.6753883661266 9.247744745140078 1460.550494663797 194 191 184
-29.78587046955241 -47.45978808979381 1443.8878376129446 140 139 137
18.74505051518563 -15.402423922621852 1445.8162615950828 167 160 155
-42.02350407844871 -61.1275025195715 1452.6781554245447 138 138 136
-21.37044419323258 -44.16662412045145 1447.9492222003546 192 182 153
37.73163637429987 -5.42722022736126 1463.1360081191792 154 165 171
39.72456410167309 -4.605123981468941 1465.2345096344727 153 163 166
49.18811458375168 0.8158426540250678 1455.7410651369391 145 142 140
38.43797378559046 -5.340866855811253 1464.690693314635 149 160 164
-12.992857615221942 -38.06665609517384 1447.1505635764572 83 71 42
3.785236757875156 -27.811585766881905 1449.257949609726 166 160 144
10.614209926046332 -23.66114691153232 1450.1623969515201 144 131 114
62.27719543328029 3.351306205477394 1468.058955788771 185 191 198
38.390944639017704 -4.866967670594864 1459.6611598350955 123 133 134
63.90063445340707 11.42330430001747 1453.687213724298 117 101 81
2.304158220695227 -27.661920716725696 1447.3047110236914 110 104 85
39.51414957579341 -2.8929346981445474 1461.8740675390607 162 169 175
47.52939875092798 2.1245634717728237 1450.4276022094152 63 59 23
3.3445336614546455 -41.42183807123244 1469.6874400302356 62 65 49
82.3982884523119 16.85883760361952 1465.3331953690722 91 87 63
36.50165264852553 -5.774476520234412 1457.0974372712037 144 149 154
57.64197881143005 -8.180613173577314 1476.4086880312652 70 66 65
66.45756564475656 8.351439672179781 1460.7727233057751 63 58 54
-16.405290365062374 -52.197360453921235 1465.2201831973543 43 62 25
-40.72831572835334 -77.27588877097025 1477.8091122159224 46 42 41
35.304839085335445 -6.681603646594907 1457.6762063443905 160 170 175
13.21010842434853 -21.301945661251235 1462.3784300184266 179 181 180
-17.90264223030171 -43.10588927318376 1450.0636104523535 176 161 138
61.34027134634266 7.993754135821731 1456.0842219818148 25 26 21
-48.59848163782088 -80.07205710366331 1473.4581452153348 187 184 176
-9.281507225834803 -47.810282300212606 1465.9813558593573 143 137 112
-13.14163157110337 -36.98713755998693 1445.1940925124884 192 188 185
-29.44337237454859 -50.44165086305612 1455.8550804765605 129 138 147
-21.561121496001235 -42.0310296455332 1443.8286094597827 60 60 62
11.343875068403063 -20.725096391548966 1446.1693564493744 103 92 64
-3.2421725610237457 -119.31898754613191 1451.9826357494965 33 34 31
36.057787463850666 -7.034202681233974 1465.1349845735836 146 156 157
-37.54057432270165 -72.13219991205061 1473.944575808088 122 110 86
-8.363730956789192 -35.0036571816429 1459.910898457963 153 153 151
-32.868472015119174 -51.13570049871902 1446.3003861448583 73 72 70
59.592767044284074 8.41665098008492 1453.6643253441569 24 24 21
34.88066731507159 -6.910640143215997 1457.2784363890653 154 168 170
36.232152530995855 -7.313715238380544 1466.700240246672 147 158 162
35.7331190548509 -7.262592747373984 1465.1217890340502 151 159 164
-7.288654731904169 -37.31996219707744 1452.4918645022183 186 165 123
30.893829066107543 -9.916368571222874 1459.151179421002 139 150 152
-38.27053270256883 -72.85718586495067 1474.2897477665051 86 74 52
-19.842954056926565 -61.33637048098507 1475.5461681935196 202 194 192
68.19556211512612 4.093773265854801 1473.7253892612716 109 109 111
5.469787465305277 -31.08113949298043 1456.1440700820888 202 173 133
53.116564952687014 6.847473495513934 1449.0146485039525 172 159 124
87.55535631464744 10.047236641987816 1481.114471594323 66 85 34
5.96151897183892 -22.94058370783672 1443.795808289255 73 61 56
41.69891872739093 -1.167876640501891 1461.1479874551242 136 141 145
20.995986429857748 -31.936909481653913 1473.0028619545383 161 159 146
-30.594448605150035 -48.402426796214094 1444.4042259096632 177 176 174
2.7284917970466114 -28.563348324372292 1449.2844511138865 179 171 156
-27.839313059396734 -63.18688621858358 1470.106723459983 124 124 124
33.857160009975665 -7.516350805764875 1456.8361259142657 159 170 172
42.3231549154513 -0.5005320764719305 1450.9870748089102 8 8 8
25.787717905726176 -13.142687426538059 1457.9024461721394 137 145 149
-46.2263569207341 -59.55013990368295 1445.1058089889493 104 102 97
-23.535190712610856 -56.82047839551253 1465.1297577742444 79 84 90
-11.584286882705758 -40.80693182928922 1460.1404650799275 91 91 93
-32.42565959556736 -49.883938036232905 1444.744478698205 181 181 179
55.88807846971211 5.7086898355687286 1454.4105097322642 49 45 44
-14.74764781792246 -37.757132532992884 1444.2639815424968 72 72 71
70.95715974438765 -1.0314923709908266 1479.3560718789156 37 30 28
0.9645184463612418 -46.20945354437973 1474.4522552340322 192 203 208
-41.13707386227996 -77.56891797746282 1478.3986914686454 65 61 60
34.06398350231429 -7.54078664771915 1457.9844513273974 119 123 134
35.07089206391724 -6.6771102225945835 1456.6855428185029 124 135 141
-15.26364481225441 -58.12311905095976 1475.3989633292786 144 138 140
20.563745793074332 -19.243009304584188 1455.0460066721685 88 100 107
-1.7437773139962012 -33.74590529874145 1452.7642425579113 57 54 38
-8.518891230180866 -49.02136872340591 1468.5862206626618 23 28 12
47.86740065477616 1.2457606451075758 1452.0516171582644 193 190 181
60.36355940562704 -7.337589592703793 1477.3257674688853 78 74 73
63.918640988434326 3.7252031072150986 1469.5626449940928 126 131 135
70.45896294053493 -1.2751605777850115 1479.4215024408275 198 192 192
-8.640334254019013 -35.21170798093804 1447.6119706827726 118 99 66
-36.019205661531856 -52.469055748068534 1444.9673464595965 107 106 101
-7.935204142113573 -38.508549204166826 1453.604440462414 90 85 56
4.24017350727341 -27.119522055434448 1448.6542376226887 86 95 68
35.97609524279731 -6.611265753308789 1460.4570247858667 48 55 64
77.05841989635007 20.244034243968443 1454.004673142906 94 94 94
5.668654327710028 -23.246409053168115 1443.899543821126 219 219 217
60.00799030491397 15.215649546330349 1447.0380976342756 73 75 74
-27.09205866808512 -47.87581900133935 1447.6516885552446 124 112 78
4.897503941434917 -31.20483509696072 1455.6530995685189 200 175 138
-27.409413635212275 -48.64694905047511 1448.6148364813587 159 143 111
-17.89681337339286 -40.26104624920489 1445.2518514888031 189 184 180
-20.838196284688454 -41.526917880217916 1443.8204746837935 86 85 89
57.95294035144978 10.101827545912764 1449.2985860436831 54 59 26
-9.095386171960373 -42.54268951964422 1465.7473068727281 133 126 120
9.799686705282097 -22.82374186161126 1447.8620016179696 65 59 33
85.94747166872251 8.73853485695476 1480.7824400404666 91 82 83
-22.449981832738615 -45.43389488550506 1448.9569791147603 196 182 145
-25.584739308788635 -47.70458474802173 1449.1809097791775 162 149 105
-0.038340082991724804 -29.28898825893254 1460.175266923898 124 126 127
38.38141716899985 -4.518820121944849 1457.2380144828228 129 137 143
11.136044874318667 -23.82042531977485 1451.0310233353434 87 80 55
9.430187412783022 -20.742522876581432 1443.7940774797685 211 205 195
57.36358529024016 9.85210465391349 1449.0333060252458 165 154 125
12.994044325000408 -20.761835438445583 1448.1798386004446 100 95 64
0.647111367381161 -46.30768436661745 1473.9325190322106 160 161 165
-5.432391757834435 -36.25461000748984 1453.9113881334877 18 27 22
62.777396362445124 4.989653300538185 1462.3009415040863 71 71 69
67.61826851162606 2.179900415606062 1475.219652707575 65 57 54
59.58644836755912 12.593155885598305 1447.443776254699 136 136 131
10.385682917266513 -21.394115036848184 1446.1211137676605 75 67 48
46.00219290347215 1.204280134661206 1450.062099268386 56 56 58
52.547664339639056 3.650667415474006 1453.419587477636 31 27 26
33.520812312706454 -8.088570288893532 1458.8579881354124 153 164 170
-9.060360097446397 -53.76347189571633 1475.7376623541982 117 114 106
-25.23078243568398 -44.56934913015265 1443.9562100650462 207 205 202
73.62690907472822 4.293777441542395 1473.7774596053468 88 83 79
-6.9385888449716555 -55.09029657227852 1479.202898803283 143 133 130
58.773603293553705 10.978025339825372 1448.9365690248592 203 204 199
-16.419998599975166 -52.53051035537059 1465.095848989081 83 87 90
-11.95944798899964 -57.914076274978605 1478.6980956738114 66 57 55
10.14552839818717 -24.034629437655425 1450.3279536249997 182 169 150
-37.43537236235638 -58.059758153944024 1452.824455243537 54 48 45
31.628534140703614 -9.592858466679969 1460.2292192810085 103 111 115
45.91606421419359 -0.2447782089451925 1452.2392484873437 179 179 169
-20.753240722959493 -54.99555075060384 1465.2644605119467 213 209 206
-14.580469837059812 -40.52231290627141 1449.4792540515575 136 123 85
40.84586398684311 -3.874760584190089 1465.3561033200378 145 158 164
39.678304595427626 -4.495205996542587 1464.6671708090778 160 171 177
52.61469558039363 6.15010105264468 1449.6679819861292 150 136 105
1.531413994425045 -25.99369473300714 1443.653751314584 50 55 59
78.73505614311799 18.086571459841636 1459.14627050371 195 194 190
1.194040539301456 -31.547373493318634 1455.0090218091539 41 47 34
36.018818054286676 -7.533467557784761 1467.0582498431447 53 60 70
-5.095993500160655 -32.64999974054529 1460.4886053699217 132 132 132
-38.69980329969834 -55.18354086763705 1446.3522806057663 72 74 62
-33.904630137418295 -50.217268358189784 1443.814995320017 156 156 151
19.626010693241764 -15.129208695102989 1449.190227075107 50 68 79
56.62348042372504 11.176103479362034 1446.1213456447008 190 190 179
55.23925471940447 11.267562868603603 1444.4558600536386 217 212 208
14.586836972137313 -20.911447935533342 1450.2177970338178 189 176 142
-8.323939623991182 -36.50761719260022 1450.1281485747281 108 96 52
35.38690673778124 -6.615135490565603 1457.7354443432082 60 68 75
38.607557411974675 -4.492689325449678 1450.766124002526 207 183 145
-21.92575641567662 -47.36331963425449 1452.7191311595716 52 54 35
61.95731182520658 16.12358966199866 1444.4274463916224 14 11 6
38.907989045206904 -5.452507015479449 1466.6495121412147 138 148 154
15.134533469471975 -107.3383172006638 1452.2222556223176 182 195 204
-16.716914445815615 -40.06982612953273 1446.1578844523578 206 206 198
-23.536512223199214 -64.85068026961748 1476.949084871525 142 145 150
30.960839097228774 -18.18552216458455 1463.080007710926 91 91 60
-22.114788177237568 -47.453271246359456 1452.6827626546856 178 178 176
48.924467972122116 6.599955645622366 1444.1310848335834 59 60 62
7.99921788865311 -25.53913001348785 1457.7243756268565 139 143 146
58.26066292232896 -9.155667999667104 1477.6557043418316 160 156 153
-5.409000953205204 -31.269711788961825 1444.4487045184617 176 176 174
-33.35450116542507 -52.58461681007763 1448.5694396269603 177 179 174
52.192277178745464 4.1477442576006505 1452.1608010436798 46 45 41
56.414690320969655 10.15319013737612 1447.609534150361 85 78 50
37.359273399602195 -5.660148382810649 1462.3147542558597 46 53 63
41.53204422645377 -3.7758804679618914 1466.9067286903255 158 172 175
53.88779913093629 5.176079726697648 1452.2396835437735 45 41 40
-35.56406585553942 -53.08785070815865 1446.528510562004 94 80 70
58.424656563691634 7.2307409680922925 1454.2553276694136 45 41 38
-6.899610564373377 -34.29144643091997 1458.9085921357555 129 129 131
59.36660556022495 8.476874958560607 1453.2455474085953 37 32 28
-25.075975470894353 -48.30103484726052 1461.2988010471536 101 71 62
-1.1805955596314237 -28.526008379423697 1444.7723304339318 219 204 173
16.992759421364426 -18.91860732853376 1449.5826774247937 112 98 63
44.903874999983884 -2.01101693625348 1455.8026436340897 101 200 152
-4.048698701530051 -32.80824546881 1448.4977120801523 149 132 105
12.054032096021446 -22.44102557686012 1456.2904305866448 94 99 103
-23.21189832966872 -56.65780374683798 1465.1389237607023 81 86 92
-18.036504395362236 -41.08357204533519 1446.3981481746714 122 110 75
56.0170859784775 3.1262824544145817 1463.7922916060518 16 16 18
9.882595762567014 -33.6624838801289 1469.1862494431848 176 167 165
65.05331480931433 11.240885255953136 1455.1197037642748 46 50 25
-22.453903627970483 -45.58603730031401 1449.2094985668389 116 110 62
19.850655973233508 -15.322783348287494 1446.9807186350838 116 113 106
5.993281631021057 -24.93198695772122 1446.9298269930207 86 74 66
60.754877998775164 1.725792235253175 1469.796751479933 145 149 153
-21.747617363449194 -44.983421385577145 1448.9613629789312 178 167 125
-26.324794149995668 -49.103706821799726 1461.1199484137226 206 204 200
-9.095386171960373 -42.54268951964422 1465.7473068727281 133 126 120
93.42038729063215 16.028310178708185 1479.4362292668804 110 111 106
39.26062444576721 -4.648351430349593 1464.1625484405502 90 103 111
3.126352554613959 -28.3216699973551 1449.3203559555286 154 146 127
-26.075129344170943 -45.238176979168685 1444.0165370288014 206 203 199
67.77878197271657 -2.6836911257448346 1478.1030362148383 170 155 152
83.55690367270897 16.721343095632218 1467.092916196712 73 69 42
70.33900044979883 -0.8987792940880072 1479.4051180982729 156 154 155
1.4406936510525645 -29.411031230737972 1449.2991365063112 102 95 68
-5.063858920882294 -35.673175497745014 1455.0419520789935 23 30 23
9.174607721858463 -21.223747764581848 1444.4940476740323 53 45 35
46.90786886290088 5.249007614095136 1444.1736481196383 47 48 48
13.179768142360233 -20.42368785835956 1447.787272871517 160 148 122
51.17793147060969 -10.964380227950159 1476.5676519654508 22 25 11
-26.920740605345237 -59.150307788077335 1465.416814873764 125 132 83
-1.6023927354953924 -33.35619240798111 1455.2723044562492 33 39 41
42.29324532345259 -1.2957652378338123 1461.6852648775632 153 161 164
59.48129581830569 14.314731696641942 1444.4033881183143 77 76 77
36.97172950955892 -5.547862882446012 1450.5878749366482 208 183 154
29.63482647744615 -10.902383950971112 1459.9168712107432 47 58 67
38.064162142211416 -5.202992089927361 1461.5197229891814 117 128 132
-3.0993470775727414 -31.996989987102836 1458.140305006897 164 165 166
10.82115034273447 -21.212074472894408 1446.3023297397322 61 61 27
-0.3421524502801901 -28.056798259638853 1444.9424142837274 170 160 128
36.38656827336467 -6.840467247182699 1465.278002876872 147 157 159
-15.029977938223187 -37.41387730201042 1443.7569427248004 77 78 80
-8.181406179914212 -38.154572567498754 1452.8871342419868 107 97 52
-41.46945473140877 -58.62752990947811 1449.862572668757 174 150 122
-41.9740813441969 -57.34967701096593 1446.4405125816563 77 70 60
3.426147324497358 -26.062350120636935 1446.0826896997542 36 34 20
49.88473971329414 3.8974724092574675 1458.1761586917173 203 203 201
45.63927036214894 1.5062932304921461 1449.1892923331216 96 92 61
-33.01905585184764 -51.861583859404426 1447.8908083748374 188 188 186
-4.06039947719231 -30.835086085426553 1461.7579650515288 29 19 22
1.6447444080482572 -41.660824201174286 1470.3352522371345 188 188 190
51.95037673475876 6.968371894067426 1447.8049915449035 181 170 137
13.512424197197308 -20.05839141127539 1447.5534433986943 65 53 23
33.68106201608801 -7.789213471584843 1457.7054829644035 152 163 167
10.423219035426907 -25.7036957314343 1453.3139973879831 161 163 162
18.857285209124022 -13.65436161911588 1446.8772760067745 179 175 165
44.00745482270792 -1.2730750507309463 1451.512841473464 104 89 67
49.01899883652949 1.765112182692423 1452.7955137761044 27 28 30
53.607698319511215 3.9986483982492214 1453.8708008021658 23 26 28
-22.937213083150088 -61.725646339694364 1476.9881488762505 141 153 149
43.08266246352498 -1.642924923912992 1462.7468082231323 167 178 180
27.199790354770354 -12.386147926183583 1458.946530202474 87 101 110
-32.49370640127341 -63.27414792461554 1469.0060014928945 63 61 62
42.91390971704789 -1.0224505375620438 1461.4027173987854 156 166 172
58.8055428097197 8.309041022378373 1454.2958657835343 64 67 71
51.82709192775268 -10.182718725455292 1472.7422653474468 131 127 125
66.9680035762205 8.368057436130476 1461.3128819009178 207 203 194
31.631925732851776 -9.070734778102944 1456.88610689331 140 154 155
36.674149665940625 -17.006697665267602 1467.4152128810886 174 162 140
64.64819751606416 7.324759830968539 1460.5437165186136 112 112 112
-17.835366134977157 -43.48302480203004 1458.6129778236814 114 123 132
55.693859112641775 8.99320089167141 1448.5448626036368 163 154 123
37.97661903535649 -5.126212613205079 1459.56414903116 75 81 89
39.184038845007706 -4.226092178816868 1458.8292799081792 56 62 71
-44.27946552226282 -56.86445570116116 1444.584154741144 184 187 184
52.052213767734315 0.976335708152984 1463.880681564971 47 50 51
32.992150674427364 -8.0974958354509 1456.7359759713158 146 160 163
63.28725210609786 6.247842936513055 1460.7884648326972 30 26 25
-27.87056653518801 -57.23833927660679 1461.894281711009 54 52 53
-25.713645899891887 -47.0919648214033 1447.9510462602166 82 78 33
17.20949650043711 -18.828965825420397 1449.6379220472563 93 79 51
18.492505220954474 -16.534233659169054 1447.380310667428 65 55 46
-3.3618088065529137 -32.331665568976334 1448.473445101868 92 87 77
50.95595848487657 -9.495018884062961 1473.9811936686924 115 88 76
55.888662379407954 9.879332028265246 1447.4220209195494 169 157 129
55.360192632011035 6.4914219278565115 1451.8552007870262 75 72 59
2.011860254954616 -40.82964322068706 1471.3254928035944 103 83 70
54.088862579245465 10.396937134693637 1444.1432347721889 54 54 54
52.858868495552834 3.5738943577791233 1454.2256915240262 38 38 39
-17.99421718452448 -43.214179649426356 1450.2714314290847 186 170 136
4.67982445719072 -29.933446436655853 1453.6556414087183 96 78 47
17.01013032411636 -17.984371950478494 1448.1319415256496 190 174 148
-0.7488210782151432 -30.432359004495417 1457.9829085035678 173 175 174
58.52276382613111 12.74356733395845 1446.024268095201 181 177 166
-25.98353763086229 -46.76504009271848 1446.9655281611435 178 163 131
57.39436762214075 7.752843321612783 1452.1687821982457 28 28 29
50.58554531880997 2.114560883304863 1454.6381490910287 15 13 16
64.83586587022758 11.996065938829165 1453.8134725218233 110 98 78
-35.1234380771429 -53.00298078122556 1446.5141560207908 93 87 71
40.30366453210287 -4.120033257904698 1464.8238196738591 155 166 168
51.24732683250102 2.2751149739291736 1454.2229662895531 118 112 107
48.19272641964389 1.512222442366808 1452.0639766445186 183 182 175
0.9533093048109748 -28.45219881018608 1447.1121997034923 65 61 41
-6.4949157528678345 -54.75353235800403 1478.4945417574409 43 34 33
39.42922602476812 -3.5069494340722205 1462.4388464880496 157 164 170
-43.773902173968004 -59.227523903966905 1447.811726093464 99 71 46
5.978536688669538 -24.522384208235685 1446.1988235054805 122 104 94
-4.595455161187071 -32.35351116284206 1460.4873210159544 127 128 123
2.5997570150695606 -28.42599558680179 1448.853719551445 71 62 45
3.676022346912298 -26.716373044165092 1447.342366453752 71 66 49
-43.20558478241359 -56.79157999564886 1443.966886767762 70 68 69
-9.884945294054944 -54.78921424184799 1475.5907802560137 194 185 163
-21.496610589096317 -46.34177453929087 1451.5568102372467 123 118 80
3.4067235310985096 -31.4825488350111 1454.5194656291878 215 186 146
10.66780186055745 -22.977529096432978 1449.0917132024365 87 89 52
-9.331964865536138 -42.35610569040347 1465.0264987518292 93 89 88
27.574558625487967 -25.882154695917468 1470.8983122939092 59 70 38
8.307921457363829 -22.125262786466784 1445.0068786954555 123 98 82
-7.701343591203752 -34.58467494180425 1459.9064141916217 165 165 164
33.4961076004667 -8.223745540866997 1459.566261469919 154 168 170
39.678304595427626 -4.495205996542587 1464.6671708090778 160 171 177
51.99296428701925 7.777376148793821 1446.4786592161959 145 137 110
65.88430138976362 11.729788285102453 1455.1756316467058 199 196 189
2.2046190938516808 -28.753432032140566 1449.0003740215698 60 49 43
-28.190249184760482 -49.085599391692845 1448.2836836541192 139 121 75
66.26697375621706 15.494155044114297 1449.4688274550772 72 73 77
53.58781859653869 -11.908974484171308 1476.7210411696278 45 39 39
6.159155778851991 -24.84260203195023 1446.985011738643 88 74 65
-18.86418307800193 -40.734740254827614 1444.8472048653653 209 207 202
51.71053696924003 9.164190448465359 1443.7546653519437 91 83 79
9.525279562532528 -20.7013910586733 1443.8495639772834 71 77 36
16.72886552988849 -17.351696014157802 1446.7500687903623 155 139 113
-2.4267806276760706 -30.235404974244993 1446.1337992800031 81 72 49
42.64602279482169 -1.328352854702154 1461.9007402356724 130 135 138
50.95595848487657 -9.495018884062961 1473.9811936686924 115 88 76
-9.016754222789336 -56.53546210453857 1478.9873560196395 153 141 125
81.48456466916089 19.233796428707088 1462.6016781908206 25 28 17
14.050478681122605 -19.302928600631347 1446.8544582799543 78 84 51
-41.40854695146437 -59.88102996772367 1457.1739469865377 226 231 235
35.12819010552929 -4.691636355701757 1447.351632369684 161 140 102
22.977620925895053 -28.819887530577326 1470.445986736843 39 48 26
37.793466498175604 -5.700058127825375 1464.4116900214588 153 164 167
-23.768488798159535 -44.998828313990074 1446.3627839002374 141 127 109
60.57239068276651 8.707217859761325 1457.0879953460676 1 1 1
-22.5089040979991 -45.8745463223305 1455.7447835519351 150 156 164
36.271743985909865 -5.927463036410489 1457.027057602276 91 98 105
3.132009593413127 -27.12425304946866 1447.4051963347101 75 68 55
-4.020201626874987 -30.311885366448536 1444.4526738789987 207 192 167
85.20356808791828 13.36105747213439 1473.6693556235527 50 55 25
-39.77827769049486 -59.8881983158316 1453.3234000852021 116 113 110
62.64220095089512 -5.889318589785902 1477.2908272691686 81 73 69
51.07686737222662 -9.645589110346313 1471.3721461569512 15 15 15
34.67095044019736 -7.497455871013831 1460.1523979406418 77 87 99
19.64799848883977 -15.736141896659905 1447.512591902216 66 62 60
52.15343941186062 9.133313345816006 1444.0503081483755 209 204 192
51.766047474914785 6.640506491472475 1447.896777777683 165 157 128
-15.999768334280242 -58.59894847830799 1475.4013390676425 190 185 186
37.268741965076856 -5.552407193320868 1458.9437271571808 151 161 165
-36.06251370335158 -52.25242145264812 1444.528217685404 23 18 18
41.57008366200859 -1.7422177661062193 1462.2508616093278 72 77 83
7.675287730126511 -23.459487248476222 1446.3396663127905 215 214 212
-20.04761553801272 -44.42594588867579 1450.0400263019278 71 64 35
85.49188444369433 14.862029491741227 1471.9471336387146 61 64 36
59.5149168639744 12.640684539272899 1447.2738464489605 29 36 18
-50.73991812476488 -77.90063616893171 1472.126258054595 108 99 71
14.768231757655409 -16.95330958187242 1444.00399683621 198 193 187
-2.567774564729929 -31.62984511350418 1458.1294066299013 135 135 135
35.6926719911731 -6.817664963275692 1462.554034345749 134 147 153
50.78435626519958 3.3892197659261547 1451.8473804373343 59 59 47
33.10266172911173 -8.474896642624275 1459.4953110847607 46 56 64
39.39280924294765 -2.7083426931275802 1461.4289929359304 175 185 187
-21.549503462253888 -44.92889676047271 1449.028911948753 101 96 50
-8.3266054210118 -34.78570654893595 1460.5302042007388 158 158 158
-8.00408222396849 -35.14578982923447 1448.1226606505536 184 167 138
-8.139425382342628 -48.81051178255051 1469.0679384102214 171 173 169
51.46200874414118 6.01382683083076 1448.7985363269606 172 159 126
14.120074065433295 -19.049169012053202 1446.5585511027539 56 58 29
-12.719363425151226 -40.58684419843975 1451.6483022074035 46 40 15
-42.99997809654278 -68.28289263278207 1470.6651090227729 17 20 21
33.34869945844074 -8.36324632413623 1459.9123121694665 48 54 59
58.388188035162486 8.449670637137121 1452.253080575965 9 11 10
38.09030197952664 -5.168840913039776 1451.1786914264849 153 130 96
-12.791521462292279 -56.66410496291821 1475.635318663813 51 47 44
-23.660035370042444 -46.99676985952203 1457.1487287387845 120 132 141
-14.897987652939971 -57.70908384636403 1474.9270171059886 68 66 52
64.65888353234338 7.319101577992715 1460.545303608097 137 138 133
-33.80736129074846 -51.69543155182562 1446.1970921569027 165 167 164
66.02528836229739 -3.3174562104339245 1477.7159047040789 135 124 123
34.92658715561378 -7.340688483333638 1462.8663931548012 129 144 147
63.611876556962365 11.708813619412703 1452.901611263707 152 137 109
38.68237625849213 -4.89852804483347 1463.6053643146804 70 81 89
-20.599059637557115 -44.63086425924857 1449.688104378123 175 160 127
4.284112829320686 -27.01153171770141 1448.5610280632472 150 125 97
89.19463732785326 12.065847642854107 1480.1923242025073 118 119 118
-4.110131211928328 -33.50528927033454 1449.7688541302643 60 58 36
1.400431390584529 -28.053319283841716 1446.7925617863523 72 71 41
32.596482851212414 -8.529906592629553 1457.7007893836644 151 165 167
2.5878776707841586 -27.949824139795613 1448.0648582122808 191 184 176
-26.245946672576405 -46.945860284473 1447.2355583760825 152 135 109
13.61129805920344 -33.03034152426764 1468.5625188010763 144 141 136
51.967244630500026 6.4333351832850685 1448.4483263426484 139 133 105
39.05862101373877 -5.047631733686824 1465.2390894761 150 162 166
60.08330382893895 9.413158442321649 1456.188865018614 60 60 58
-20.38025074579075 -42.827877438719604 1446.7201306520906 97 91 55
60.16835807388123 8.385024133261997 1454.190203742238 182 176 167
-12.90711265228626 -39.99504087594676 1450.4457159309827 110 99 80
13.481490593781666 -19.46005781327153 1446.536616414856 158 138 106
-36.88403569864302 -53.90704797087769 1446.2864325797088 174 175 169
62.02332524013788 10.131989479687052 1453.2968887177967 164 144 113
43.8010368779586 -3.4523996485087207 1454.8598083083245 107 111 110
26.524366461661316 -12.767092366391214 1458.6170052116634 134 143 148
-43.900906485944425 -58.666902524791496 1446.4743145786624 101 95 81
-28.399791237648692 -46.898450474887326 1444.0663470108263 182 179 170
42.55314803890933 -2.0948862879678583 1463.3375637891018 133 138 142
9.053960384855404 -23.14100754259332 1447.4781169698035 102 97 61
-18.76343909482436 -41.56677506941076 1446.389557912701 109 101 65
-47.96414452865678 -60.86637865696047 1445.2463628796415 67 56 56
-15.722236227496246 -43.73976108239585 1453.2853259081064 189 194 195
33.26931762378776 -8.145604919329214 1458.1376786278415 144 158 161
47.92652088407609 -19.174261742094668 1481.1146318587473 101 99 84
70.80114731163663 3.870943406203324 1472.4967253608384 255 251 249
35.07693585266763 -8.723795028756557 1467.7537850426465 31 31 32
36.43240491213211 -6.632901712188714 1464.444373361752 144 154 156
15.006738229328148 -19.632587097351642 1448.4321846641246 101 92 59
-8.089939465192462 -36.49363802976394 1450.3109937592155 118 106 58
56.60019447311236 7.0520525061828945 1452.5280515906231 43 41 38
34.93841981113286 -6.791598002134367 1456.8354013033909 136 145 150
14.216336903759819 -23.637515516138137 1454.0920085815408 174 176 171
50.35815768235624 1.8495132185096193 1454.7711352135857 174 176 175
42.21719828214649 -0.9274934588029948 1460.92457519831 148 158 161
-22.412499992961006 -58.43750638297464 1468.919148538722 139 128 96
-11.019758072863072 -56.831524611430254 1477.645535380243 58 50 48
-9.523237471152788 -56.76849069320497 1478.970551673017 179 172 156
-8.497039928658152 -33.408828383811674 1444.467657785614 195 190 178
-8.10014385740425 -35.03952492492825 1459.1723432458261 142 143 143
88.56014811448107 16.300268715315276 1473.8402686997078 48 50 30
-37.72682870246517 -73.88514845040582 1476.2974713096842 206 203 199
56.61512328210746 8.557426077713052 1453.0420640017346 60 55 53
-19.447239869789467 -46.33460575413759 1453.5956378338421 26 24 22
-21.428486571678917 -63.27432124885611 1480.679720172372 106 85 86
24.121043996484445 -28.1520442798164 1470.585600985446 46 50 31
-25.13708093841044 -46.730666507171335 1447.8922599130326 131 121 87
76.03902981153051 7.715101192603991 1471.7351645196763 135 139 142
-28.563045237679027 -48.24504113720665 1446.3120055781517 49 48 41
66.81885213110081 9.702001646044907 1459.154616874816 145 137 120
-11.532375285033488 -40.166185296810056 1462.4152062898831 149 149 151
74.70767235574098 3.664129899779025 1478.6256563844395 253 254 255
39.9123890608095 -1.9736016591280163 1461.4528497278425 178 188 187
-7.690627077092515 -33.99258898464969 1446.419302145426 71 66 47
80.86647604805952 19.068714790351667 1460.1293936943168 49 57 27
48.41680910487856 5.397383525145741 1446.0992872693678 208 207 195
-9.042648635059122 -35.19211252022059 1446.9494395065665 200 184 151
-4.333693818959745 -123.21684616058563 1450.713720382459 6 11 8
-8.021162974331272 -35.342023263247135 1448.476626173712 98 81 50
53.38769519123275 6.1249585591383235 1450.398679309926 159 142 111
-8.15122066982991 -34.686868169662084 1460.5237614458904 172 173 173
-21.49825724162964 -43.43207826785953 1446.2235715663492 83 76 59
-12.616138387202191 -38.35423880758352 1447.9036024088086 91 86 49
-19.135705082946046 -41.7538176665409 1446.2730581708556 69 59 34
31.46461517263702 -10.619746711831265 1460.7763753361908 93 96 99
-10.225410448408493 -44.88614300810797 1462.360378623614 139 140 143
52.93873096083701 -8.369144798609657 1470.928137129192 146 146 144
82.96225037292841 21.383173158195003 1459.9684160063189 56 61 31
-5.179883164907051 -32.52427080612963 1446.8040058632268 176 155 129
-2.1555247307290886 -30.852573804701155 1459.8359263634934 155 155 157
36.159302635473715 -6.488665167118234 1460.9707776167172 142 152 155
29.11890088547366 -11.234805530764794 1460.0143202839301 130 141 150
39.8988449984903 -4.286925189705705 1464.4289195554659 86 95 102
29.753399454739363 -29.082100777339168 1479.2696226333405 144 151 143
50.427305413321115 1.753525259636641 1455.0192113404605 175 175 177
80.2715505553136 20.264200844447817 1457.980200675678 174 165 134
14.431932879951978 -22.93997381743508 1453.2892515900444 170 170 171
-36.72902822756967 -72.19898888850733 1474.7896324042847 154 137 118
80.68234736792388 20.25716464582513 1458.3515603103526 199 183 160
41.19133460156491 -3.754675654389174 1465.832704297315 77 88 94
28.677759518754176 -11.564979607683842 1459.9345314413263 39 47 57
82.00024448707696 22.773020880946646 1457.0348975973473 112 97 64
42.39584181081242 -0.9480880799343518 1452.6108219794069 30 40 39
-7.001288080148102 -37.327152103517086 1461.8646324177462 78 78 78
64.21769755529866 8.332010393158091 1458.4277220703577 130 117 85
35.21425050864578 -7.423160625319998 1464.2884833364196 83 92 102
41.785534316226055 -2.27396034701114 1452.5872071354243 24 27 32
47.51448745237276 2.41579063643731 1449.8985667338438 170 160 121
1.9988983096824584 -41.736748775381784 1468.3221428260522 104 91 56
-37.90582225488375 -73.75330498849975 1475.8463850598491 200 199 194
9.558345564567578 -23.0567045454816 1447.96564797542 165 154 125
37.49827542843971 -19.032730090060817 1470.9973774725663 31 30 28
-25.900072919212263 -46.62575665080978 1446.8283468484774 86 79 39
39.06923056905916 -2.028652497996606 1460.2023958397417 173 183 185
46.31028717912818 3.842770067738893 1446.1915317111468 94 94 68
45.406354850683606 1.174926494317982 1449.410490719382 190 193 188
69.25586628519332 3.6954948798064584 1471.3276485904394 29 25 24
-27.34152878284967 -50.63388613517802 1451.8651322626786 174 176 173
43.70447903560234 -2.2492944533042802 1466.8980902661351 122 127 130
8.220708388311687 -27.59426541179788 1454.4202495973116 139 156 174
69.77979367880744 4.687829558399128 1470.8463577417665 139 133 129
8.41591959392068 -21.804976072126347 1444.2583260171878 44 38 37
37.13258517656156 -5.600851329750122 1458.6441641636152 139 147 151
-22.17998175663218 -59.897954095792294 1471.2457396269322 26 25 23
-25.643560197432706 -47.747741857763835 1449.3498379711293 94 81 49
46.90786886290088 5.249007614095136 1444.1736481196383 47 48 48
41.621076603487865 -2.211394492351412 1463.1237916473385 150 159 165
41.31628154945309 -1.8445034904151294 1450.3322191661891 16 16 16
82.70633153496749 15.914655954363608 1465.5363642351308 211 208 201
67.72107743086421 5.828689509911577 1465.9384221709633 70 70 70
81.13169413716336 19.2762262230333 1460.2223938938507 161 157 148
60.56430269336633 8.773569565201806 1457.2780316422245 3 3 2
49.99605811018277 -0.49884435911487396 1464.1851527997103 150 155 158
20.402098831548255 -13.483348243738432 1444.56593405363 212 211 204
68.07955019554002 12.140751686655486 1456.31740265837 107 106 103
36.41452980248373 -7.1457719632737975 1466.550645941433 146 158 159
61.94451854645403 14.996199625999965 1446.2029748547582 58 61 52
52.81827941415388 8.931530288543428 1445.5108428280428 233 233 225
-38.39568330368669 -53.66096463213668 1444.4059307254615 157 153 152
-23.583820582189844 -60.30125276893258 1472.1708879563453 24 60 50
55.09578326792967 -5.752961610837256 1469.148056775485 153 158 165
-11.538473544880983 -36.4502982267801 1449.4520344499683 245 249 250
35.24981171193474 -6.618894398264199 1457.1278374023157 144 153 158
-8.190962331874236 -35.25340234979438 1448.0973551091572 93 74 43
68.30983800105136 17.523389667437016 1464.720491045671 211 220 228
54.03507537341361 2.7522948694261418 1462.9077671011266 113 118 124
76.3825560254963 7.179142566493467 1473.0914949113046 154 155 157
-10.122127654764583 -47.45878315389369 1464.584773491388 180 172 162
33.665315712401245 -10.890833392864199 1461.937020002824 118 120 131
53.16206985849513 9.578809294679209 1444.1052804462338 56 57 56
17.901961610116743 -18.237642831245328 1462.408736076881 208 210 209
35.765756238776845 -6.52818214119417 1458.6708480550387 152 165 165
3.548970726069672 -30.40571974956772 1453.1152138559994 124 118 64
38.409433799568724 -4.943432347300807 1461.0930913774548 100 107 109
42.01875549267129 -3.401517569825446 1466.7436996794765 138 151 157
0.8156759541213116 -29.804627834921547 1456.5204307781432 118 118 118
50.99605525335904 8.24573553267197 1444.4662442249655 228 227 223
48.924467972122116 6.599955645622366 1444.1310848335834 59 60 62
61.416575433066676 -0.9107895644940905 1469.1604032980847 111 104 97
68.40760003784987 11.351473781379058 1457.9763536173118 199 195 193
-24.660064418514185 -48.0225884862825 1461.2172637913413 212 209 204
66.58621809237627 8.899548261235156 1460.125133767887 92 92 80
56.97645421194417 6.577130687727757 1459.7697744057782 118 123 129
3.0256612992138066 -41.636375570864296 1469.3714370212413 61 53 43
45.69378192698661 -1.4666533994742237 1453.756945882745 82 73 43
-36.01805255367421 -52.12035387243186 1444.4700982002569 86 76 67
41.498080231009375 -2.700495923666158 1463.9906572433383 158 165 169
45.57073682306412 3.3592361901058947 1446.1632996083717 64 59 49
68.96161720830533 4.934390135516067 1468.329453934874 80 80 78
68.02950081951671 11.350601816243937 1461.5664133617672 124 126 125
55.022735353545556 6.141684114270496 1452.225954442719 24 19 19
-21.226941305370897 -62.920005263802665 1480.65028322303 229 230 234
-13.274409371999681 -37.068046527271264 1445.1301927033367 108 94 89
58.759634753294705 -2.0155486646856744 1469.0729198798324 29 29 37
55.49332379275506 10.339089435391733 1446.1969295004012 72 71 49
56.530647474455385 10.445270466878787 1453.7802014940414 38 34 33
-10.424722906908324 -35.81481429961569 1446.3796785164302 63 62 38
18.01138718238029 -16.870731116510978 1447.44433174718 131 115 101
-28.099475539404036 -48.01083216321542 1446.596978964665 74 73 42
17.923965398581547 -17.466181615815238 1448.1995298626073 219 198 167
-38.02978663539691 -54.71811348873116 1446.3539457204747 81 76 72
22.71556860162439 -19.877455344647373 1458.3913825980326 16 21 24
4.10312308439995 -30.65477673586167 1454.1279792356797 213 180 144
6.414995295627423 -24.22992410215767 1446.1891978259396 119 108 99
51.91406509296497 4.556809239005426 1451.2114013448968 70 66 54
77.16750166346092 20.18631786789157 1454.3906647119582 198 197 192
19.901511644349945 -15.16643589364936 1450.3797136083715 203 212 213
-43.07412261532288 -57.317537592207685 1445.0400582745006 106 106 94
45.35148531214144 -1.7762994362764595 1457.5284295130436 242 242 240
76.95921335313253 25.331202885879467 1446.5010639081522 118 124 88
11.755230478320334 -19.235836388041097 1443.8858502518033 148 143 135
79.46822739888415 21.876156406054253 1455.2090942817663 169 155 129
66.61083294171519 8.760164871483179 1460.3785304114822 63 83 26
49.43576519178107 3.751819112986936 1458.1367158996316 204 205 205
80.08612684239506 13.195122427215638 1470.1335602215509 23 22 25
-8.151009590350432 -34.62118282421271 1460.7601322497003 143 143 143
30.539527608636888 -12.073433881749624 1461.61696849528 45 42 43
-12.171524639639285 -44.94107002901361 1458.725933110395 125 112 64
68.15269617971981 3.1182648521874374 1474.8294229892415 68 67 73
42.017269339656245 -2.339162050771402 1452.97309479646 233 244 250
31.786556684130755 -9.053578937790325 1457.4483205828012 149 159 161
87.42041141778002 14.837106950907145 1474.1678153653465 53 57 40
-19.339571234127376 -42.22589695637982 1446.9858678381936 106 95 61
-5.079494315044096 -33.59678455310043 1457.1678786685693 133 132 128
-23.229669634893998 -45.79096649922303 1448.7054379650156 92 77 48
-9.890104657157806 -39.74440901932419 1460.0656182104963 153 153 153
50.6123848577321 1.8225499172674091 1454.0483021827572 36 35 33
57.239187864827514 12.700112978595962 1444.4942628184876 223 222 217
51.32321427697051 -8.993405817145067 1471.4040867694548 76 76 76
14.34754169038057 -33.608858925525944 1469.1535316198456 222 223 221
27.26674463811198 -12.45057844307306 1459.606580975367 124 137 145
47.47489460855835 0.62490982167176 1452.5261168616291 183 184 184
-23.308078113578258 -45.66456815799815 1448.318840890461 73 63 38
59.84513185675984 7.680572340130683 1460.5005100055978 216 221 225
-28.65054644806633 -49.81818868503069 1449.269186307303 204 201 196
65.26475830323685 16.510096031732484 1447.1152927058984 201 194 184
50.20355616304394 3.226353285495272 1457.846015204285 204 206 205
-12.715719896492294 -58.55993591963528 1478.6828837329833 187 177 168
56.414690320969655 10.15319013737612 1447.609534150361 85 78 50
37.09285312064798 -5.737747385037723 1459.2888704778022 72 79 88
54.98864037887515 3.710066458608369 1462.5797255392515 56 54 57
-19.0455566144278 -46.16617691716026 1461.731203452245 33 32 46
84.50754082682195 14.589274023432406 1471.3025018719948 94 86 73
53.57028453286489 9.077036183055624 1446.1262711144846 209 209 198
37.55183824788325 -5.523968971831892 1460.218958311024 123 134 138
40.06997910945674 -4.28941219945453 1464.8857341099194 97 102 108
-19.03305930496297 -43.737775881129366 1456.3289247573516 62 70 79
-32.240176107887685 -60.30448700061672 1466.5052060072667 10 8 9
-18.55717924138131 -43.37274708082951 1449.8971388200036 126 114 72
4.639908407766883 -33.129408966864695 1461.033271472106 7 6 4
26.69965879913416 -18.41853166667148 1458.9558959780923 79 69 58
68.75756251718308 4.7160189089736475 1469.8596233518942 71 65 61
16.739510115333413 -19.173721343914952 1457.9158289195382 81 84 91
-32.933830227901915 -53.01625907286079 1449.5895229713071 101 103 100
-32.5470657048047 -49.78607507070047 1444.4869504683395 86 86 84
16.488916188734333 -18.2845676803293 1447.907599047851 165 157 131
48.563336894016594 2.550807151403782 1450.7529338592326 175 157 121
71.12104864936222 -1.4292343512741823 1480.0038040105933 100 92 89
63.598458605938035 10.764451332625661 1454.323669930492 134 116 90
-12.755857737312896 -56.24473205083732 1474.9634495713544 214 213 212
52.974392085496575 9.633318962776775 1444.1674697092296 57 57 57
-36.43569290825232 -77.37251574802475 1482.048658604396 158 150 147
53.47373990609362 3.8195730817502014 1454.2088498794355 25 21 20
83.89737871633149 18.511525730833508 1466.2068717272396 174 160 115
-14.765252011911056 -43.753222237272624 1454.3437506125463 107 102 90
-27.84662403677208 -50.41929954728832 1459.5860037441548 78 87 93
-27.692044245771154 -49.07024230408692 1455.0584128835426 147 151 161
68.76305117190735 5.206941583145345 1470.1524407783563 76 61 63
2.427443584367621 -28.479469933086577 1448.7688117260604 172 168 155
9.928382860187694 -21.728531607747264 1446.1325030612702 114 112 80
36.18525424396599 -6.481729334703698 1460.6805746752696 120 135 140
-26.270393198200647 -49.12533113020807 1461.1200412826531 188 182 176
42.862868984320045 0.4106349374260177 1447.6736405319068 96 89 67
25.82156419104982 -13.337351026888145 1459.3430277274476 134 144 145
54.94540078480944 3.7513971216647266 1462.684164963366 44 40 41
54.789360378765956 5.8695194009474205 1452.425305499281 153 153 153
22.467948140768414 -18.791256247018353 1455.227355732286 33 33 33
-14.914263745193148 -40.77239612107574 1449.5237133125013 185 167 138
-39.48182773027355 -57.64742473527688 1449.7775006305378 84 78 60
-14.16205089036404 -37.209735138876226 1444.3171351994336 106 92 79
22.703624136952946 -18.05362475427466 1454.4210011263299 204 200 191
56.31506579905875 7.330145305272907 1451.81438220205 81 78 62
41.87318596749145 -3.1391077854855225 1465.3279396168798 140 151 155
-4.079469141296114 -30.943878496256854 1461.8723819184297 226 223 218
12.383808850095193 -22.32045839170116 1450.0437059418102 118 112 79
64.83586587022758 11.996065938829165 1453.8134725218233 110 98 78
-26.84825334624262 -50.90489067695637 1452.856909760239 128 128 128
-7.467557177749225 -33.86216843791227 1446.4125052049494 88 80 59
-3.7310852280793783 -30.165128909566775 1444.228072548871 71 53 34
-16.773611309009297 -39.41279118586648 1444.9426207493448 192 192 192
-13.960863634869687 -37.26494251574689 1444.6212881617537 119 112 108
-14.019397852782644 -38.29698670898606 1446.3594708208223 117 116 96
-16.115111024968247 -44.17247047404678 1453.831573153171 183 187 188
71.94884274489979 2.105287488036126 1476.0651334760878 53 55 63
-7.331645518899901 -34.187244159523246 1460.388785943402 144 146 145
-34.70586728243981 -52.52196743578021 1446.9418773285472 90 84 73
-13.556276665929811 -37.24968801628442 1445.1074081611207 83 70 64
-4.223336441432649 -32.162171995861385 1460.224909056937 133 132 130
46.25593415879788 -0.47985315442382126 1452.9590638451152 174 172 167
67.47131886889494 9.06730373444837 1460.724615015695 79 72 64
67.26641192012818 13.691461557129587 1453.3262523865712 216 212 211
-8.094979963652236 -34.42575906091473 1461.258552073548 152 152 154
-33.97056716865266 -52.87363456323661 1447.8158049705044 66 58 55
39.522736515396836 -4.460517462429064 1464.0984277287657 167 176 181
-41.79190379451303 -57.49673741675352 1446.8014477120582 200 196 188
-20.507360372100365 -44.65251362938708 1449.7875575436094 95 91 40
69.16378074515735 -0.006226230561538573 1475.7617048453974 187 188 183
-9.901743852287709 -37.84500710992695 1450.2019301764956 133 114 91
54.604694640545844 2.7446413764878437 1463.7283890842098 117 121 125
-9.799130404657584 -56.44974533481414 1478.4474866875926 69 64 60
28.07100131727906 -22.677115941634554 1466.526685401667 149 114 95
13.645294289720532 -19.745791538805637 1447.1279207972184 161 155 131
71.11273687964258 -0.9818566825768458 1479.2451235185042 216 207 205
-15.525925443297995 -46.77159495245116 1464.0442466922223 82 85 92
47.333615589480864 0.5193693150297253 1452.621440406375 86 81 78
16.397041558775896 -19.126394369071296 1462.4156961955696 201 202 201
-33.454712997754136 -52.044418863789026 1447.340518764872 59 46 38
-8.028830258850915 -34.75031230538171 1460.0344235919085 140 140 140
17.6459584595288 -19.3761285755738 1463.3904348023268 205 207 206
2.030139318125957 -27.531962566963816 1446.7061078381005 84 95 54
37.70460723354624 -5.282787216373511 1459.2169085579035 137 147 149
32.59758391934536 -8.464537029156762 1457.0788733395955 58 65 71
-25.90744392598091 -48.77246141458019 1461.1021825559662 192 185 177
44.40584417513177 -1.9750032977502516 1452.9173350009096 216 207 198
65.52199849628079 12.031267468057939 1454.447940283349 82 79 59
-5.235084283444842 -32.425800105092655 1446.672046844492 128 118 91
82.00024448707696 22.773020880946646 1457.0348975973473 112 97 64
42.945497248868826 -2.490132087203303 1465.6087970073256 128 136 142
84.10941910337186 16.80154302800126 1467.5883099740843 71 75 44
-21.96634328182412 -44.052201356688876 1446.9715710850178 148 138 103
37.60054473128249 -6.463783123912827 1467.0688684887018 75 78 85
55.28887432176555 6.204833652691009 1452.0904927422962 39 36 35
-48.250163766328406 -79.513468147452 1473.8661349411157 60 55 52
64.53353245280584 7.392531559392615 1461.5791988485475 56 44 38
11.085795633278666 -23.168603469869595 1449.8356401152998 181 168 149
-19.8288075854751 -41.56904110388765 1445.133474097608 103 98 94
4.6857577695188235 -29.93980942745329 1453.6594122744089 100 79 50
-16.608830969561364 -40.759849145189996 1447.6476513530288 136 124 87
55.951620970644605 10.61313638352515 1446.4008746964853 166 159 128
-28.453086397263974 -49.60409569701336 1455.0835698654432 183 191 197
53.75515094724633 4.180604406305244 1454.140654398 36 32 31
11.400774900939016 -22.287912112602342 1448.8483611836127 192 166 146
67.19002366419221 8.797209337377323 1461.1548037293694 10 10 10
45.93943550067856 0.6465460556144588 1450.7828311003375 234 226 208
-9.14126918091772 -47.40821591623188 1465.8336974413337 130 126 119
-15.978400303386305 -41.4192552797838 1449.5067575097794 99 84 55
13.815967846450445 -20.400835920795863 1448.5179372344028 112 104 68
2.2149628972366333 -26.07992240506053 1444.5460075423248 66 69 43
6.195935296781134 -33.12206688458618 1459.7677540170077 40 37 22
66.73054996086903 -1.8036937749119286 1475.6628661393272 49 40 41
-12.453012062514164 -58.904652790719965 1479.2658220853382 198 192 192
52.087447626477484 4.20987662530221 1451.9136224622641 96 95 82
-33.7942204808483 -69.5169743615808 1473.7144324032145 75 70 49
15.592540831710501 -22.04956327306058 1453.0682953678192 191 201 207
38.5532717965923 -6.623960691591996 1455.7949040874437 36 27 30
1.400431390584529 -28.053319283841716 1446.7925617863523 72 71 41
-48.409129295837154 -61.87406379958922 1446.5222636104934 57 55 42
41.975163871676955 -0.2870385430639726 1450.650154343344 64 69 74
36.50979970408827 -6.258658916926415 1460.3035954512957 56 65 74
-4.3962005778515065 -30.538113623103026 1444.5024009727279 212 204 193
-39.93137401768052 -55.62811592187527 1445.6456466579443 65 61 58
40.27733323586236 -4.3356569107951115 1452.7756254592648 191 188 182
54.34091036087501 10.558144466050253 1444.1387688435366 52 54 53
-27.226029237647104 -45.98801505642157 1443.993936094245 167 164 159
50.42319304601953 1.882389240777758 1454.35339835233 177 179 178
13.959377167846156 -19.190844538842565 1446.5756141595805 62 72 37
-7.930774391357153 -35.71379523484413 1449.216784860129 89 85 35
56.039047666647534 6.382314427957764 1454.9017853639502 23 24 23
-19.540811251357855 -46.3255467998235 1461.6780442896734 45 49 58
-43.301353168363946 -61.52748151264083 1452.1982430949665 49 38 33
67.85866075728558 12.39752536039491 1455.832290472896 101 96 95
38.409433799568724 -4.943432347300807 1461.0930913774548 100 107 109
59.620013105440414 -7.736443608261 1476.9392667215866 43 40 38
-17.10852544985374 -46.95154371556149 1463.9248673949962 17 19 23
-23.023877456174347 -64.38035607956289 1480.9628133008423 233 234 238
64.79424821978289 9.56937046410858 1457.3067570898593 154 135 107
-33.88141348260701 -50.214198122459706 1443.8312027140978 152 151 147
52.92005265337207 2.0469914440668764 1463.2552647501536 46 40 40
-27.341340452035002 -49.10635209593685 1449.5206984229317 121 109 74
11.237151251740846 -22.807192085882622 1449.5159072343777 201 192 176
21.468253529885967 -15.078556543562724 1448.453076304596 167 150 134
-15.166672908575617 -43.58811711151634 1453.678231769511 43 39 37
-12.478271227815606 -37.01357072387773 1449.0815313326755 12 12 12
36.95562884357072 -5.926652474302137 1459.9543298037624 137 147 154
68.6170128584945 3.305974666277303 1472.2783980362008 22 22 22
-38.86886322325502 -57.92208889252249 1450.9829479833295 188 189 183
3.722746242497297 -40.77413123977659 1468.8044359312269 174 154 110
50.85979015855239 2.482789906890104 1454.6671057853284 184 183 176
50.79672850943474 3.2909190828731654 1452.0212243298197 185 181 169
64.19174279694708 -5.239818848503918 1478.0843760084333 25 23 24
74.56867652972214 3.2403399714501546 1476.616799501704 21 20 20
-21.284304404474444 -48.17789461449638 1454.6726388669852 19 18 19
-18.597835575640875 -48.410510513514105 1463.8036495949639 77 78 82
49.593881245112 3.794341646658809 1458.8748163590803 241 240 235
37.581597196107815 -18.49525550697691 1470.2984246791239 182 167 124
36.307022328605264 -6.98666742813867 1465.5618445434316 155 164 169
33.344343545081 -8.052027507386358 1457.856831256169 147 158 160
34.11262077571397 -7.827293728023526 1460.2303338707695 191 201 203
-21.931380815670884 -45.57723686939301 1455.856671953598 113 126 135
10.838034827099543 -22.877124397389995 1461.7595942483872 143 146 151
-41.23316224251872 -61.59059971270556 1460.4017579049905 99 95 96
35.48956900160987 -6.778211868778313 1458.9646934213717 140 151 155
-9.045492672054555 -33.44994092606087 1443.8722251657668 225 218 209
51.101680919831 3.543177776030735 1452.4662240051869 181 177 167
17.311483695411784 -20.945811166369527 1453.0061369765692 49 50 37
39.62032837204638 -2.5202625466716415 1461.5868510115274 161 166 175
-46.372855247240224 -81.295830141634 1478.0876453426201 174 174 174
-11.216246667715962 -39.89139381703756 1452.233431579732 158 152 148
-7.4949808038949755 -41.133930437602714 1464.3469999228332 138 134 130
49.642691124006944 5.439527953556949 1447.5158921401262 146 142 107
59.17721443993253 11.423663740878357 1448.8028734099219 181 187 192
49.7020834122898 7.295833050041132 1444.0703806038678 204 201 192
4.476443089927279 -30.82369652610113 1454.6856721855775 182 156 117
-16.855725167219965 -41.58467205911266 1448.754405191775 189 176 144
69.45586513916908 5.640952151436713 1467.8896728466418 54 53 51
-33.18366433606653 -52.656779176911684 1448.715267212198 108 110 107
-9.790894300916028 -55.6344182030378 1477.0458510501958 173 161 146
64.69715699825652 11.8878068035414 1453.6943006343936 122 114 87
38.21897695632526 -5.098918940150706 1462.445620660002 47 54 60
50.010409321466256 5.435360704317144 1447.844840552504 110 107 83
56.32481048906945 8.639336472940716 1449.8079763700737 166 154 126
-37.81119407494573 -53.01029764098241 1443.934409755904 60 58 54
-11.771497833796731 -56.33504705075178 1477.2189113669792 42 36 33
-10.681250774755176 -44.815962510720304 1463.788725306151 29 18 18
-0.5956481381051164 -29.798029095993847 1447.7648450363536 108 98 71
-19.55266322169342 -44.579148073353885 1458.3524802671861 119 128 138
-21.9462799140268 -45.86449100212116 1450.2891230708856 160 139 112
44.80771890441792 -2.1328317716121346 1453.9084450749417 212 201 171
-25.39334771128877 -61.43468189873483 1470.4880517716601 201 204 203
-21.518866919332485 -45.84885100894278 1450.660475107939 166 151 105
34.744542373322695 -7.489158246345173 1460.917473658173 63 72 81
20.395705098073197 -18.030590687324267 1451.9600328694276 166 131 112
35.73249858481255 -6.806707083564728 1461.545991364347 103 115 123
-40.0703859597658 -75.55142422897121 1476.231309216509 179 175 172
-19.26041037326733 -41.825895946622715 1446.2450621203911 80 77 57
-0.6897402502826684 -30.60228605164301 1457.2396520052398 131 131 131
-11.883256432235008 -37.8498020076667 1451.3848942549055 247 252 255
70.31638034603648 0.40571623695137027 1478.1694388086803 147 150 151
-33.53939124995672 -53.78417268854258 1449.8851214979188 28 19 14
-4.966007892914024 -50.7374745830923 1476.9989802753482 51 57 43
-2.7835143283518526 -32.85394628239079 1450.1270176209944 41 42 27
-38.82848001936386 -77.38496483580568 1479.8815258866032 92 87 84
41.738083851371236 -3.6476047685694564 1467.1007563039996 130 144 151
-30.292407437326556 -65.87197011725391 1471.6979558417202 25 21 22
-28.124420374242224 -49.30085448638831 1455.104054320443 181 191 200
37.69200505167354 -5.017328347585606 1457.3740480116267 98 108 118
50.345164031552535 4.520369175376814 1449.5428722768822 92 94 47
35.03637971205752 -7.258650568069755 1462.47891469656 55 64 73
1.906184522783958 -31.381492290469094 1452.8982086757712 167 161 143
-6.885760309720547 -33.77818890718639 1447.076187784703 180 157 139
-22.984589711339382 -45.80171534479719 1448.9710669948577 73 66 38
39.03645976968689 -6.321524221205273 1454.9253930818631 23 22 17
18.141575138718814 -16.99896563120588 1447.7497129617166 217 214 207
-19.790824118697422 -55.27930944209192 1465.532195358887 207 201 195
10.225912297782811 -21.920822187485378 1446.7782037246448 54 58 31
12.108962651217322 -19.260651312283407 1444.1347127624506 55 54 51
-15.400044428337493 -43.596678051940245 1453.436823085161 33 29 25
43.06243448360622 0.07471394237155195 1448.4072970754487 70 55 30
31.786556684130755 -9.053578937790325 1457.4483205828012 149 159 161
55.826544465317845 3.3980553988161537 1463.042809191669 25 26 28
36.674054913350076 -6.646518526806668 1465.3150754562512 80 87 94
27.27124779571324 -18.73139044227308 1460.0875444740302 31 26 11
34.74357403483042 -7.290671419106986 1459.105100600177 147 157 160
23.890333642424938 -29.090285691939496 1471.7317093888769 52 53 39
-18.74212085980463 -48.385681541292875 1463.639063694691 135 142 148
-26.760497854794153 -47.684682739496246 1447.6388162157928 75 71 26
9.432609273814295 -25.829868587699682 1461.263412833042 30 31 34
-33.83921389623161 -69.81317362293991 1474.1428329595008 81 76 56
69.7885533372241 10.066046822106607 1461.3653895953726 208 201 193
52.23768605699963 4.982493345452113 1450.975817828149 77 75 62
-4.344872887130016 -31.857814439357654 1461.6228485705549 68 52 47
22.096472054046185 -12.176614428704944 1444.4281350397862 205 197 190
59.441066969296635 12.033959889293957 1447.8570575750523 45 40 37
40.09014895818175 -1.2970386710148996 1460.6220178046117 160 174 175
30.836976111242837 -10.019049293144771 1459.5824544508196 137 151 154
-41.14227289362615 -55.27052980204172 1443.9832054292524 67 65 62
85.52910902764975 14.971857900927384 1471.4810643762503 95 94 60
10.862466329887566 -21.179974363324718 1446.1860731620538 105 104 74
2.6821574904541694 -25.584097925034143 1443.8580675969486 227 220 210
35.61530432257793 -6.569081436643546 1458.2495898831846 148 157 162
5.976409926578781 -24.51508348617348 1446.199312801628 122 104 94
53.08053526832359 2.09991210196182 1463.279315144276 123 125 130
11.57783917839059 -22.636043276732334 1449.6131785518874 169 157 133
-18.92626312814282 -43.887003741698706 1457.2219455763266 120 133 141
62.318352979995254 16.21070265021588 1444.6793137226562 184 183 179
-8.54984598349718 -38.39890558945843 1461.5577061189463 146 147 142
50.64545800516482 6.835832485204303 1446.4130759608731 129 130 94
13.19377783605312 -24.886903107996783 1454.9324748908016 34 25 26
-33.760540425891406 -54.497719535406304 1450.8985325181582 52 42 33
79.85604068588519 20.824323251280028 1456.6307536720756 57 61 31
-3.4484873526121187 -30.026183554138264 1444.2798061490114 57 42 35
63.46480811818432 -4.943080489677437 1476.8856665772998 115 111 111
-20.53006361081531 -46.79868641116333 1453.0000559920527 23 19 18
-28.138262342476857 -61.69028278163713 1469.075629423679 100 96 95
-23.346931994901436 -61.66557045688496 1476.3041855275633 176 197 188
-7.461378452637707 -34.01969940800521 1461.2503839748492 144 146 145
37.779019860378 -6.332475492831706 1466.9453332724381 145 158 163
25.620475744956774 -15.425034299815655 1458.5869808455707 100 79 62
67.42859086688681 9.262137144989797 1460.3629376821718 68 85 32
54.33650437782824 5.327356215642344 1454.7411345717426 176 171 167
5.188463287559927 -30.064326084629407 1454.3799584582544 177 167 136
34.9461567501075 -6.835248168834519 1457.0593147519808 47 56 65
3.4067235310985096 -31.4825488350111 1454.5194656291878 215 186 146
52.066309126017494 6.0986056372241775 1449.0643974810878 149 139 114
24.919186070318794 -27.548159639323035 1470.5575752770467 54 60 36
27.221294226034903 -12.262876963782027 1458.3512186248633 164 169 172
26.28532522367702 -12.901064628814929 1458.4818496639434 136 147 150
-21.60467671701761 -45.177386511324244 1449.5457471890852 146 130 106
67.33265666105137 5.158710495834252 1466.4283807113977 43 42 38
-1.2787183500237238 -28.581804392866875 1444.145362784567 62 58 57
60.96939613292674 1.3705565319718815 1469.9775637567298 94 97 103
54.182608791858485 9.462740639946784 1446.2276280910646 108 107 88
53.80872183173824 10.46251642642905 1443.9971636509392 211 203 189
-12.05408650965964 -55.91803523523771 1475.162344953322 77 72 62
-36.938432088198496 -52.46046466109162 1444.010951038135 147 148 144
-22.33581777607847 -45.38301192571521 1449.0473819707083 106 104 48
71.89189337903917 6.209333756717492 1469.0165187225668 201 196 192
-36.20044127914407 -55.763434855988606 1456.230003682974 222 224 222
27.93369936078312 -12.056847528875092 1460.0322626133195 141 151 160
-23.36089522268202 -46.81945808331764 1450.2793684945852 83 75 57
65.33329235524447 10.481248943285236 1456.5111286412189 72 77 49
22.443862817898818 -18.309156817743215 1454.4928440907079 99 71 62
60.82350525402396 6.267476435831389 1461.6629810233767 59 59 61
-21.437848739957996 -55.69708356033065 1465.489889309634 210 207 202
67.4842548164039 12.61995563006533 1455.1927172543749 238 235 231
53.50998280105195 10.072670795853634 1444.4468691950162 217 214 206
60.384741332791336 8.406134279578371 1454.523856259723 32 30 16
-39.909690740985475 -58.18832972583191 1456.278700290307 226 226 226
49.319775026519295 1.396116668675697 1456.0029734040206 182 182 180
-8.565486992344928 -34.87254853020764 1447.0508305038497 206 187 154
51.82551690649806 7.858678013585877 1446.0761082453273 215 209 196
50.13795116786415 3.442337676082349 1458.6272140126846 54 54 54
78.62821437050778 22.293182943960737 1453.4914142665602 71 73 52
46.893037089411216 -0.6221541920201095 1454.223897502342 22 24 23
15.668790921201232 -19.663311140773978 1455.2791077129493 99 104 110
82.16979202358618 16.8999655434017 1464.294853395302 210 207 198
49.37858592294105 3.829859767572416 1449.9489127440131 179 165 128
61.83479651122818 8.30746934897678 1456.249486145769 105 96 67
38.25433139110732 -5.216271661491708 1463.705380572991 157 169 171
-33.08810431562771 -55.17616175220492 1451.7135421822989 100 93 87
-21.067669318986166 -43.66324708996663 1447.2805074187308 160 148 123
63.484492849137084 6.406611800084085 1460.9887397854277 42 38 35
-6.8432427889324865 -32.275494243164914 1444.1298125099004 143 116 99
-31.22429829583565 -52.72816483043165 1460.705847771519 17 22 26
64.11471207465276 7.127087836899825 1460.195339510481 53 53 43
54.49405971089121 4.490341567472929 1454.1975177303495 43 42 40
21.42624883730597 -30.3322197628744 1471.176909632917 28 35 14
-25.76723470671634 -60.89609627503712 1469.236712510958 72 69 53
12.380094209734702 -20.011264231526095 1446.1320649992165 107 96 60
-18.453958624429102 -43.783538479603095 1450.6322397617155 138 123 96
24.02681190640727 -17.935237327922778 1457.8984357783029 115 140 165
59.9121775182329 14.531087928652036 1444.1975602564646 53 53 54
-45.41210113175838 -64.50603604024738 1462.2830879732946 82 81 79
37.23358623333712 -19.22209451410667 1470.8308948531558 115 110 78
-23.157511966606595 -56.548290422843806 1465.3262248091528 222 220 218
35.07056816694517 -8.186070327197974 1467.0124728900514 115 128 136
62.59130053276216 6.167142121369614 1460.2774309798358 101 95 83
19.625187922571424 -106.45429070525414 1451.138752382673 16 18 16
-27.013414617309685 -48.8223138461448 1455.8078237897757 102 106 114
40.067087599241354 -2.2140959709462473 1462.0147837978893 168 179 181
48.63626919815862 1.87652337605085 1452.4285117319139 190 187 182
-25.61112496960494 -46.85508934270095 1447.9479269321384 79 65 38
63.550958999272346 6.632336092829187 1460.2987957329099 50 47 40
66.44902338345567 9.303063772728251 1459.4084188825702 43 49 23
55.33772434439797 11.29387833912544 1444.1439685723733 57 59 58
15.856601096357434 -19.145026318127805 1448.6075073869745 109 103 71
36.58904077055468 -6.376906007298131 1463.881122431981 152 163 165
-30.623865708386784 -66.176747771404 1471.9539744444335 142 143 145
46.64815051476915 3.06293115271617 1447.8117450039977 183 165 129
60.392671699637184 14.961237108922711 1444.4798227623558 190 190 187
53.66700614174366 4.782750741435046 1454.7430173617026 141 140 136
22.82811298147958 -28.712862336705165 1470.1220237001316 40 51 26
-37.24532417570718 -59.581622513521886 1455.6833786071454 43 43 39
41.77787620513219 -2.423939842929314 1463.620864729247 153 160 166
-17.439062992733085 -42.94440180980132 1450.425631197245 198 182 141
54.543433920862334 5.944048954835583 1452.0143158417716 176 175 171
-23.660035370042444 -46.99676985952203 1457.1487287387845 120 132 141
-19.09286916979983 -41.9343447683771 1446.7776405046327 110 99 67
-19.66561017242253 -41.27616774589774 1444.840173880867 205 203 199
37.13535927485033 -6.044452963114185 1464.003339040347 156 170 171
-27.68112334563478 -52.386253296137625 1454.6022847064821 74 76 75
30.922311233857446 -9.997394184074595 1459.9526354002878 45 48 52
-12.054198204994895 -40.40427957065964 1452.1836371709949 140 120 82
-7.731231346146821 -50.92625575783048 1471.8330967433333 85 84 58
-5.233111720310818 -33.06353417089162 1459.4347082267873 89 88 86
6.353011713976207 -25.240173177877935 1447.8809527692072 155 147 137
47.04638196153117 4.432868809547212 1446.109089181029 219 219 213
42.447847504105816 -1.603826814592592 1456.660293625539 61 66 72
49.750871823838914 3.3740146092115237 1451.1470426878752 128 115 81
47.967348867849054 2.861490057760472 1449.7198188514994 149 133 98
-26.22895665721171 -48.3599864300049 1449.524150276656 151 134 106
-7.638895032773627 -55.80769259919078 1479.3800366204798 167 152 145
52.94729256083224 1.9983247613609527 1463.12629175623 60 59 64
62.3012893230911 9.055771912468884 1455.5887892765613 95 84 57
3.993136641112105 -28.11999893351245 1450.0327131685965 104 103 69
34.43796801947321 -7.650860737291986 1460.410887642901 118 128 137
65.9139971709065 10.542106319054554 1457.0893921744585 160 150 138
81.05376604753954 15.302550776232888 1465.6545568817946 112 109 102
26.080906617461146 -13.156590307481931 1459.1808486585526 143 154 159
14.07310189138052 -21.522752280270556 1450.662524354256 174 161 143
7.681808663962768 -25.699112745230817 1458.8757861156023 141 145 148
34.74357403483042 -7.290671419106986 1459.105100600177 147 157 160
32.63782269568948 -8.80817406005366 1459.6586882361864 50 60 69
10.575804123904737 -22.091186899907918 1447.5006839953223 105 104 69
-22.960660389971288 -43.34984122000251 1444.0766921179832 188 191 188
65.55066477272452 7.86224841397459 1460.5454863418177 181 182 176
41.79807599810398 -2.1844180665291524 1452.6026127450934 44 44 50
-7.367570259549226 -34.099350895219594 1460.7540783382078 140 141 143
79.47930866219387 14.33222500515535 1467.8231658857196 27 31 31
53.562487290247844 6.529107991663458 1449.9524084153747 69 65 31
-16.859318975018518 -39.56057208431051 1445.155599845132 134 130 129
22.490917596193793 -16.451887240581033 1451.5524405921292 213 201 187
-8.340379979803856 -40.5352946105376 1463.463551362544 99 98 93
-10.511197298484024 -39.90472865786091 1461.0428080781876 155 155 155
13.934946273370468 -19.923821523331092 1462.1864121274402 172 176 177
22.58755482997297 -18.232639395336264 1454.6007824986593 66 43 28
-4.281239768153909 -32.56900695161908 1447.7817218725402 165 150 123
-15.464074857279419 -43.66691047424887 1453.513861715964 178 181 180
57.86891361949902 -10.498907031701972 1479.7048190782725 145 141 140
1.6393262179210397 -28.686947811131635 1448.2104196854393 154 146 133
-39.073508304420976 -59.71871831084947 1454.5838453135664 54 53 48
-8.701928496354494 -35.21792426834599 1447.4900209456173 195 174 133
18.10389269255795 -20.15038903478972 1464.517758503178 134 136 135
35.760743158165255 -6.703203096417438 1459.6935208202383 141 151 154
65.43248825184067 16.519297921340467 1447.320568037654 66 66 66
34.02568787488968 -7.71775572236973 1458.6397844218222 76 85 92
51.984791987746355 2.7837664594863747 1453.9658647841954 124 121 116
63.77514963821525 13.8085521684819 1450.063617966338 35 39 15
-19.03602866320521 -62.21414547718331 1477.5793953141933 158 139 133
-23.098768068661748 -48.759307617548956 1454.599082397551 14 15 17
77.58251899951007 23.937112697751864 1449.8871938543114 160 150 119
93.03062124683333 17.290001528189656 1479.2332901236364 23 24 23
-16.91078517717707 -47.246829079100394 1463.7265874993059 16 20 26
-3.637799402153053 -31.7779594916463 1460.0976576658986 168 168 168
1.6068235380817235 -28.779598221091263 1448.307580845571 68 72 40
54.727453313587795 10.828265760080713 1444.288674255258 79 71 69
10.222657373343822 -25.767444145293876 1453.842970112498 135 133 134
49.98974022577401 7.619715308775088 1443.7427467082966 219 215 206
38.355214344334605 -4.492616646780392 1457.237610997531 141 151 153
-12.269084078128037 -37.66975691647561 1448.3891429490782 39 52 62
9.286182205397322 -22.457557267635337 1446.5657308702164 59 64 31
0.821522268773337 -27.00423862393716 1444.4620405000246 205 190 161
51.47966490314241 -9.481936361340736 1471.1272234300197 127 124 117
5.854178738463606 -24.597798305979346 1446.245526154917 218 215 208
36.494128482245515 -6.344922147028325 1463.4414052026775 149 158 163
-8.666212392593637 -36.31375513552372 1449.2450429252049 90 77 42
39.594895867859385 -3.2558540154801086 1462.430924209888 165 172 180
-26.89094997251902 -51.026915237197784 1453.1193770855723 65 66 49
26.700131432895194 -12.666222047477165 1458.6172741038072 139 148 155
13.44838706234508 -21.09981146163556 1462.1148122659113 96 101 105
-14.079707655372667 -37.231041501515634 1444.0779375577315 60 37 25
-18.984512141755086 -41.77287279257419 1446.4856133917147 144 130 113
-26.307687734568525 -45.3482817583822 1444.0017318105554 177 174 169
-26.2691129786555 -48.5627142533775 1449.8172364661068 98 85 41
-12.553747920612125 -56.67421238060837 1476.0464981922585 50 42 36
10.710477216445305 -19.808120579569092 1443.772558710354 212 203 195
14.958417456825789 -19.253921239962914 1461.3945499768095 163 177 188
50.847658100781565 6.0646887090259565 1447.638948290462 116 111 85
-9.821920594704427 -55.513591480413936 1476.8920902952127 174 163 161
31.982878530408886 -8.89912224039129 1457.2909283703573 153 162 164
37.105115888214556 -13.19787829941442 1465.4188097766366 210 206 204
62.256093584384885 9.683747019378524 1454.5640450310973 177 159 135
34.374120216510335 -4.864674058977488 1446.4963127875924 120 97 56
38.796125802047705 -3.7996412137871314 1461.804878351267 180 190 192
-11.907090821764735 -56.48635623797071 1476.3715226624884 205 202 196
-0.3949502168109475 -27.818716350794393 1444.454678478494 209 198 172
-17.296564719511096 -44.638039775352155 1453.2928725652002 95 76 70
65.21443745919842 16.705151922983266 1446.8745717913487 65 61 61
40.635974816299566 -3.009301808243085 1463.7596075841789 173 184 186
38.935582968935705 -5.464088507307251 1466.6593362652884 138 148 154
48.795191494181644 2.0784659073105316 1452.510058738254 110 107 98
-8.564048180369788 -34.895825641235284 1447.0411930049331 206 187 154
-33.115120767454265 -54.13455220280993 1456.7747956728094 220 217 213
10.528827553570117 -23.014550387489887 1448.9609079361478 220 211 197
37.53286174587101 -5.241722834786667 1458.0621547166525 151 164 166
40.72054595761183 -4.254667893220635 1466.4978606927625 118 124 136
65.18509166155013 10.57372250088562 1456.196260935339 54 57 35
52.90501609567375 4.801457097007953 1454.9987599981887 130 131 136
-2.841538397169035 -34.91230521090774 1454.7742764771947 176 190 195
-3.728415188986009 -29.793289583649244 1443.8428360113144 221 214 200
49.97224790279426 1.4735538723176387 1455.8138340451458 96 86 85
9.889475876968387 -24.281320955042844 1457.138134852705 72 77 83
40.47368353546629 -1.7736778952689316 1461.7159204047384 167 179 184
62.22569064234826 16.25071962501831 1444.5162372646628 62 61 59
40.62223287403355 -4.3929158781805375 1466.7645823681567 101 114 123
62.534678401148156 6.239116994771207 1459.992435217962 20 17 14
-32.175047203345216 -49.592646407145146 1444.5815922511017 103 102 100
5.980889234346056 -24.564698779772016 1446.2923697972733 104 87 78
48.95601641054051 3.9848801378573753 1449.046979967665 61 62 27
40.574143612380865 -2.6849515798060186 1459.2334300810085 10 14 15
-50.09884649430101 -56.627150091445785 1453.3372949606378 153 154 147
-27.487151137656554 -58.64046052702114 1464.1340011492032 197 196 193
-46.77593642685474 -85.10143960193646 1483.2390159568156 178 168 167
53.68895312810497 10.110044300973177 1444.180221905717 50 45 41
36.50979970408827 -6.258658916926415 1460.3035954512957 56 65 74
66.24868210823918 -1.4225931571989 1474.8436168780138 117 115 117
-8.514325261673672 -34.55513043301686 1446.4045948708547 147 144 129
41.88840788018428 -0.9753081277336872 1460.8853484486065 133 139 140
-9.053853868770622 -33.61108748670957 1443.959891687572 156 139 121
36.30277646192476 -5.999007456450288 1457.6492811788419 144 151 157
-25.63119677218236 -46.19404693673728 1446.2009775120719 80 75 63
69.9355817646938 -1.5595470170361587 1479.212570141681 82 73 74
-19.48551807064454 -41.345610028618644 1445.254403539837 167 166 162
30.635653189513857 -9.94726775885903 1458.157201557771 144 154 156
-2.681874930934802 -30.70606692298222 1446.7455325602793 168 154 140
40.19750477150283 -4.459619029521082 1465.9368775529406 153 167 170
67.15824968261555 9.70598872444905 1461.64872146077 32 21 26
30.133378595360977 -10.55398944492855 1459.9419530969283 40 41 46
-11.943184530056692 -45.97456336162513 1462.3877495274523 153 157 160
-11.767820464118145 -35.0823149728188 1443.66931614791 84 81 76
69.04661831435297 6.59007935621916 1465.928944826242 30 30 30
49.54550645242535 2.2666978804308617 1452.2578340096536 48 44 43
-24.472529855223993 -59.90794761331257 1474.4600677232943 106 82 80
64.04166531945931 12.839886199324845 1451.7166155331067 36 45 19
62.77014190986661 10.412158235640705 1454.0510041711332 134 120 90
-26.887605473406115 -60.61227293782455 1467.3398994947897 51 45 45
64.83821343602736 11.369051025666575 1454.6733861778057 93 95 71
-8.03481555026529 -49.952720428999235 1470.460022186357 48 51 45
-17.173597098924983 -42.69912053725569 1450.22503631178 173 152 133
42.72796171882009 0.578276886640163 1447.2333819475953 120 107 81
-35.33331663321396 -53.264139905496364 1447.1072063663535 171 164 146
-15.070336308246434 -42.009070904427084 1451.328139191624 112 91 66
39.59738804343203 -1.3896406177517133 1459.043226563519 16 23 30
63.61013882549832 -4.805281763149826 1476.462171750414 60 57 47
-1.721233683058108 -33.27898977733391 1455.244130988153 43 47 49
22.95801881964448 -28.263027322282852 1469.6445737254044 21 40 13
3.118595903426773 -30.755081272021727 1453.1510650580979 89 95 42
3.5917333785612544 -24.555659864209094 1443.7415069776216 69 60 54
-9.716523250841627 -39.58415906858857 1460.3393753056853 132 132 132
42.501546416120725 -2.223395308376807 1463.561402534905 155 160 164
48.692761938813355 2.250020355645972 1451.3851732427995 140 131 97
48.2918543687181 6.228574925303198 1444.1368690880006 68 72 71
11.03566555219979 -21.458120074767546 1447.0892557168806 67 57 22
11.948740080714952 -20.41474354013069 1446.3964243881908 40 47 24
-34.84477489124928 -58.149186981036785 1455.7672821125454 49 49 47
42.85565976478707 -2.8630324416134254 1466.9006248980452 128 138 147
37.71638783268942 -5.711737582413155 1464.202870702887 58 66 74
54.497134204363256 5.449706897978053 1454.6242022454785 185 181 172
55.83298394310144 11.626885647300403 1444.1198429315768 63 65 66
22.2385207281248 -12.454146529986685 1445.0226137962104 68 73 40
-21.479314477988108 -45.35916527618345 1449.8582031774897 174 168 137
46.38048049019123 -1.0986078844453218 1454.1276966324288 126 119 113
-35.30922003559268 -52.38370808506151 1445.558075937518 175 174 170
-19.131639003199215 -44.19282636381459 1450.7037756467964 132 121 93
-42.05472522882181 -80.64996419633246 1481.255577777443 144 135 136
-25.22842911493127 -48.224567470512795 1450.5445268221238 159 143 112
49.11051035713049 5.527162277707735 1446.6944411234465 66 70 39
-22.022163286104448 -45.98162134739099 1457.2139640972696 43 50 58
62.176100164699896 9.0589351177336 1455.3932687535453 172 154 123
-9.388565510491583 -54.26632565891573 1475.3541374548108 128 122 109
39.61665243681716 -4.9189491367819445 1466.2295339599127 134 139 145
-7.711288675812308 -40.828231778912155 1463.9051029629084 124 119 113
52.33724208333293 4.146422853269068 1452.281516417627 190 187 177
13.695267883033903 -20.380681945276596 1448.3873374158577 169 160 129
49.79093504966205 5.334112918043819 1447.796396537866 57 51 24
39.09237403735756 -17.154789148570508 1469.8962107074524 192 177 153
-11.361104710763124 -37.11242496036719 1450.6411510292623 252 255 255
62.17609017516345 -5.832834208692974 1476.8665378324672 132 123 118
-19.362368550211855 -41.67917523847147 1445.8754460296807 164 159 156
31.466437053246377 -9.508893757860541 1459.0057844353469 136 147 152
34.083394051608494 -7.332538383175452 1456.5713753157793 140 145 156
-23.39061519438742 -56.83207676673498 1465.3611929653532 217 216 212
60.87339001483482 15.149775773003343 1444.6546914100666 64 63 61
34.7802766037639 -7.2343952450880336 1458.827404438805 156 166 170
-24.8065133644625 -48.216073111326644 1458.849018297331 122 129 139
-10.635412773822896 -56.69712194969177 1478.0460801806582 28 26 23
56.83997425911936 9.776738286124015 1448.6020843339475 96 88 58
-0.9550345315068183 -30.787764594938803 1457.240877233178 148 147 147
38.99542192280907 -4.303841961860489 1459.031253923799 196 213 220
-0.6592859052123423 -29.685842108154443 1460.3052426969425 130 130 128
-8.629063198758738 -34.7972448179494 1446.8081738987087 178 162 130
14.742268034876918 -19.38127026195833 1447.607796548598 105 103 72
-6.789602069533371 -34.07419866371403 1459.5247325489208 177 180 179
-8.913043716218754 -42.354572823068075 1466.202248462997 135 135 133
-13.010301674345197 -38.56309890269958 1447.855730080735 164 144 111
36.727862917241964 -5.551747264337834 1456.5373356117395 156 167 171
-43.76301826070634 -60.25680013919068 1449.6089943296645 112 107 81
33.12601135086573 -8.251487812774746 1458.280526606749 137 150 153
48.878056645720534 1.867322591328553 1452.1478174554632 32 30 29
38.81860461673289 -4.131702932518011 1456.8202872140212 114 125 129
38.18569328784331 -5.199018074763857 1463.4216613799365 141 149 155
-9.228750380273695 -36.18398286779129 1448.5527374479482 142 126 99
-29.027710072301623 -47.286811151808664 1444.3943871244624 208 208 206
64.05329422066616 9.596791058445374 1456.50784540227 130 115 86
-6.432685336627874 -34.17494097956284 1448.2700702950979 127 115 92
57.509158108867915 6.906116900017302 1459.9361829555266 72 76 78
78.4097174636967 18.41303143986035 1458.3330857301462 194 193 189
61.94265052963032 16.20297728288807 1444.1613883434582 21 16 15
-14.66613987657577 -43.85405118016745 1454.6869376303766 183 190 199
-39.636938023582516 -58.263143691256175 1450.6904460628036 144 119 97
80.09848525797109 15.279349692696416 1466.1350928228962 8 9 11
-6.354396241067863 -33.75223045969539 1459.644530537376 131 131 131
70.80114731163663 3.870943406203324 1472.4967253608384 255 251 249
88.3668426750373 15.431227242067022 1476.2916027674153 5 5 5
32.74637732418777 -6.602109939760315 1447.514876643332 130 114 82
51.48415937961832 7.687536568812705 1446.2571819812888 78 84 53
-30.25634495105321 -70.2088536934944 1478.1569242312048 94 88 88
64.31082823353562 3.7788636754144576 1469.8442016030651 130 131 135
8.976866635216673 -21.42334405619109 1444.097436385458 65 46 34
15.915978056563942 -31.448803385489754 1467.7918744253177 26 27 19
-24.58062796729718 -46.93970344148735 1449.0619429182948 200 197 191
2.127354603788701 -26.10151963644573 1444.0418619747627 189 186 175
35.15421936608686 -15.254863436739226 1464.5755282949958 89 85 56
0.5974149081924599 -27.1407091364065 1443.996096182892 216 207 194
-7.998216642346898 -40.82598853710006 1463.9815632714713 198 197 192
66.59900514914168 14.580696921179285 1451.3464010851255 214 207 201
59.50401050380925 -0.3219475608816385 1470.0425060357366 202 209 212
41.16326007845328 -4.750842265944957 1453.9930045238111 179 179 177
45.085591538335954 -2.562275475547008 1454.5728371103771 205 199 189
54.168691028031986 8.252615100247843 1447.981699658042 124 108 75
51.32802739939976 3.6162788442701315 1452.1043785326676 96 88 86
38.398849016935756 -5.563782636767462 1465.5322044104303 155 166 167
52.972413347110546 3.947405816855971 1454.3929881766876 153 144 135
12.774878799959446 -19.89133685642151 1446.4193297545248 85 84 46
-7.688075760827536 -40.78937528171835 1463.619082970672 202 198 192
-23.06411777941353 -43.5188363301229 1444.5449486271275 214 207 197
79.2112248463002 21.54231896932855 1455.1306321512989 126 121 99
-5.948790476217409 -31.965795232667183 1445.07745703331 82 99 37
41.66576811162751 -1.3637154555486026 1461.5122065924115 151 161 163
82.79317599769513 16.4621258655868 1466.5374376643501 91 90 56
26.04014447941066 -15.46746279406792 1454.1716967043396 80 81 59
5.498365999201898 -23.296220227649776 1443.884840066563 213 211 209
-8.786864289683752 -39.00129326946422 1460.1879781361401 135 134 130
-20.12317147771319 -42.61349506607892 1446.643626457452 191 171 139
1.984478507568614 -30.478255919150804 1451.6779829762463 191 178 161
51.351030427076175 3.521023285854934 1452.3559462289616 106 102 99
23.964895263226666 -17.796922635328546 1458.311113034139 17 18 23
13.21360746419869 -31.678821363733874 1465.008583665184 220 215 209
22.977620925895053 -28.819887530577326 1470.445986736843 39 48 26
-5.649454291815651 -34.18346546816055 1449.1006594256585 184 180 164
10.915577942507241 -31.965783524814576 1463.1067590806606 55 53 35
1.9695708252219681 -41.55652463525829 1468.0602733984208 162 138 118
66.33534873179532 8.466671439884399 1460.5415334042073 165 162 153
41.99683753629516 -1.2323947737043652 1461.4338611669202 83 87 90
-24.11845272055203 -49.773892451595685 1454.1013979856848 27 21 21
-9.140663524414462 -40.62330387323917 1464.1016158652365 162 161 159
35.5147309549731 -6.853342415303167 1459.5981929943762 55 64 74
37.54542202510466 -4.97498411419174 1456.5522978592612 137 144 150
79.72869650451065 13.619466457392518 1469.0079090436636 29 31 36
37.382464533631826 -2.5234074094844465 1446.3080879650022 109 94 63
49.234581236223704 5.923084869163838 1446.4562064338575 103 99 70
-4.002259168403506 -32.954070316239246 1455.92876657542 128 129 129
82.1502054371595 21.523762691619353 1459.0884792933737 110 104 73
65.82786874297162 -0.7625144770662484 1473.409780901103 211 206 193
48.27976706311702 -4.162056913587256 1466.926972476549 143 146 146
-9.104141685136456 -42.22351754897614 1465.5308479110006 108 107 105
0.13511222657636585 -29.91658851296827 1448.6904705990985 142 132 86
37.69652346074309 -5.020492759317249 1457.3735676414617 98 108 118
34.52754184947664 -7.566053823898867 1460.3583930299355 48 52 59
-9.442572015908267 -42.90194276425215 1464.9854073143836 102 98 97
39.11301832699858 -4.768609043938402 1464.2590671860896 153 164 166
36.55445522603463 -5.885364876509965 1461.7656819472836 207 218 222
-14.649604286212119 -43.627576813960566 1454.2532027681632 100 94 70
36.15438969099158 -6.494298832351803 1462.5509099208798 119 132 140
-1.3630617185153306 -29.82447880330658 1461.3676121061549 83 84 86
-22.338917487052136 -59.7520397502197 1470.959125804626 166 166 167
20.95354365112506 -31.869323670828134 1472.9822265694388 129 128 118
-47.616993317316926 -61.21798302632167 1446.3415576566492 167 176 182
-8.915640374252504 -49.07456190915389 1468.1325076980554 184 186 176
-5.777221538307265 -33.566014361788426 1458.8998837118747 136 136 136
35.26720499114751 -7.141374024429025 1463.2707459708995 161 172 174
-52.5394403881145 -74.56840134560326 1474.05748441684 57 50 47
-23.331495593115182 -45.99455161011404 1448.8447346423707 62 56 28
-9.938597441625706 -37.44484231941627 1449.646695442836 119 106 74
64.19174279694708 -5.239818848503918 1478.0843760084333 25 23 24
42.109083139750034 -3.164176293121264 1466.0367012742836 119 127 134
-30.120488588192735 -54.02595483578245 1454.6359353001535 210 211 208
36.65058317886501 -8.381361804872078 1455.9294467170077 187 196 203
53.68825462063253 2.622129387824812 1462.8953651976801 107 111 120
41.511918798466255 -2.4245992566618217 1457.4936479410774 104 114 118
-44.74103624216832 -62.45254901778501 1452.202989724674 50 46 47
-18.7333464278824 -43.588792930999766 1449.9975579167794 130 122 74
48.84208787383217 3.1712084144856107 1450.2299169442203 159 144 103
55.02953807480287 7.079966097180077 1452.7922631459496 187 188 196
26.5973183949924 -12.86379395372235 1459.4711517923504 143 156 162
-0.921253349668647 -28.278717021848763 1444.139549074823 76 63 59
42.498530450916356 -1.4911651615813222 1456.1790679354829 76 84 90
17.87971977379546 -15.857502568460959 1445.5817271901374 167 153 140
50.39200084419857 1.7508969202314177 1454.241439603122 171 171 168
-25.99033254673014 -61.36432240881499 1469.6531972692362 127 122 118
80.35936090474942 19.69966590353632 1458.6996680612542 57 61 33
-6.150129763881264 -46.80130395077004 1471.2288084079833 160 152 150
33.39234816251251 -8.079901403430824 1458.2119901701485 37 45 51
26.405775747091667 -12.837031659613055 1458.5431802213652 52 60 67
-34.18877998181649 -76.02416541432262 1482.247922511899 44 47 30
32.84423645801263 -8.275970046150668 1457.1646683226722 145 159 160
-7.983523881012591 -35.728179830980864 1449.2082949870078 139 131 90
20.62155715076512 -13.336531672832933 1444.1177882190104 105 85 73
-11.087901330946398 -39.89034867300808 1462.434793157251 170 170 172
-27.576607997368107 -50.65377478193813 1451.6340503620124 150 149 147
-47.30363996060657 -60.96043595097559 1446.277031515913 191 192 187
12.6488233665297 -26.425067713191737 1462.6845013741593 69 55 55
-9.013970668537311 -39.26831758814894 1459.7783742889978 139 137 138
11.45013928947133 -19.70581613473561 1444.6183439867596 196 195 190
52.3049164634941 4.393817357828383 1452.022175578202 177 178 172
80.7368780154641 21.16737064887571 1457.461469700854 57 64 30
-26.40076740843127 -47.54367568199576 1447.9306657136567 114 107 75
-22.447196921404974 -59.07736867937631 1472.2279986013793 191 196 199
8.380347419457076 -27.700657572310842 1454.6660647675697 24 14 12
-47.6417142122464 -62.708521953267244 1457.2854033053366 35 33 36
-12.577422453250692 -36.77771512449639 1445.4355633607897 162 161 161
-26.0987996307074 -47.72225912699451 1448.593839720187 147 133 105
35.21453225345965 -7.413742562100756 1464.2387257597184 48 56 65
-22.84783868637202 -61.33387512956757 1476.3034071682857 176 198 184
-5.281230176350823 -31.142976659454057 1444.4602992429575 224 220 209
48.165074073824734 1.065972393501122 1452.6359248247843 40 34 34
-14.932434410937018 -44.003580399767124 1454.5763357590995 34 34 34
32.99980066224416 -8.534254955255252 1459.435919060881 150 163 168
35.90284187817591 -6.679849276300125 1461.1813239668663 56 63 73
48.907836864776534 4.193826034227428 1448.639450911 161 147 114
65.26915125979947 15.94157740740934 1447.9021354388701 100 93 87
79.43885280776409 21.147399970897794 1455.7630340804028 51 52 29
-34.33249160203559 -75.88771966896824 1481.9822938379452 146 142 139
26.721018830227926 -12.84843885920943 1460.0658641922275 145 158 166
83.84140093002003 15.088867091999942 1469.2140664416734 82 84 48
28.733115467350693 -11.507544071239579 1460.0186071472538 138 148 156
52.6533266578855 5.572347459993404 1450.356327695622 127 118 85
37.70615000745741 -5.619312277719805 1463.861362386724 154 165 166
53.435803755340984 4.838568580794398 1452.5470842535185 36 34 33
-38.87624665624179 -58.34287730157405 1451.7702591336729 68 57 53
4.121969810863989 -30.66985403904499 1454.128343404277 213 184 144
-21.03269384844761 -44.10570045833435 1448.2251144187076 144 133 100
20.17197949811541 -15.486569309883839 1451.1552087333287 250 254 255
16.500997966077808 -32.88172363690464 1469.8864949774634 195 193 188
48.58978789799807 6.54788911027739 1444.0075902243193 198 195 185
42.699687609187805 -2.3161439605640015 1464.2090241373903 139 147 150
61.59755668813393 4.027354585077054 1467.1023753123538 218 227 233
93.16619134673968 15.882124624669013 1479.7275796822114 19 19 20
37.911213992275506 -4.761854152726424 1456.7626933928218 51 60 65
-39.32221249102081 -78.0954388471161 1480.5145180900352 67 58 59
33.68708689588902 -8.146668458530685 1459.9847112725172 134 144 153
34.268066544815404 -7.383491880584478 1457.6825087684254 140 149 154
-21.69994278762361 -47.38940681055177 1452.9401951020645 139 137 136
-25.673294898660732 -46.538329906192736 1447.0151399703848 70 61 35
-7.25328860273517 -55.07961653053107 1478.7787476747362 105 95 92
36.444107780914905 -6.299635201042356 1462.8596119030367 126 137 142
35.92006449096326 -7.352962700972128 1465.9836150985584 156 167 173
34.38615746019948 -7.210260295987117 1457.1203265031354 154 167 169
31.97553033676131 -17.415270411009015 1463.0647037075817 105 107 75
59.059380539344986 13.65748863716747 1445.2101438061854 183 180 173
-21.510097240930907 -43.534847864293944 1446.5237578373035 159 143 123
-16.72812771452258 -59.08647666864657 1475.3736051284234 35 35 31
17.155902346345677 -21.057295663124318 1453.1963814188748 29 47 20
28.98343706120035 -17.467696953398512 1460.1834210036975 34 41 19
42.48909697216739 -2.7030669630326107 1465.1849341010488 143 153 162
91.9768283693688 13.213303987413147 1478.9397933675662 255 255 255
29.859617018642638 -30.1398514246779 1478.9752481820829 153 132 115
-10.852068775431928 -45.10004192703265 1462.4983278958036 141 145 148
16.960343443052697 -18.583366177276847 1449.0192623289065 81 81 42
-2.6171811354822223 -31.204375244869155 1459.7510673982504 90 90 88
-2.8102798543527827 -32.13563496054649 1456.900344283268 148 149 151
25.691517538819514 -28.782146060825536 1473.3088600984536 99 100 84
15.088788145665546 -33.71364762233673 1470.0632311958711 232 243 246
-27.190038628282608 -49.611232388849736 1458.0385396470313 129 138 146
-24.012339536172796 -45.57831100686904 1447.152691445034 95 84 63
-7.76619781271281 -34.54042468813113 1460.1448326079849 153 153 153
-11.143530750588344 -56.474513300866356 1476.935460617203 65 60 53
62.27006301785301 -0.16824022038404896 1468.6850208531537 31 29 24
-24.51488598319313 -47.46204072205185 1450.134729853547 136 124 74
-9.915460526234018 -39.40772740844427 1461.313819851599 168 169 168
41.362290739676745 -1.3942465373044228 1461.4450255794413 148 158 160
10.332148338708162 -25.746114259429383 1455.575857288152 83 54 58
-21.96753475530609 -59.891593656537395 1471.4905712893985 164 163 168
22.565138048308746 -12.719558462614634 1446.999351968579 142 123 111
-18.473576083647348 -42.906829751640174 1449.1371480847963 145 129 106
31.729482844315843 -8.956884819753594 1456.7337872083888 148 159 161
17.782784087942957 -17.866073816063473 1448.6885252654388 172 159 128
-1.7068877360358212 -29.931573095827332 1446.569328113681 87 78 46
64.55772426705244 3.885171257172027 1470.0000619620034 124 125 130
-15.097405581956236 -57.85065581356111 1475.1952410146366 54 45 44
31.419762517149806 -9.360405370381304 1457.8568587626019 141 152 154
-13.166947834040592 -41.202162752018346 1452.0266220444566 65 59 36
62.546781410641174 -5.676791155378973 1477.0000964233018 141 139 140
4.272917706691383 -27.00454438600563 1448.5641708111668 161 132 105
36.798856589041314 -6.597057546716886 1465.3903761041288 152 159 165
-17.082555067003504 -41.80861911257531 1448.9488723146837 114 97 79
1.3455508493853752 -27.930642843238648 1446.527435827486 193 173 149
0.009885545621705964 -30.225355149827475 1456.8625679755366 146 146 146
31.308689450259006 -9.389281754612915 1457.4594755538142 144 154 159
48.361753183427965 0.18290496808027742 1455.6777438721033 140 131 126
51.09262755020824 2.0443797690918224 1454.6725547878866 33 29 27
65.74765390840432 10.555317699978216 1456.735376226991 171 163 143
42.19451731284602 -1.7494496161402835 1456.1733651302252 58 63 69
-41.3526071787578 -58.71442952474399 1449.4766836813055 49 34 24
35.308615389510805 -7.0863791276510195 1461.995548669275 126 140 146
-26.943745638532597 -49.04182495464238 1449.8402890961836 153 138 105
36.118063272891916 -6.866470377075521 1464.5827837197712 151 162 166
32.74637732418777 -6.602109939760315 1447.514876643332 130 114 82
-6.853947200539769 -39.71029070500191 1456.6341658557935 82 82 80
52.738450661011164 -11.225248665815357 1475.0209805653108 108 103 99
-41.456931541564835 -57.28933346492205 1446.6171569649932 76 73 56
9.698328204471492 -20.90608000201495 1444.043141757794 76 50 36
19.94394572689381 -13.55817385607035 1444.2549163065153 60 46 40
41.20657398210181 -1.710259518579059 1449.8317054463832 16 16 16
3.8301411681813717 -25.203334307458498 1445.0551918858712 83 76 63
79.96487653437953 22.96657060650644 1454.3075086584336 68 68 40
69.63411911802211 10.226399991110426 1460.8419306524547 158 155 150
75.27554588303622 3.794456892789716 1478.7907440824633 248 251 255
-7.8268576934758585 -49.29089168676815 1470.2673219484484 161 162 163
11.587293975612328 -23.949306065640307 1451.7589551593778 125 114 102
14.519034999959604 -17.55475530654242 1444.4958345727773 136 124 89
45.10080984413384 -2.294216926730142 1454.1594714295538 107 99 86
37.53532192070088 -5.228661281176604 1458.0650556738328 152 164 163
-3.4980009030398223 -31.84970186039874 1459.612114870065 126 126 124
-29.752107870046405 -55.63690169054621 1458.9334167049165 16 14 15
39.0704311903096 -2.7207463775645833 1461.0032092576562 115 121 133
49.092856242012736 -8.747918452737885 1471.0207906603425 112 105 83
66.10617115294167 15.312637399136966 1449.7461375227845 193 185 176
11.688868220832846 -23.8000778587289 1451.615193525391 133 126 108
45.82239290125111 -1.4798411235533329 1453.91174764689 190 189 184
14.28975492532327 -35.103365361194214 1471.1763621238727 81 72 70
27.86232265527302 -16.26276001185684 1457.131474726573 153 139 130
12.27600876814874 -22.28671567752328 1449.8550320850793 220 206 188
-4.595455161187071 -32.35351116284206 1460.4873210159544 127 128 123
16.138801386206563 -17.167786857802206 1445.7335159355403 118 114 82
37.23267297918487 -6.533151342262562 1466.2559145102073 147 158 164
25.567056055703684 -16.335429647972568 1454.7347890013593 220 217 212
-6.97347435071013 -37.41907880991773 1461.565777216385 83 83 83
66.98961104147624 8.45563312529651 1461.1884335981285 47 42 36
43.42118392651514 1.7377745574624095 1446.3534249248535 129 124 105
-17.96313774266719 -40.30745000583189 1445.1778031381532 107 123 73
12.751339429846151 -106.10614169567822 1452.9319090739514 112 113 112
7.065402388732957 -44.97285003133414 1477.944044182996 139 125 121
43.674506895689575 -3.4131672512366156 1454.9588019699954 197 206 211
22.070547610307564 -19.18325797288896 1456.8422473271667 4 26 21
-4.753309089875543 -50.82352799724341 1475.183456615683 57 49 47
56.1303303394434 10.2962008889773 1447.0569363088355 161 147 119
40.21070059088197 -3.486461585586204 1458.8686276623268 71 80 87
34.953100855358954 -7.458174129955952 1463.6495500493024 65 72 80
22.15519643265976 -12.17015915733645 1444.117883567231 115 77 53
10.378676865305884 -25.696461380861454 1453.7105359782652 151 20 46
48.496917655145836 1.696306385130992 1452.0415135337582 190 187 180
15.73983452253542 -20.343144491413508 1450.465430919852 194 194 194
48.80370936396257 7.026338134845561 1443.7882488462121 198 185 176
-20.17394214674223 -46.6791026276113 1453.2898667368488 159 162 163
14.124361613616426 -21.369926856321108 1450.4759562458598 131 118 98
40.82502302173843 -1.801431264822351 1461.9693683217936 155 162 167
-49.2850355104375 -60.14505327932343 1455.8073073068012 79 81 78
-19.207251619786174 -61.95805351976458 1477.0530485344289 169 154 151
34.14709316443443 -7.590888870733806 1458.4075589285817 156 166 168
44.263525016727485 -1.6034443042321578 1452.2874025401939 109 106 91
-9.500926797387411 -43.76089116678032 1465.0399571717348 55 56 51
35.32829425022167 -7.634812223333932 1465.572551608714 144 151 157
33.459761109490074 -16.399484504148987 1463.0505102671752 71 58 45
41.8010189666172 -3.3824736434765637 1466.182594575615 132 141 145
-9.104141685136456 -42.22351754897614 1465.5308479110006 108 107 105
36.451902889725986 -6.149074293300009 1459.2379157135615 121 130 137
55.05940853670644 5.191006992670551 1453.773045360825 183 200 217
39.74933202619887 -3.0021620690598936 1462.34894269711 174 188 189
1.8375037930380687 -25.903320100716172 1443.8074441982615 210 201 192
65.34635145348346 7.365353661019392 1461.1538499882133 71 66 63
-19.671936939317685 -46.55253513025576 1453.8756266034784 157 159 157
32.70009404137029 -8.55339953321454 1458.2005951732965 60 66 72
46.91026319611815 3.2221309844319044 1447.984029419036 196 177 145
-7.662553554275983 -35.425692233307466 1456.8388801549952 184 186 188
70.10135100084418 10.752876646904854 1460.737628427156 75 76 78
-21.503908747171913 -47.38284538693439 1453.0239278462989 111 104 101
44.55433543996784 -2.0262593778228264 1453.2561193991453 110 92 74
-19.918155855701883 -42.617038089443945 1446.9157316307414 187 173 140
-10.58942789290051 -55.896219137317075 1476.6305312506774 70 62 59
58.700833571483166 11.444757284787714 1448.146022198594 35 43 24
23.892617695755018 -29.096263713996148 1471.7348203818674 52 53 39
-2.4058476930617863 -30.661964232830236 1461.648780440333 74 57 56
52.23774492830483 -11.264453704662008 1475.1464573103651 19 21 20
34.84405858734499 -6.7762694786021695 1456.2718245472324 100 112 124
-16.71848025235809 -44.50891051579158 1453.5718639660863 39 35 31
-8.459355667581342 -49.44362551783422 1469.0823409118084 132 125 117
3.3272364509639196 -27.671084826631656 1448.5089748446358 185 178 164
-17.13028314417476 -41.018785789610526 1447.4749573739853 170 153 138
62.03522680787265 10.146954409634912 1453.6643051590625 119 105 73
-36.190595639744 -72.86601285771117 1476.1550385979926 131 113 98
38.40194438275858 -4.334446225201078 1456.2396422750628 82 90 99
-22.106683068921477 -59.790880089264746 1471.167383936607 167 169 167
68.46471901462687 10.788662216765655 1459.1029151983123 114 111 104
-9.890104657157806 -39.74440901932419 1460.0656182104963 153 153 153
35.7331190548509 -7.262592747373984 1465.1217890340502 151 159 164
-9.444041766800602 -47.445868903283994 1465.3762019749918 212 202 181
-44.585208920298435 -62.907603500610406 1453.240229639047 112 112 114
22.759508655556182 -16.657790648477945 1452.2779408757995 151 132 118
11.245009915518157 -20.12195914882031 1445.020399608494 138 142 120
3.7193429464512064 -28.24250773887964 1449.93998578551 116 108 80
19.328672257131707 -15.45077490313426 1446.5639460937043 101 83 75
58.46812948317045 8.026673706114254 1454.4802092835585 147 145 139
42.30760705414854 -0.3223502036145152 1450.3938995890167 207 217 221
-38.93283651657685 -55.37479477653965 1446.3455738140133 83 76 66
60.20292929142545 8.408894727660918 1454.424482905362 204 195 185
42.39584181081242 -0.9480880799343518 1452.6108219794069 30 40 39
53.7909408288443 4.7202715754976134 1453.0784398853423 54 48 48
71.09810795595249 -1.8691941913994596 1480.5279567966868 101 97 98
-0.6243359020884081 -30.19412622060992 1448.3672059961937 103 87 61
52.00655886705077 3.3597926557084645 1453.213017110547 144 144 142
-9.333843925441997 -40.21340799548798 1463.236737285 93 92 90
67.01866808531622 9.239009614292458 1461.4589641241855 212 207 198
-47.878068342058384 -81.6585489588557 1476.5108923969613 63 57 51
-35.15347610631621 -52.95361243864567 1446.9418973906131 57 52 48
-21.690312684978046 -45.531314419390064 1456.3637620428472 56 62 74
14.040280659759011 -31.84237450743789 1466.0031346960643 96 82 79
-42.709682296966086 -59.64746305509595 1449.4789500492034 129 110 94
14.116810756800378 -21.657933318462685 1450.9418671353374 197 185 158
3.0466535747050303 -26.45305580437041 1446.1434389862757 118 102 78
41.52879943431941 -3.468381207274641 1465.6740067073292 66 73 83
27.193468110965448 -22.130337222092287 1464.786079386678 48 41 39
27.137597662674416 -12.5069681658333 1459.4640033354094 128 141 147
41.753038892459266 -0.5239840391454806 1459.948645489037 145 153 155
58.06919899056539 -11.043961527005875 1480.2115568659724 136 135 134
34.76887575320565 -7.726484020365075 1464.5716869342689 142 151 153
-26.164300078841116 -46.98422258613027 1447.1964597445653 152 135 109
47.33039360902606 -2.4811298620581286 1459.1485986115633 122 123 125
56.25913697817542 7.075226887998036 1452.2589323270458 30 26 24
-27.944720652873098 -48.19711995414297 1447.1631594290695 110 99 75
36.11960742795888 -6.868659667944678 1464.5831411733789 151 162 166
2.640540315032288 -28.496980768819938 1449.0430160162803 164 154 143
65.81353444186809 3.7922537513468453 1469.3935157067776 199 204 207
8.081118540323793 -21.809627476138584 1444.3551942494037 19 15 12
82.15108324958837 17.163556241168365 1464.7047639091884 99 94 71
10.94239020590439 -22.855248480698613 1460.522688747871 63 68 71
-23.757639455904982 -56.691622038148104 1465.5523722840223 25 26 28
-51.05699897012836 -55.54175139178195 1453.3583436302276 73 80 61
62.04588108449254 15.056299822292473 1445.9686742700092 208 204 197
10.37840967670061 -20.46946973656609 1444.5021483039047 140 127 90
-26.11363543145414 -48.95998810408879 1461.147514056022 202 199 194
37.99395576569925 -4.901801651525096 1458.9134089679192 207 214 217
81.61281870847998 12.81108588177227 1471.4002161761032 68 61 58
81.32488187123586 19.274249773562367 1460.4632549089354 119 115 109
49.42830602431856 3.0586415455450324 1459.4755811770233 233 233 230
42.47501434415222 2.583560060397297 1443.7886681648292 218 210 200
49.51671892553616 3.4802078464551394 1459.4572319097317 229 219 210
19.846483148091814 -16.566648729861427 1451.8730258688647 9 11 10
-13.25412884907665 -37.769026539284084 1446.364936494034 114 104 81
58.72295916955478 11.3009962035724 1448.4640388812377 176 181 174
32.38809564802999 -4.9790918768576375 1444.417712881541 211 211 212
-44.585208920298435 -62.907603500610406 1453.240229639047 112 112 114
19.317242361824878 -15.616934504341316 1448.4617290414533 243 251 254
22.62050178633294 -13.907217336627316 1447.8804190401784 146 130 104
64.2043413376216 6.975805092118849 1460.6055521960013 108 108 100
77.60192163466303 23.803485496012588 1450.189090721205 142 137 105
-8.20491539910227 -35.550873881441554 1448.7149575692904 128 107 63
64.57298224177455 9.750726356754715 1456.7821044639118 128 117 91
-40.24384216645988 -56.21408761783481 1446.3106428165224 103 95 87
-10.663274135662375 -40.075984131119235 1460.7629198775312 122 121 121
-23.18453922290063 -45.289469465444895 1447.781745318992 210 191 154
65.90491588102242 -2.3353496247287584 1475.5583062454914 45 37 36
-23.676900162357633 -48.5983924688461 1453.5224752082577 137 140 139
0.7705889488098474 -28.335460869401363 1446.7071184333852 154 148 121
-35.01327819461569 -51.532326606323885 1444.2196208115079 169 169 158
-27.543920543413584 -48.08447613697868 1447.4113480895599 151 144 105
32.07299854778102 -5.182588364554626 1444.4527515219977 241 238 235
10.70259430406789 -21.84021040689876 1447.2335088777024 174 160 131
23.301976241754158 -11.405216048739453 1444.1349560548076 32 30 30
66.43514716991405 14.096765580720737 1451.9567825208487 229 228 225
49.4432559807917 3.905979170523409 1458.6958860066143 87 81 78
15.578067360784033 -22.453891964945427 1454.5788275104699 25 25 25
16.29301979447604 -21.581409406856473 1453.3554196382522 159 173 176
-20.43469432015458 -44.8538365772746 1456.967650088246 127 132 144
36.65549288450567 -5.798135726852846 1457.8161916540544 152 163 166
50.50950792151738 2.9289641403870443 1459.099587471027 203 203 202
37.80271330696039 -5.358285373100527 1462.3144960582067 50 60 71
46.16164265263227 0.13747503818896029 1452.4948569855744 186 185 183
63.81390769705669 6.25002240098115 1461.1497014593726 39 35 34
-35.60671342690932 -53.050493850756425 1446.3202349850621 169 170 166
-15.129906990972911 -38.096405364767975 1444.2171198949402 74 75 79
40.463110180925625 -4.068001718008336 1465.086572274349 160 170 172
2.753460491566717 -26.50398616433381 1445.5840268835966 207 207 199
-32.539888519128226 -61.995497368763324 1469.3361467864745 42 43 39
60.11175917064059 7.941771943990342 1460.0309515870836 24 23 21
-39.61123485042254 -58.685581668359546 1451.4760463494908 78 68 56
79.85747984775527 20.239439923525904 1457.3835125726687 211 206 196
-22.78002577282526 -45.02563276485305 1447.9458790664833 102 88 49
-16.62877438245419 -52.2126440652337 1465.280375713278 224 220 217
-3.6738877274527533 -51.24640466655912 1479.956344051353 138 139 142
5.0774039013191405 -30.300184547071943 1454.5907513679017 112 94 57
-9.940446851648202 -43.119866683811985 1463.6983515825982 77 77 75
56.39940142700441 8.48077890076439 1450.12709052116 97 87 61
-11.681884552055644 -41.96345198505469 1454.9853342568113 106 91 70
50.383142893400716 4.884781084976799 1449.1376567024013 71 69 44
-43.25287942873109 -61.47036800815409 1452.1626352987662 64 48 39
42.930363467231054 -2.3125554151732715 1464.89474218665 155 169 172
91.78493807056567 13.992872079179659 1480.7477977219576 31 30 26
58.04900137131242 13.25736289291248 1444.487103513453 197 197 197
-30.646318239413045 -51.92731730483222 1450.3633812096746 138 138 138
33.76413006523894 -8.099709740352585 1459.8889412483863 28 32 36
-0.584197440711747 -29.41979476106916 1461.042447236013 137 138 140
-35.47860436786863 -57.832940260331384 1460.0473353311518 94 94 94
-21.66711619404044 -61.72138699414028 1477.4803739491122 43 62 56
-18.91274944741131 -61.73428532952174 1477.0262479296816 64 68 51
15.821885774333243 -19.745383480742866 1455.8605808506975 175 180 184
37.82566085431826 -4.843751965608283 1456.8223659491366 124 135 141
38.64796794051007 -4.799091262759388 1462.9459926325696 85 92 102
49.54434081669478 3.64340855846697 1458.0426377263498 22 21 19
-1.8651707814317546 -30.410798135692893 1447.1863855907632 184 169 145
38.848880706897596 -4.3828212928851675 1450.7088266534738 77 56 34
31.348461619012433 -9.563806857447789 1458.8648625693615 138 148 156
-31.711297061157353 -74.42513462877135 1482.3834591137181 48 51 32
-7.90672695903923 -33.99816097568492 1446.1618593685475 121 118 84
35.70959133492707 -6.493969838929988 1458.1831918383698 55 62 70
-8.308460145522371 -35.57275913628122 1448.5614571964038 201 179 140
-2.3684840096275224 -34.95610056800589 1454.6537039013415 16 20 23
-39.533112492142095 -80.04452523528403 1483.2426380432669 33 29 28
-19.644538787476655 -46.486583617210975 1453.7138225388862 47 43 40
-2.6622413992681224 -31.81053405448575 1448.6238131519685 105 95 73
35.975440682211264 -7.449879350031342 1466.5436404482502 148 158 160
37.67733149748649 -5.56642511570714 1463.5688760374685 157 168 171
-19.29202447496293 -46.452922461605496 1461.7687638278078 27 31 38
64.29095350692107 7.960003458007693 1461.3645468562565 76 64 64
-20.706953573130075 -45.31044016930708 1458.2279538369755 111 121 130
-10.047398653998577 -55.505058791362146 1476.4381267488222 41 37 35
1.8643868788637863 -29.50485468278124 1449.9036012860586 117 111 91
83.19044061117059 21.937094354808515 1459.588340833567 46 50 26
-25.79074965704923 -48.18979320794144 1449.795928257416 85 71 42
69.37956584560607 -1.52919002307175 1478.190390449098 135 121 120
-24.053329124869784 -47.020222248282764 1449.8419484837632 205 197 194
-7.284273080516786 -35.003821106299014 1457.4397148369071 138 138 138
-22.278505923709933 -42.81908519233978 1444.0322583608158 178 175 168
57.133891302255506 11.599113506999437 1446.2092178603932 79 77 63
-19.870353886875968 -42.37453375702207 1446.5426107227927 47 47 28
-2.051482217602825 -33.42727914542344 1463.8424035680705 47 42 41
-10.190981921485218 -55.683560092120615 1476.8681175679735 189 182 164
60.58802298294844 -0.08784644498388945 1470.500276382177 135 142 155
47.52939875092798 2.1245634717728237 1450.4276022094152 63 59 23
7.604685300375261 -23.399752517834827 1446.1811594676 121 103 92
-14.798799633711262 -41.11716278825889 1450.2312795496223 186 173 138
59.89277567001574 12.722328225964063 1447.4959836938538 26 26 24
-13.69120639346773 -36.51222886968055 1443.8479671873495 186 185 183
25.92394258420731 -26.920880224627417 1470.6808506966609 143 142 131
12.793517240890173 -32.00731633718284 1465.587791844004 65 51 50
63.02538949238149 6.0781242598459375 1460.6454884039981 51 46 46
42.61230071275128 -1.813630695388705 1458.8154963643094 51 59 71
-50.262486456601295 -58.158619222503646 1449.924407873116 96 105 102
-12.06512129368385 -36.87010010713123 1449.8523143563746 244 249 252
-33.44892423291134 -54.35540693820823 1451.0125582283565 106 87 71
68.69274319607085 7.63161689607593 1464.0784082542827 145 141 138
-6.707228956502922 -32.15689306710476 1444.216768597427 78 63 51
-5.915691589181895 -51.618502893709525 1478.5484744704588 184 181 181
51.867828144120374 2.5257087374122027 1454.1424902833662 150 136 115
63.032325048251494 7.2342395413816245 1458.9401637759188 89 83 70
-8.572467240159275 -38.72393739541132 1460.601734880221 120 120 120
16.151914453969983 -21.71366885383622 1453.400024336892 65 61 62
38.056172807099664 -4.770682787420841 1457.4089804963273 187 214 225
10.536153369307454 -26.429764567866044 1455.1483334258885 159 151 140
31.97944642831592 -8.925903474330152 1457.441910245488 143 153 157
-10.412427163911358 -40.23864916257984 1453.5066356788232 84 81 68
83.48701345574577 10.732881151934043 1475.3821304134249 173 173 171
65.91319206877382 -2.8802202695633885 1476.48046385569 55 49 49
-23.316150887732853 -56.58772264563427 1465.6141954337381 83 83 71
35.83022864702945 -7.1937354253338865 1465.0675458278997 60 68 75
14.506280331453217 -33.17623526875635 1468.5349369980431 180 177 172
22.537780339607906 -11.794913649311713 1443.964041593198 99 65 45
-13.275571945828588 -38.247764937906716 1447.085427504695 144 130 100
10.562201948990227 -23.092509329115344 1461.7011016624137 74 79 86
38.1854252188812 -4.645361166964891 1457.2388427857786 142 153 157
18.675271193920793 -16.323845345023685 1447.3098878122055 132 132 130
3.966088440770943 -28.07456098033766 1449.903372718926 56 59 36
15.131451191027143 -23.58725540924798 1454.9060299781574 30 21 19
-3.6688972092357695 -35.25659320053266 1453.283909717839 116 94 80
41.65738924349484 -3.2992143304006465 1465.4643036924183 111 122 124
55.66590185417377 11.640017860801496 1444.0485391944542 205 200 189
31.188687054453915 -9.329508125480334 1456.6279174541573 147 158 160
-37.776045965752246 -79.18152227837223 1483.5721542728852 60 51 52
-1.7500508373709323 -30.978514858549403 1458.4808602438018 151 151 151
-8.317676751958713 -41.06377420266043 1464.8766850492655 196 196 194
32.482031514345984 -8.96396593916784 1460.0034663617355 137 147 156
-32.823706891751705 -49.823737676636625 1444.2908466259566 67 66 62
51.00307577608022 8.038224770726622 1444.828104480717 214 220 220
68.74802296446097 10.877246700264202 1458.996815200352 211 210 207
35.657210168502935 -5.131317995513243 1448.457950991143 221 201 168
-15.979276610255047 -53.388824373603846 1467.7352547555022 161 151 100
-23.473229727470752 -44.72587299394528 1446.2410193690189 115 109 74
-2.3567541910179073 -30.629636328312447 1461.0648279638178 160 162 159
-10.708305824999963 -39.68054420646527 1462.1861910709865 108 108 108
-18.62649644967135 -48.37362865335208 1463.7314397956868 20 27 34
58.84826584470885 -3.671139288315952 1470.1064563950172 69 69 48
68.98005430838076 11.187347883381412 1458.7943670618492 203 196 190
79.68495394143785 14.21926891383613 1468.102968876084 14 15 17
36.996017917675495 -6.236403139370335 1464.4271992118963 157 170 171
-9.716523250841627 -39.58415906858857 1460.3393753056853 132 132 132
-11.754234036619506 -49.259738475780814 1465.520823866451 89 85 31
42.30760705414854 -0.3223502036145152 1450.3938995890167 207 217 221
50.35815768235624 1.8495132185096193 1454.7711352135857 174 176 175
9.1486151490693 -25.978844347922823 1461.2704630178325 34 35 37
-18.89781632953982 -43.0856588649077 1448.9657813066053 136 119 100
14.693923947595202 -20.318290568993532 1455.211704784528 158 161 166
17.87347598137149 -36.479525712118395 1476.732833690264 173 169 168
77.98405646473564 24.41180080586731 1449.6145910450944 131 126 97
-21.563456692518358 -45.1932226042668 1449.540927553087 146 130 106
-24.42774138607676 -47.60058095454602 1450.4293046217836 71 69 46
63.89633488267137 8.820511649810822 1457.4309940376475 164 147 118
53.098169222955555 9.729810995869034 1444.1776972941607 69 69 69
-15.345092612552587 -39.29386945202029 1446.7078946499869 135 112 88
10.06652660829246 -22.58379672973076 1447.6996461295653 132 117 86
37.364580820364104 -5.670830025678413 1460.3926884433752 126 135 140
44.91970982063253 -2.491178201881378 1454.3766011711828 108 105 102
40.29942224494056 -4.303603496098344 1465.6305656955058 156 167 169
-21.153409764292363 -60.63116164448637 1473.423738348364 216 214 215
-20.740237411233128 -42.2035956623862 1445.177541005145 202 205 202
44.02999406529363 -1.1166210379096102 1451.254363554217 173 152 127
-7.470847765612569 -51.59183054544464 1474.3454166684146 27 20 14
35.09932805163185 -8.187702934448403 1467.2092528849269 102 115 123
90.37983986936698 17.17025063726518 1475.4001415048667 137 140 143
16.488916188734333 -18.2845676803293 1447.907599047851 165 157 131
-27.8393394110792 -49.924536715039594 1450.1059832547987 152 149 146
28.508521636909563 -25.916212053830055 1475.761192536785 146 150 151
72.152389944672 2.1682225040569674 1477.2261329872358 50 45 42
35.627909622546845 -7.160210180073233 1464.354237026313 88 95 105
-23.18453922290063 -45.289469465444895 1447.781745318992 210 191 154
-36.15071739964401 -71.11774043370016 1473.8432009885012 154 138 122
41.76488926693171 -2.398545044602396 1458.8485900554326 53 62 71
4.157447467601169 -27.786108531567173 1449.5933816538648 172 170 158
13.076663587550776 -20.175055666710094 1447.2575322551459 82 78 50
-46.11739113802587 -61.08222020703081 1448.117572462826 127 123 88
35.905301880234354 -6.166724102051326 1456.9685479939715 144 151 156
-50.36040390775198 -70.53971117846679 1462.9347878868564 54 52 53
57.43104878412493 10.342513087475162 1448.4472705606806 151 142 113
-7.489586442239172 -36.008324077971515 1450.2109677787282 114 96 64
47.30161465106405 -3.594613715907628 1462.2665053590358 191 189 189
64.30675570574722 12.517435970361566 1452.417289841419 80 80 60
41.912120246337416 -2.8178099080293477 1464.4139897387388 145 153 156
25.868127555127046 -13.343358471143745 1459.5512441513956 78 82 90
-19.43889003275408 -46.185745933285546 1461.6754318120197 39 42 49
-42.4462166520792 -60.32414001888521 1451.3089084928363 123 95 80
-24.43430555582992 -48.11485255474484 1461.7186476842764 211 202 200
3.8205858505120616 -27.726832039803632 1449.1595635978933 89 78 64
58.51002333840188 7.626188540003989 1459.9324347724353 83 85 89
35.75417033196477 -7.4328957400102915 1466.1265644966136 142 151 154
63.93982709872155 13.497971383336775 1450.6763697469141 63 59 32
63.06523481576484 6.772566374025748 1459.7181456391188 101 94 80
-27.51583181872073 -48.57644996997244 1448.4083395624034 116 98 50
37.70429408894463 -5.432950431258054 1460.7190368322506 55 62 70
-25.390215397418366 -44.6475074170466 1443.8843973061958 90 87 85
65.0137631623516 11.705683771969554 1454.410534999359 130 123 103
65.22571995532418 16.117086356628082 1447.5421485915774 136 135 130
12.733782266105681 -21.950623500507113 1456.2877551225783 85 89 97
-34.07592256677419 -69.03034465788197 1472.2785315013589 83 71 56
19.458468982860897 -16.950763658630954 1450.6117121641107 228 233 233
83.89650315243424 15.56922225952409 1468.9672078607596 65 65 34
63.272639086910054 7.618150459735547 1458.6611566041086 123 106 80
34.41663782903515 -7.493023011418521 1458.9884293471061 154 165 169
-34.609004537592384 -55.21050105788288 1450.9593784746735 138 138 136
66.8634432981168 14.433322143028382 1451.7487349652279 70 72 73
36.11838194874662 -6.867634199292891 1464.5830066545939 151 162 166
33.136196024448424 -8.14359380919542 1457.5586916798923 144 153 157
35.38414446486326 -7.472575831777483 1464.9906801065467 152 162 164
-12.2116362225826 -46.44384580798484 1462.277584837512 141 141 143
-0.6906708590265822 -27.60625592001463 1443.7445195028738 78 73 68
32.315881069608515 -5.808924730450327 1445.170229303486 211 207 197
-38.29683849806147 -54.31131286843597 1445.2868389207488 99 94 90
0.32764865837354173 -29.03295068437922 1460.2305367370775 74 74 74
66.61616545338366 9.977488024634317 1458.5557065297867 148 135 119
-45.27972952959404 -79.06499981687521 1479.317150837201 147 141 142
19.781513936219163 -18.937739500264243 1455.6637606458412 190 203 209
48.25586774528723 2.8002764189498186 1450.1474701129055 162 148 109
-23.306527929721046 -43.23911856947906 1443.8578469256945 86 79 78
-27.48950863633938 -47.458568074230485 1446.2989880274151 93 83 56
-5.247387813401679 -31.370616771481533 1444.9023158165046 84 68 49
-23.17236071251386 -45.518518537962706 1448.3001399562822 163 146 128
-25.890166170066014 -48.40297063836692 1450.084054385196 132 117 84
74.4800009058859 3.639647231043876 1477.024897430979 211 214 219
4.439261772847014 -28.276393839289206 1450.7882862530869 180 165 147
-26.373393970914684 -65.61946463709975 1475.2311294808321 138 138 138
40.99315699692198 -1.1331282841288646 1460.7241645621718 174 187 188
-39.776833667621155 -58.95436883364337 1451.7384835265032 117 96 82
-36.40483672539953 -72.82645754158624 1476.0751488377025 10 9 8
-15.934196682904815 -51.839138447213216 1465.101095758323 211 213 213
36.67267356609951 -3.169140610180664 1446.5434079392987 166 151 117
-3.435628898531104 -117.66890342889789 1452.8741107263922 143 144 146
11.593457256499637 -22.383235548487733 1461.8061798248295 31 36 42
65.59415812956297 11.080678012768148 1455.9707855442284 159 147 129
-5.637992114233641 -36.30188244156727 1454.0726774945915 15 29 15
-5.013929030405895 -32.21407002516409 1446.4179734790112 144 126 90
9.351274266058075 -20.95973296475918 1443.8376212578494 201 193 182
33.10681997023452 -19.422153770848688 1467.050326910353 73 66 50
46.67718570105161 1.6660096189446023 1450.1045553540155 65 60 57
51.002637893630784 -9.458091845003617 1471.8905742535533 126 125 121
56.555985358522825 6.749735858752196 1454.7324565802098 188 188 186
52.79505571792567 8.865127697741821 1445.567840823574 165 160 151
36.49910195757321 -6.150163055595979 1459.3957958937654 122 132 134
-3.5584729204767807 -31.980614505367267 1459.244968560415 151 151 151
18.54638654820176 -16.6969605460472 1447.6829030043432 60 62 42
49.37047373072741 3.771521880884343 1455.1330319481142 109 117 120
68.42613204685777 3.3809231741428634 1472.0117375214422 26 26 28
50.59551824463035 6.967184597325923 1446.141963171709 205 207 195
65.0700101683589 16.287881121694767 1447.402162144757 124 122 117
27.899718476943026 -12.030421507622773 1459.6105428405017 144 158 161
12.013773176436173 -38.92719524540212 1474.2292311437195 30 35 22
49.50184833106385 7.146128408322626 1444.4741718612886 230 229 224
27.574558625487967 -25.882154695917468 1470.8983122939092 59 70 38
-7.1489024481525885 -33.89713765106508 1461.7990264638522 229 228 222
22.286163040242954 -18.13529418664293 1454.3383867173554 109 85 81
-17.900881371550334 -40.968361679772265 1446.335852108217 132 122 91
50.54024973103047 -8.540478622200931 1469.5542175891705 7 7 7
66.4577851626998 9.280675224712725 1459.395176702107 50 55 28
2.1754792658027355 -26.06381758267208 1444.4250886331438 217 210 200
-17.112542475315276 -39.66324583467355 1445.0276348737498 193 187 181
-25.630515358105434 -47.11482665149964 1448.0775645319425 189 176 133
2.868531398255368 -27.779982431637183 1448.1407041232155 80 68 52
-1.7962182845192556 -30.16534930862761 1461.2392786125 57 58 57
24.32757005815125 -17.89271076676178 1458.1292695432262 28 35 45
14.996381384565368 -31.58693298403286 1466.500937433805 227 217 210
35.508053360294994 -7.146903245045283 1463.935590435686 72 75 80
-10.075173935915796 -41.24125829029393 1455.533533622254 155 155 154
-25.48269703495694 -46.08486129005299 1446.2368283564679 73 68 51
79.73214704066355 14.737247736109806 1466.8611295437518 113 119 135
-9.838099086181783 -39.57893929147569 1460.4762325478564 131 131 131
37.45284358564429 -5.610825880241581 1460.668562517573 120 129 134
45.13836067348621 0.8341271717318216 1449.625846227675 85 81 52
10.647656871861317 -23.15187727977779 1449.273790387193 210 195 171
42.06760905296464 -2.346102106640793 1463.608094779131 152 162 164
17.806302183655994 -32.146458294604436 1470.2402449830402 44 48 25
-13.15738955823708 -41.2058704970492 1452.0226223274813 62 54 35
-2.9434850874458607 -29.623680263544905 1444.454514808174 224 213 193
-48.765610736353835 -62.114217492325636 1446.8478994407735 60 49 45
38.25321326800868 -5.344179279317272 1464.6616125550229 145 152 158
12.121695447737984 -31.749988692005893 1464.2979162507627 77 64 60
-8.512511362736603 -34.70815082990381 1446.7605965065418 65 52 35
84.08281074518388 9.83483207921202 1477.4828293691646 119 116 111
40.96375325348467 -2.260027632397969 1462.8693208125396 164 179 184
36.95823539493011 -5.941712705058228 1463.125406578276 153 163 165
60.674637292801656 3.0366301453426554 1467.2328119028089 190 201 207
35.74956199892326 -6.494659290969252 1458.3801978735194 150 161 163
-3.0079274806616705 -29.688981399209155 1444.212539483828 109 88 73
-7.996826959289975 -35.81549401204241 1449.3474547162753 116 105 62
-48.080169555956445 -81.24607441262755 1476.1730997548407 155 133 115
50.783066968903015 -10.029593745955328 1471.2433221568958 115 114 110
49.881460473785005 2.623914893831069 1452.127794328147 43 34 35
-8.455754994291851 -36.58068382214496 1450.0019285058502 172 157 124
35.888030319206564 -6.114692367630986 1456.5503466740938 159 170 172
91.46435766383753 14.484082250982521 1478.9810488706376 204 204 196
16.05208728599325 -17.196313543789014 1445.670449548095 217 215 213
37.756535598073285 -6.994809420562351 1455.96595798001 192 207 214
-9.230435007295402 -36.8706825539152 1449.5257980129982 99 85 40
36.425798752273025 -7.2273723601059 1466.967642171257 130 140 149
66.42951161543434 8.205298643034826 1461.2986830417951 191 187 181
-17.730243005001764 -39.43235358976339 1444.066680054312 187 185 180
-37.921200046571805 -59.72280026032303 1455.015314277139 21 12 10
-0.7495519541495036 -30.428197045835947 1457.9823204828674 173 175 174
66.51218523041435 13.956774794828771 1452.1735217535931 239 240 235
51.45838256174598 3.377607695565026 1452.5463513624802 29 30 27
2.992290149875274 -28.37184525674961 1449.2692020177467 34 46 17
-5.8483842804651065 -31.662260866612193 1444.4235069629697 204 198 186
14.327681447305402 -21.271147459489445 1463.042080234618 113 113 115
-27.10883360201475 -47.5512168804777 1447.0535001452429 72 61 34
-40.16089952285914 -61.09472327239466 1455.8698834349484 14 12 13
-7.02251842465969 -34.03462571057999 1460.130518428591 145 145 145
-34.1568018460519 -70.29124023853167 1474.6905990779258 77 66 48
50.621694273312144 2.58865552087259 1452.8296339774342 22 22 26
68.44187513609542 2.551881992576479 1470.4813625825095 142 140 141
66.40987415092765 10.789992493376626 1457.11618600253 73 97 39
67.12588873032463 9.731339708056076 1459.441883188498 68 85 40
34.299986526390605 -7.720424861678376 1460.0472940411144 47 53 57
-20.751399732543817 -46.79216278775912 1453.6189499868624 76 62 48
35.53485276698863 -7.7005970384329805 1466.2751343620184 146 151 159
38.53200445324201 -0.1241303444400014 1443.6931194615906 74 70 67
-11.271297965889817 -35.69156934632906 1445.096913330886 114 111 103
51.61873754014846 4.9855354958012645 1450.3278091487866 101 96 66
-7.687279651182793 -32.903216348306294 1444.252892498863 90 90 88
-20.978471956263053 -47.82608887034874 1462.1773229539037 44 47 56
3.523314564424666 -28.199664971824756 1449.5988518458735 64 66 40
14.657404061576937 -17.451634564660893 1444.21655496544 68 50 44
54.991178369859014 6.951642153343717 1452.7469280122295 118 121 127
-27.890414518682228 -49.91012607126843 1449.9620626144085 165 163 158
54.62782126715086 3.750224057482621 1461.9778266817298 15 19 21
-16.85731884265154 -42.13196036961217 1449.5808127151586 85 69 44
77.62572818258523 23.069681326825258 1452.0026231830093 72 68 39
28.127625609877363 -11.759332118729844 1459.3707021863484 157 166 169
-26.501531265002356 -51.283077895466114 1454.0268153707168 113 104 105
36.984605104378815 -5.5039361294256395 1457.3962616776857 153 167 170
68.42435827169506 2.5441303087684672 1471.4785965710314 32 27 27
85.90582983202624 9.075416745353829 1480.058703732899 216 213 206
-29.072907905843138 -65.11906355218606 1472.0086676948376 37 33 31
56.06506509967675 10.864639358090333 1446.1183539485125 207 203 194
-10.008403182856348 -42.29152478918228 1457.3967018360813 47 56 34
-12.177987400985499 -56.36899167478933 1476.0416177261936 58 54 50
81.12069845283209 14.010347427449831 1470.1012021118295 173 180 188
-1.7445939273721012 -33.743131222290785 1452.7635288694373 57 54 38
13.386689341040874 -33.112445730362055 1467.3061107356407 83 79 72
27.521772415132926 -12.320006432524263 1460.0353647738466 142 156 163
-51.45802265863846 -56.53083075886012 1453.4388025568617 25 25 23
-11.678897536140424 -40.150395216895724 1462.611521874209 216 216 218
-22.35710217280294 -43.980195967345914 1446.2168396679535 92 84 67
35.246876827066195 -7.52045776208143 1464.8909387208982 32 40 45
-16.07438417304732 -44.34679131799301 1454.211579974881 26 24 26
11.237151249299595 -22.8071920828718 1449.5159072335998 201 192 176
33.39234816251251 -8.079901403430824 1458.2119901701485 37 45 51
25.09627813415068 -28.72134234704683 1472.4240426303836 54 58 42
51.95864046323733 -9.229215171920993 1470.8440554336917 81 71 62
48.57164815028238 3.5724118240621694 1449.281213281701 174 158 119
42.72107179539016 0.556139739715092 1447.2485953321261 82 81 51
13.530361933184459 -24.652110360897492 1454.8799443079654 34 25 26
-15.44547036541359 -39.43464044209181 1446.6133353538048 99 97 64
34.91964214858752 -7.039525322570208 1458.2682965186275 150 161 164
-31.129845273516082 -49.336674238563134 1445.2474812672358 106 104 102
-16.41078343668021 -58.77659350065695 1475.1035874012446 180 180 177
64.82480851785749 -3.9454606364798224 1476.844679074031 91 81 80
-19.512680013524815 -62.30128390458685 1477.2852993639408 132 128 127
75.38950291186063 4.253386871644422 1478.7239342442529 254 255 255
34.67920789928066 -7.517540998405676 1463.166132235906 130 143 152
-33.359841528949566 -52.17978227422813 1447.6397748868915 169 172 166
-11.763541283483182 -36.537032877341154 1449.1009375192318 14 14 14
8.212219947011077 -30.39958894671584 1459.4795375154647 188 180 162
-50.99169127915641 -57.615065293584784 1449.2174921894136 67 71 72
-7.311736497706535 -33.822916077295304 1461.6318467081828 64 53 53
-0.9432679316040129 -30.89404705463916 1456.743452987084 143 142 138
48.15094173895429 -14.316897229290111 1475.0069809590864 129 118 98
50.52461537851897 4.58304411052958 1449.7196395035276 114 110 75
39.45688691415631 -4.010572716683989 1463.067513612936 176 187 188
41.55461858408082 -0.6177126505476549 1450.2565951023803 42 49 59
62.33337976843999 -6.027075513830354 1477.2791912571765 68 58 56
50.61018570930304 8.371291272459539 1443.8294458220773 226 218 209
81.987511853152 20.597064297365513 1459.3999346125847 77 80 53
3.1431836897010026 -42.00437858177334 1470.1230023836 48 43 40
36.418551071145934 -6.762994080439734 1465.0062719965865 158 168 170
40.74810845359672 -1.6995956968369819 1461.6904916639944 143 148 153
66.66225242151893 -1.7893893276214288 1475.6538175243677 64 56 53
45.73722291460496 0.5226717408357263 1450.6581409338762 225 221 208
29.036569181830128 -17.195017151582284 1459.8696535499041 33 34 18
66.45831484340873 14.356282631383838 1451.6830611338892 102 99 97
52.43862296488018 3.9972718642942504 1454.7707350858536 173 170 165
0.5794099827723442 -29.08402458969058 1447.848307185999 69 66 49
-15.58146997967005 -39.38571399836144 1446.295493476294 96 80 49
-5.2272776781424355 -31.431744488619568 1444.9897290921504 122 115 73
34.83572440608597 -7.503042353197566 1463.435851568156 161 171 173
55.20321545196526 6.441574824150096 1451.9708886032806 144 145 140
-34.523927529418245 -52.32891992110145 1446.8181706880869 150 139 119
25.79709596005408 -16.620743861825474 1455.3621686687068 222 217 209
34.95400851713888 -7.335421864432581 1462.9745501078448 128 139 145
-29.047803739242894 -47.01399712067975 1443.924987098767 114 118 81
43.78695376471555 -2.226864981012331 1466.9034788727179 160 171 171
-14.00382827459542 -57.13494109131437 1475.0794874137378 129 127 122
8.934949122822708 -24.9561632739158 1456.1098677629734 83 88 95
2.2572464030207007 -26.99019539851457 1446.1163998352015 145 125 98
36.92318635437377 -5.893645242301708 1461.6022249162647 20 25 32
47.19657538030994 -0.03697048407432423 1456.0419562871846 186 190 189
-2.550943131104846 -32.41282837916617 1449.6292327786864 60 53 39
66.65487578417951 14.667562711230362 1451.261605469733 65 63 64
41.90263484735674 -0.11771608325829884 1449.507508320059 128 70 75
54.31700602684739 5.812083864736385 1451.95558242109 184 185 179
39.72456410167309 -4.605123981468941 1465.2345096344727 153 163 166
42.993663976880825 -1.493146040294594 1452.6869350355687 227 239 247
-19.441123556748042 -46.52389600767516 1454.1187797474204 71 72 74
-6.272797456574034 -32.02334134207001 1444.1627786870927 59 60 56
1.0335345370693902 -28.168060751681306 1446.6094434232186 162 155 125
67.15634426758709 -1.0573470840252004 1474.9762603618171 168 168 168
56.710946419153345 7.5380965240752476 1451.8175392337378 42 43 29
-11.889199190483351 -56.5968535421868 1476.4252924931404 207 204 196
49.517580522508155 2.057317884058133 1452.553319309265 208 209 210
49.109879700039535 1.243516121759474 1455.9077627434806 86 79 73
37.15595031034026 -6.6784921985733146 1466.6935167661234 149 160 164
21.950838973858083 -12.101721471408855 1443.945615770506 53 21 2
55.000520245649696 6.150575607788239 1452.2085998476555 27 23 22
61.718600814782306 8.042344111917659 1456.4750283444587 29 33 18
30.00273291008633 -10.587922345508947 1459.5049670444648 18 17 20
-36.78833386240275 -53.86899602254068 1446.3287310816906 79 74 65
-17.92926077335391 -41.012023158040094 1446.4777872322736 189 171 144
-23.720652518138067 -45.78073955397219 1447.9155154803639 176 156 119
-10.793067486270552 -40.45102983293043 1453.4932641181758 90 80 53
50.99488251598105 2.2216235593554043 1454.6740131367374 151 151 146
10.693572275386716 -23.20532135614806 1458.4580440080772 19 24 28
17.54075544921348 -16.877200091163697 1446.8233021506417 155 138 118
-24.982297600563257 -47.0494080330347 1448.6934467934036 189 170 128
46.304179819659396 -0.3458323670485586 1452.9000641679615 33 31 32
-22.043530644259274 -42.86545615469335 1444.2559350480376 39 39 39
59.45833391911216 11.658198975601225 1448.6596371208693 86 84 83
-26.119136585985807 -50.32151448230712 1452.9145214703276 32 32 30
56.49350404580207 6.212708429004406 1459.9401044383978 20 21 25
75.96352256732422 4.5111099628216635 1476.9320289143764 75 71 74
39.775720005784116 -4.8802640667597155 1466.5080472083685 149 162 163
6.159155778851991 -24.84260203195023 1446.985011738643 88 74 65
-8.710106224401159 -38.734350189637055 1460.871539201872 132 132 132
-9.442572015908267 -42.90194276425215 1464.9854073143836 102 98 97
-2.9384544448677836 -30.673925747300466 1446.2821705640733 94 90 64
31.378095020639876 -9.6551955201485 1460.0055416437365 136 149 157
13.179768142360233 -20.42368785835956 1447.787272871517 160 148 122
34.87421901838862 -6.911586994169874 1457.2785192236684 154 168 170
57.728085723883 7.360257282252214 1454.6291342667125 120 113 114
37.45865483927993 -5.05715750426496 1456.6961643788634 157 166 168
-39.3210853386934 -74.66566868123995 1476.0854773635776 94 85 78
-19.02837162073086 -42.302234097892764 1447.533658393952 99 80 45
45.28955592648411 0.999160076877772 1449.5733498976979 189 187 179
-14.162423405124189 -39.43735784073045 1448.1696116976807 113 96 80
-13.76320218911824 -40.3190631056482 1449.8843339186399 60 57 34
52.36104556061607 4.329501548659954 1452.1503331794675 46 40 40
31.893500391524274 -9.331106746340819 1459.755466918898 139 152 155
-30.307890034900208 -53.95100547987148 1454.368661018008 191 190 186
-14.23546596653246 -57.41124509647609 1476.128031270391 145 143 144
-8.249093911067874 -34.87429730050886 1447.4388498662727 119 99 63
58.939612967671444 11.762005667751453 1447.9714475845142 194 194 186
-26.83950870799756 -59.65409736267303 1466.392136515242 195 195 194
18.54710907905146 -16.238865844220413 1448.174448401403 197 211 215
-32.602750918483146 -49.96379239375196 1444.6848668698904 94 91 87
35.08012150023911 -7.234330055938543 1461.7824704515156 56 68 77
-14.456920468667624 -57.42678609870094 1475.0564881520086 175 176 174
56.71526250046523 12.352215458225496 1444.0611843903068 203 193 181
55.000520245649696 6.150575607788239 1452.2085998476555 27 23 22
65.33231483454485 -2.9825725899322038 1476.2438823213693 77 72 69
-13.274409371999681 -37.068046527271264 1445.1301927033367 108 94 89
68.53303143195053 6.446683756568692 1465.5843306055824 83 79 78
45.70377643024994 0.49559536202435195 1450.7707361894038 84 83 52
17.289484196925297 -34.56404382000497 1473.2279808086892 172 156 146
16.138801386206563 -17.167786857802206 1445.7335159355403 118 114 82
-11.742658696461888 -39.52037052530877 1450.938531727613 84 75 60
-43.99894091168483 -78.0594855962783 1475.4514320150854 144 137 133
-13.14215811662366 -36.085706925802256 1443.7761459744656 93 76 69
18.963722804379174 -15.52386321428867 1460.9732215347708 51 24 20
-15.9485530362193 -43.78995933977222 1453.133870560305 139 138 142
6.441319490162877 -24.786483239002578 1447.184776275934 84 70 61
57.4067025568865 12.769337842328765 1444.1912995122577 52 56 54
78.61789144926178 22.384788553205738 1453.8267515107639 92 87 67
65.56006387139941 15.918887806553558 1448.479251265419 165 162 154
76.11527661086029 3.802026470328505 1479.4197606589457 220 220 224
-23.117052915783404 -43.4624207148172 1444.116172706734 191 191 183
20.326838326924882 -15.509549231609228 1451.3528875269485 222 234 239
40.67044172283681 -4.038095584316778 1465.5082748476914 149 162 166
-38.69980329969834 -55.18354086763705 1446.3522806057663 72 74 62
-0.6491708109036897 -30.032945047469102 1459.08088981805 125 125 125
52.97007157195813 4.77708838565566 1452.1202106538242 38 34 33
38.22061411278055 -5.928623296903392 1466.506652408139 151 161 163
34.50080910241874 -7.302963971716235 1458.1709029155627 81 91 98
-24.06716190154457 -45.165016627982915 1446.3032333317792 184 180 175
-42.267232028559484 -60.95257070417261 1452.3700163037213 143 142 138
-18.491396494504507 -53.7110444192284 1465.5951177610154 72 79 45
33.6123280397522 -7.957221354329753 1458.4249183184083 154 165 171
64.0455705599179 7.069526002907243 1460.129567439352 34 30 19
43.288131495125185 -1.9782266508861306 1464.4856321280895 147 157 161
56.375967696727 7.119797496698869 1452.3786031101552 113 115 110
-8.690489389376364 -41.774674194806195 1466.4836555934146 114 110 111
46.94768039355063 0.623857793443161 1452.0332955190408 171 168 162
66.9226452990895 13.72555697316228 1452.9377114291935 114 105 98
-3.5430014795314606 -30.130329953006637 1444.7186839862281 132 137 88
13.779297097754915 -31.672871026799644 1465.558386628645 225 219 213
-8.870556617982945 -38.70395006642115 1461.2920045924432 148 147 145
-41.27851115117658 -60.493255544076064 1458.630496317118 119 113 110
20.434404207795094 -13.791132818187217 1445.0858076752545 126 125 77
-10.76879064295402 -50.627067513135486 1468.5384771908168 205 188 151
-18.403606859924945 -43.31316904298402 1456.2272427702906 125 134 143
51.12545021186855 -9.605883994224545 1471.0016216176784 36 35 33
32.92898655298551 -8.44817252127951 1458.5591222353992 136 147 153
23.603158376774164 -17.472102704886705 1454.5406122983372 180 153 137
-5.636525237125418 -33.82483208869119 1457.6660219873897 149 151 150
39.78714805552614 -2.271580641858299 1461.5507311275148 172 183 185
70.29207399956526 4.484214928761878 1470.9826623644794 127 125 130
34.88574492755376 -7.388119779979504 1463.1451977363695 128 134 137
-27.551217404641662 -64.04380574166593 1471.6933330804725 145 145 147
34.88385543711175 -8.25229902483322 1468.7285990594592 228 217 214
33.71744911080497 -7.864515696126585 1458.2831420356415 151 165 168
51.00407694881209 8.00515337506328 1444.9173435708171 100 84 84
45.17658836043424 -1.8773600707929827 1453.7685721138312 63 59 39
35.33809398437076 -4.501904573167839 1447.1032654043872 172 154 118
55.1414445574717 5.758615981132579 1454.7633688145095 165 159 152
-22.03876101746322 -45.31667740808205 1449.2799041585006 72 70 31
-10.747085049201532 -43.696861276407866 1460.5926817281998 94 125 173
-3.1670613950322504 -31.364079527241977 1460.4621820972675 119 119 119
-10.529910064443309 -39.5478641850439 1462.2736573003288 172 173 174
66.74737094883281 13.661134263848055 1453.0609164915163 241 237 234
66.5231862191595 14.860523800650485 1450.8926825848523 88 86 88
5.080035184918008 -33.69144259208008 1460.5207909327812 3 2 1
35.52665943266909 -6.3124771711927625 1456.2581822156988 91 103 112
4.333996682389642 -46.700214305704854 1477.7505574163865 159 149 131
51.104636646261305 3.680361330062082 1451.7883731632435 106 104 99
79.49245924797046 20.780338982229807 1456.1367222339413 207 199 192
35.26261411089135 -6.89783063352599 1458.8295693088673 151 162 163
46.44064758534132 3.7706639783681717 1446.572125537291 80 85 55
30.536884494847804 -12.089148435295096 1461.6241558201361 43 41 45
37.33714309592019 -5.7021726806888084 1461.539952761442 113 126 132
51.42262320699407 -10.352682772675726 1472.9876367232926 95 96 91
40.49051141965406 -1.6015439796936335 1461.3243197203062 171 185 189
13.21488702671572 -33.07016294241363 1468.2394602843333 59 54 53
41.69891872739093 -1.167876640501891 1461.1479874551242 136 141 145
48.93428526911135 1.990312689651708 1452.2861717488693 117 114 115
14.815630281955666 -22.743886841843185 1454.119791652878 171 179 181
51.49323402723611 5.323033522135148 1455.018579729842 37 39 38
53.68383756511252 10.099729573071878 1444.1664716108826 56 52 48
81.73206531243527 17.511785264312742 1463.7197690270116 45 40 24
-39.494501529962804 -76.91471453482549 1478.5819180600984 29 27 25
79.14983930676016 22.007099907039944 1454.505412980901 154 139 117
12.15203062724512 -22.22356988841222 1449.603423217844 129 122 93
-6.843662514321401 -33.89721557267766 1460.257901950525 167 169 168
40.44747375805374 -4.57191834065968 1467.2686544204068 181 191 193
40.96816346836929 -1.1227831205265704 1450.2692719197087 187 199 208
7.53562797941109 -28.984354593040266 1456.0613350937579 112 105 99
64.93536288394066 7.560772062355868 1460.5450541315427 118 117 114
-39.29872444614563 -58.34657935680022 1451.3187444847517 73 58 47
-11.888834843994847 -35.18973292148249 1443.7196513424813 200 202 197
-20.22516782313821 -44.13582564872628 1449.2827435400086 130 120 81
56.148798157454145 9.84310285462238 1447.7850404135959 136 126 105
16.430362441166707 -19.387382100557385 1457.3612123966725 145 148 153
21.397653987924528 -14.476898949799788 1447.3287737339615 127 101 88
33.06817602878891 -8.39824433178367 1458.8557977750022 145 159 161
-7.159162324425016 -33.99344927035937 1460.6293428119534 135 135 137
-8.044771557409385 -48.67303066676227 1471.9980052833048 211 207 204
19.054085966878024 -105.18698762700726 1452.0747918555278 198 201 206
1.6855526000089276 -26.00046397060381 1443.788526058213 214 206 202
12.475617287023994 -21.73209728795967 1462.3560394595677 190 190 192
45.71055095759939 0.45247854655180536 1450.7615981137208 89 88 58
-40.86416819675232 -55.926996888293885 1445.1856714575595 85 79 63
57.816274013493974 10.007221070949173 1449.310379857966 67 69 31
-12.453413218073052 -45.77467391542483 1459.780223297541 177 162 124
2.0281428297712756 -26.150488721800485 1444.4217469349603 220 213 203
23.337946874725667 -20.933327077301186 1459.3706020724635 196 187 178
62.85675750028707 6.190415861669704 1460.4499404691296 103 100 91
-8.887826103999975 -54.0555473327026 1475.47660117965 76 72 65
33.5224378720326 -8.089838298318558 1458.8579930945411 153 164 170
-53.02984945116892 -73.18557560573997 1470.781443089518 47 43 39
49.25137688510835 -6.852780281080917 1468.7488544441057 127 126 121
-12.216558721601524 -46.23828316361399 1462.3849395234722 30 30 32
-8.586745762624467 -39.03374515777462 1459.5010431804037 142 142 136
66.09842679386485 15.433245528851097 1449.6003723593885 71 72 74
-16.679987247435605 -44.58608734439562 1453.78601076284 154 158 163
66.89735034069426 4.485220827713707 1467.1011227482593 38 37 34
-30.9393708518121 -48.649141471133944 1444.418014250806 131 131 131
80.55822974167448 15.681170268942012 1464.7324205214422 77 68 66
-9.209154817415106 -36.20658963632209 1448.542054038971 143 125 85
37.451893982795866 -5.609062967693349 1460.949846265779 110 119 126
16.739510115333413 -19.173721343914952 1457.9158289195382 81 84 91
50.77110233913434 4.404305378935017 1450.2710510778659 98 94 66
-28.468899457965165 -49.58204100248118 1455.1080348290127 182 189 197
8.702321129347276 -22.61022060897674 1446.2440937292133 119 102 75
-52.73714513948624 -55.57695562159437 1450.8170289608936 29 31 25
65.74224270222024 11.74520455368929 1455.039606533001 50 67 26
40.83248190995819 -0.867455058667356 1460.1798610963262 156 164 167
51.30094235064053 5.506478899881319 1449.053433700443 100 96 68
-2.2850162719260494 -30.597358710509745 1461.732097977242 213 211 207
5.879157617062439 -33.19802330368671 1459.5130904944656 160 145 113
34.589806151139335 -7.572633027249397 1461.7209655514482 134 147 153
56.39672281420758 5.938276954745065 1454.0923067126655 34 29 26
-28.403787603068753 -61.99933380709728 1467.8379122364188 27 25 23
57.51072650237037 9.761691155528066 1449.4531166864963 162 152 123
25.63685124998402 -15.74527412951202 1454.0409122979934 36 40 12
-39.781237975474156 -55.90264991211502 1446.2658476097076 110 106 102
-8.940427429372779 -47.57320776407425 1466.8076999708846 51 37 28
57.84685789387806 8.124751607386967 1452.1608249627081 43 39 36
7.7269998817334695 -27.739228568455783 1454.376697943727 42 58 29
66.46522465848705 -2.2220895102336327 1476.070704473711 147 143 142
39.353438733785154 -2.860795626923844 1461.5670554033588 180 190 192
41.85345862290978 -1.977480442154235 1456.2180251871723 62 70 80
-11.948096653345237 -55.919780174244764 1475.2672510738864 73 65 56
15.723089818283201 -32.32468790436023 1468.6734590019928 179 174 165
11.683745566121349 -23.796267158898562 1451.6158996136774 138 126 113
50.77535131395051 3.7774669561191128 1452.7469686035138 128 132 141
38.99542192280907 -4.303841961860489 1459.031253923799 196 213 220
-27.209729602002618 -64.26449897789186 1472.4740463621283 69 66 67
57.00375667092226 7.019096140289333 1454.7007636406865 163 153 144
1.4588461806364743 -25.98658999523676 1445.4566805391412 209 208 205
-35.81011877415952 -58.6413696975214 1455.6689289793414 49 49 48
-17.925003969212856 -43.53067751513107 1458.5594707271116 57 63 74
40.459651457747086 -1.5727617612091023 1461.3094312030062 164 179 180
-27.095139561491045 -48.143058494221684 1448.1486481420197 85 88 36
-3.3618088065529137 -32.331665568976334 1448.473445101868 92 87 77
32.243361316238826 -8.809652833873892 1457.8468748713422 144 158 160
76.86009852836548 20.37691379522214 1453.7073085817224 83 85 84
47.49679379209186 1.9044518924170728 1450.6115708885313 91 88 52
-23.65402757389564 -56.77090082842496 1465.5828711186718 40 36 35
19.198295289920615 -15.346098239949233 1448.13720476541 146 151 149
-26.782875381300492 -48.74528544402012 1449.4129187417075 82 64 34
-25.041796846981285 -44.76212229736173 1444.15771320536 179 176 169
54.704503674408784 5.885365797465645 1452.2544645922412 30 27 28
13.404907320141964 -19.80450589630652 1446.9979164419426 172 158 132
-47.475191377220476 -60.40940936012098 1445.3072347909397 93 85 77
-17.258091147639448 -56.7713981673703 1471.4940117233705 171 152 119
-24.761178659773808 -46.82346535938958 1448.5755375169315 63 60 44
32.50565035622055 -8.381904333057346 1456.370533154499 53 61 67
56.39703529105769 -11.283750986694669 1477.9656437711226 40 38 40
87.53669565963615 14.921881669894095 1474.287513718251 129 130 129
36.73055712786501 -12.528631604540228 1462.8586419260362 15 15 16
40.53177909029252 -4.314572062396536 1467.2941027429451 87 109 125
54.88840020254848 4.9560784064781975 1454.3939556937564 171 163 153
53.142697228589164 -7.770287921571183 1470.5959184772407 42 39 35
15.604425094417042 -32.82323682841771 1469.1487384275615 89 84 81
10.841254350319623 -23.618213559869915 1455.9993828208594 111 115 118
64.82950846331391 12.461020815323955 1453.1063288621708 72 74 53
-7.504653112944138 -34.98821121481227 1457.9349969951381 157 158 160
62.93332191738328 6.842499542467354 1459.4061718420758 29 24 21
-15.921646107625563 -44.86098992705343 1454.5342947114084 23 28 31
-3.160592781751901 -34.849242188934305 1453.2248198708721 38 29 25
16.32556883440977 -19.85681404237092 1450.3755558179773 75 67 51
38.18444114913995 -5.195069215344435 1463.4227146785388 159 170 174
-41.31895634610122 -59.737713837720534 1451.6215314200533 96 73 60
8.140278998781357 -21.903638154645634 1444.5356970081216 105 79 59
-9.63111219237248 -48.03556884305615 1465.850553235307 212 209 205
-6.061053402140937 -46.08117039301312 1470.4542651520135 63 53 47
-25.52156137798529 -44.85611002290837 1444.0617758987094 210 207 200
56.611831755228906 7.188702711279304 1452.3603479814553 116 112 106
29.33773872504801 -10.607169360323159 1458.0257683470054 100 108 115
49.494108913166265 6.053196977409015 1446.1852056327746 135 129 107
24.914034754208963 -27.466242547045283 1470.3668950595313 156 153 133
67.8375231784689 12.805419360853056 1455.118217193246 209 205 202
-22.181012009282238 -60.72849227787942 1476.5722943210806 30 45 40
89.11940443783286 15.463624763276265 1475.72056365024 33 1 4
38.054762261373654 -5.19185825699906 1463.035699650859 56 67 75
9.98453146736531 -22.924160628061394 1448.1872255539547 171 160 129
-21.751121080441422 -59.664038533536925 1471.9000196704294 68 71 42
-3.7501900293186776 -31.64065477168975 1460.8402364716417 68 68 68
-24.074774471667794 -57.12403677213272 1465.3971240641347 26 34 53
49.45528081825734 3.3904013416411956 1456.0556472630706 162 161 157
36.06781804049085 -6.559399523164195 1460.3900264856543 103 111 121
35.91702510558153 -7.144878040922784 1465.1387560072774 147 157 163
14.083118117296666 -18.045796254994052 1444.7973653794043 77 81 47
3.8421822929978635 -31.21039228189394 1454.5588606971096 231 199 159
3.886480858170062 -31.256133326583996 1454.7391828072134 220 190 152
40.225659356850514 -3.4126939582199753 1463.5787757232954 169 179 180
-5.4342999257586015 -32.62953993124857 1446.754583903656 190 178 139
57.15261080300091 7.113617039524659 1454.895572671245 30 31 33
51.07499750701119 3.2999156637952476 1452.3281707552362 17 17 15
-21.960845189171554 -44.878852062992024 1448.5932292333985 132 127 84
-0.8039383222295042 -30.570609760073392 1457.6081444406484 142 143 145
3.7935140696327814 -24.454187286510535 1443.7555266514753 94 79 72
38.082494280922695 -3.7265208146734703 1448.9325825526635 193 175 139
81.07271187222443 14.741837147497968 1469.398785056374 223 219 208
45.33240968973071 1.0182452001897908 1449.6020743642107 238 241 235
30.635883937592666 -9.94892803268377 1458.1572643312343 150 159 161
62.11654772166997 6.3872610123555855 1459.4430536503673 135 134 124
28.115247584647555 -11.848270755014275 1459.9440599366023 31 41 45
33.52506459139412 -8.058746520719243 1458.7057724719039 152 163 167
-2.45259486941524 -34.98018172060037 1454.7470403250547 192 194 197
35.38900944527138 -6.481146136837286 1456.695910462806 144 149 153
38.5331594460153 -4.009496901290772 1449.8754884765115 95 75 50
40.842334172223865 -3.8719939989908005 1465.3538421710198 145 158 164
49.99386080990979 3.5876980689414877 1459.445149315275 221 218 216
-1.5513914645196718 -28.631551053137937 1444.4383672491806 221 207 186
29.42842263125879 -10.93861108727188 1459.3254555251617 138 148 154
-7.640498202791037 -49.50494156491198 1472.8676649752858 139 144 144
-28.105247561953608 -46.99904301717251 1444.2569043160966 60 46 39
15.943759361589036 -16.890421305753318 1445.0841500011882 147 134 121
-16.083453317175152 -58.72054653893719 1475.5672342712055 59 51 49
-4.375359091504295 -30.1845730792565 1443.8086629620798 122 118 98
38.618524470148984 -4.027391650331602 1461.809187364433 170 181 183
67.92817208071118 4.223381091561565 1472.9817835962012 45 47 46
57.87164695248183 13.157908529532925 1444.0848996387608 136 135 131
51.40774996993632 -9.151391855532763 1470.5779968244344 134 134 134
-11.286983816541886 -57.542522413362335 1478.5227640057703 84 76 72
-51.545312288699975 -56.2661320129754 1453.1362966292193 138 143 139
-5.021281656267156 -33.85162611154151 1449.0691817466393 70 54 38
-34.28939110316282 -52.357666269808696 1446.8956916519214 95 86 77
-30.39127299889897 -53.878408469729365 1454.3906018719667 197 193 188
-34.27380102279117 -51.07952422350885 1444.6153866449736 180 175 167
-23.042362278014195 -46.148552690851794 1455.6997170597688 69 80 87
-40.43558617966071 -61.71477040264303 1461.0146552489275 212 212 210
16.069765852179547 -19.6644009786783 1456.408432283677 80 87 94
23.8338033719324 -20.323926868251924 1459.986602653524 202 184 173
-9.733096458449996 -43.01033963188937 1464.0188047691436 77 74 70
64.1934343869318 8.372264502125764 1458.4269413914612 100 91 63
-48.91768236870276 -78.9338261691404 1471.821558061773 106 104 105
55.227815422077455 5.966470976439428 1454.7449677186387 46 41 37
15.131394516897863 -33.64845369626308 1469.8697343488886 69 71 67
-6.3145270198902 -34.28454787060308 1457.6660145294645 130 130 130
38.52570646742908 -4.878151998353486 1462.8408745907616 104 112 119
20.67346166839128 -33.37901738444286 1474.8770328855987 46 49 27
-26.884625319998598 -45.7580530630347 1444.00068900568 191 186 180
18.899092998222358 -16.427922735138353 1447.5651870181014 90 89 85
-21.550743706371033 -45.907303166332824 1458.3785381521832 112 125 132
73.1813680002036 23.128124609579892 1446.4529785733198 149 150 149
-25.221400473322916 -48.829169673454075 1460.0786741624022 49 52 61
38.80023611210227 -3.806076765962162 1461.8022278068286 176 187 189
-19.8288075854751 -41.56904110388765 1445.133474097608 103 98 94
-2.6045597667501057 -31.225443394086348 1459.5991673918477 143 143 144
-0.6659154805990203 -27.9278859012328 1443.8830767763684 231 222 213
4.398417233237058 -30.265912877013587 1453.8921621355103 206 181 143
52.842692562265306 -12.144700128530037 1477.5971742464492 109 105 104
50.99138408274046 3.4409273411894836 1452.0088102636214 174 171 166
55.038314254845204 6.008138754277391 1452.1978666265745 27 24 23
-12.240519706169971 -57.20793268537986 1477.5032423936252 169 161 158
49.79658023288676 4.02082489118984 1458.34182703343 203 205 202
58.125305974117204 -10.643970698964464 1479.6310620721138 131 125 125
64.67738323933081 9.925972184645007 1456.6385256992544 114 96 67
4.651111767932949 -30.759966251927278 1454.7896955569863 123 102 82
-25.897583386316168 -47.571437734631985 1448.7531893370385 161 141 114
87.18666368189962 16.843620154188688 1471.2973658093326 187 171 137
4.6510876060677 -28.828413909081092 1451.8306134864777 67 58 45
-30.985131598020246 -62.67617882881279 1469.1565217656794 157 157 156
-8.317676751958713 -41.06377420266043 1464.8766850492655 196 196 194
35.66804444739177 -6.372119590228929 1457.2686301646575 158 172 173
-21.777671662930935 -62.95414780380289 1480.412702161678 106 85 86
-28.2105260395267 -49.387570520479166 1448.6556860213518 189 189 181
36.0186232782286 -6.600851638258569 1461.1256007178051 125 138 141
-20.753198808496684 -44.955465611676416 1450.0302891381712 181 173 131
-23.328355254417453 -45.8183673520652 1448.567612425662 109 101 52
-6.594704434258673 -33.60168503296125 1460.756129758631 180 184 187
-16.115111024968247 -44.17247047404678 1453.831573153171 183 187 188
-38.038030961797496 -77.0057717222264 1480.2824702364949 128 117 118
41.3008394887239 -0.8474279585227233 1460.367286346208 146 155 158
-23.183755082459815 -48.60845459891403 1454.2372124494998 19 20 22
32.08343535819521 -12.120672982327413 1462.0607467619184 233 236 238
-25.68295662964319 -46.231831481384226 1446.2690162292506 98 92 55
56.75307468527915 10.908253237242754 1446.7930133587752 145 135 108
59.20956035943179 12.043108453660302 1447.7867638250868 38 35 31
23.087203599734128 -27.895239234527104 1469.1385034681693 42 46 32
38.68237625849213 -4.89852804483347 1463.6053643146804 70 81 89
70.54535441154144 3.5876071574236694 1472.4246256797537 242 214 220
52.102370185594346 6.474865363737349 1448.4674031853424 81 83 42
-17.117016568482086 -40.5638213467403 1446.6909592048346 95 78 59
-21.498637109150327 -44.829187368219536 1448.974676518278 192 178 136
-11.986057033941558 -36.266790583332025 1445.2689553347357 213 209 198
34.73642343750396 -7.427590807287927 1459.9823853610933 162 173 175
79.5457953833312 14.693020286310176 1467.3468885786451 37 37 45
22.238260928930988 -17.88632103190801 1453.7077344777335 83 70 62
39.85174207093493 -5.532726086397624 1453.7623686771472 160 159 155
53.50374758297099 -11.350300963805191 1476.1297605369396 111 110 111
50.124146707019975 -8.822322673612913 1471.2846335409895 140 141 134
-7.513726379905102 -36.60813878065739 1455.8423108630614 210 217 220
-5.0789574711400025 -32.136431957060864 1446.2966946736599 106 97 70
65.9797983760993 8.082312295053887 1461.2870339068622 197 196 192
35.8143962032287 -4.773110376321666 1448.0826285885576 94 80 41
2.4489129939168333 -28.286746907017207 1448.5105203593678 78 66 48
37.72684508877704 -2.8037097228852566 1447.0693553975764 104 80 53
-39.9971671465372 -61.87933978288591 1461.7422142401492 122 122 122
-23.060016601560335 -48.03791724407782 1452.623339294482 172 171 167
38.798226026542125 -4.763515820881758 1462.8151768625355 163 173 176
-26.611782029254307 -47.31510655343762 1447.1629324879111 104 93 49
-48.898510718409604 -79.69077615651942 1472.808231032518 74 73 75
67.00731280526307 -1.8736207448252258 1476.1100465126026 56 52 53
9.807267200031909 -22.837940147712587 1447.85706673691 65 59 33
4.445314824820168 -28.768153840002146 1451.5284446980247 92 80 68
-35.798077454007895 -52.15775594602891 1444.7271995684903 170 172 169
-13.964198961880696 -39.244750137266756 1447.965252505879 137 121 90
37.61800700520298 -5.482432911729054 1461.879139408296 74 78 87
34.56520507865357 -7.389393079683682 1458.9860235236113 154 165 167
35.888030319206564 -6.114692367630986 1456.5503466740938 159 170 172
64.77616841666006 11.683711258537016 1454.2228061871756 47 50 29
17.20949650043711 -18.828965825420397 1449.6379220472563 93 79 51
48.941565277955796 0.6537136940148155 1455.6757516253497 91 86 82
-39.89962009431396 -57.955061006120886 1449.8388937971902 68 70 54
8.50958527800721 -22.73505939338624 1446.1933105380292 214 213 206
-16.851235282257772 -40.56323776609414 1447.0078265035286 127 111 76
37.139767495597916 -5.80838761694761 1460.0899033692242 137 149 153
-16.959509486364283 -44.69136433373595 1453.5971766952237 44 34 31
-11.663743243850934 -57.785011461015515 1478.6895715689548 103 90 87
54.168223000314754 2.9380341645771613 1463.4394031939883 239 245 251
22.232358657238034 -17.919977249256753 1453.6876159007043 82 70 61
-39.51033451758011 -58.01182376915873 1450.3716772154316 151 124 112
54.09493478032494 9.272622702386434 1446.2486896426851 98 96 75
-50.39101302408428 -55.294245644519826 1452.823136954493 161 163 160
18.30839762525408 -16.47647153625156 1447.1283232855008 220 219 214
0.13511222657636585 -29.91658851296827 1448.6904705990985 142 132 86
2.704254066663769 -28.65347798937429 1449.3739726034798 110 107 79
54.997824200901 -7.893463510289344 1473.611356757799 73 75 56
-38.652394844977884 -74.49782443128213 1476.3316228323251 196 195 192
18.69114365746937 -16.40843307384285 1447.4405213254531 167 167 165
50.08631414512529 -8.72710493451798 1472.4108880783729 29 25 23
50.98437394701306 8.19131354482351 1444.136344403606 58 60 59
64.86801389609676 12.874861048483817 1452.5397347542635 51 54 37
-49.38339570036235 -61.64302291628499 1448.943079854629 16 26 18
13.965389118995596 -19.208730144629264 1446.5613757513165 65 71 42
-11.502963490106065 -56.72146133497362 1477.1058017417365 65 57 55
-16.88715151987132 -44.59830859776823 1453.5158396271943 103 85 74
-1.2630714177309277 -33.48735008660386 1452.8464233924383 40 44 27
58.26066292232896 -9.155667999667104 1477.6557043418316 160 156 153
62.53474636303241 9.752907215791984 1454.7445478240882 129 113 85
-26.768189187471826 -47.98542234466773 1448.215871700667 145 130 100
-11.271297965889817 -35.69156934632906 1445.096913330886 114 111 103
52.93483405392003 -8.330158472762157 1470.906394752948 116 115 112
-15.807835239783492 -58.624604812356466 1475.7789218053117 49 40 39
-35.41889553113095 -52.88864557697611 1446.2782950841404 133 133 131
-3.3750474413522698 -34.543538064706595 1455.2825988299287 188 196 199
1.8808806512914036 -28.61188705977239 1448.3568277474828 152 150 139
-19.291347435461287 -43.35844189909869 1449.0709299137404 132 118 78
-10.815376866268313 -44.79841379158053 1463.105930362569 21 11 8
77.0165660483318 24.235888472596613 1448.582670612849 199 199 191
-32.5544901733541 -49.778807516265424 1444.4869524265953 86 86 84
3.2857207668817634 -31.423100016663884 1454.3223093449872 125 119 61
-39.58588858642409 -55.807112163161115 1446.354746047982 80 76 71
49.47421712122296 3.69155784318328 1458.6662817221859 116 113 112
81.50249599660573 17.62039778246326 1463.326488039483 51 46 40
-1.478658928623102 -33.447063425587025 1454.8516969233851 23 37 19
4.677223300460749 -33.06629473381572 1457.99907843799 69 55 26
-31.800465416316428 -49.35945499911628 1444.5859896625677 159 159 157
56.6363491174697 4.210402691525901 1462.7555865097363 156 160 164
11.365785582310762 -22.86228134803269 1456.805201265141 179 202 215
35.760743158165255 -6.703203096417438 1459.6935208202383 141 151 154
32.00536238195628 -6.338064197545538 1446.229285682522 167 147 120
-11.108433354025854 -56.7231724852032 1477.9491731753033 57 52 50
26.37847192767193 -26.901565592207806 1471.1181484569138 184 179 166
-39.579907235462805 -57.503826401182245 1449.3860397112398 105 99 84
-19.661009480165276 -43.47140197070373 1448.7553272056896 97 96 43
-10.070479270832145 -40.02676719310939 1459.6704146601908 160 160 160
19.538527940625688 -15.890033748259256 1449.991863517094 241 249 252
-5.270416337323373 -31.296838356757817 1444.7251483345565 89 77 44
91.91784539093065 14.190581105492292 1480.666953799657 27 26 21
18.87444514741903 -13.682394156374492 1446.876652016816 185 181 172
64.43398052123106 -3.813356111772286 1476.1448795255435 126 119 105
-16.91078517717707 -47.246829079100394 1463.7265874993059 16 20 26
61.55317402235772 15.429417668274835 1445.1559311987269 145 144 139
68.8394470790477 4.442248474739497 1468.9726986910496 142 135 130
83.2095673885265 16.39688406563726 1466.5914539436712 71 77 31
-7.030563408662356 -49.527342379559514 1473.7933056625602 197 195 191
2.8054256759154654 -28.02562979538229 1448.438027235462 162 158 150
-46.47486155724055 -85.72994270382856 1484.0986745014768 171 152 142
-25.435815002334575 -61.18516295449599 1472.3247105361888 154 162 166
-11.408843828977252 -58.17477777073248 1479.2139636437494 159 155 152
-2.091122433610522 -29.055420394993575 1444.5630404210847 121 107 77
-39.78734679103851 -56.97484020981033 1448.1775010365093 183 184 179
-19.966772649750883 -45.18446248772157 1459.6189210432444 123 132 141
-15.993424181325514 -39.61321160700065 1446.2414134354017 115 104 86
-38.05252067945513 -65.94201153073239 1470.5067455669396 75 71 72
14.728012792245218 -32.52385797589814 1467.833022138565 68 71 86
9.966483892284483 -24.15204677442767 1458.093710781417 129 132 137
-40.978087724412234 -56.7219528601199 1446.2906489086404 160 163 159
11.80990904081232 -22.53267814128905 1449.7724009346541 198 182 164
14.567357671354246 -20.434885731687103 1461.1022448026838 24 25 28
37.536569671001914 -5.336908063464114 1458.4260744041062 73 82 90
42.93273365615489 -2.317503700365079 1464.8964075279675 160 171 176
36.602421964649494 -5.878591830486821 1458.0941145653908 159 172 173
64.67738323933081 9.925972184645007 1456.6385256992544 114 96 67
-24.288251636765366 -48.51991827528551 1451.0286626818424 90 80 60
-26.526656478063707 -45.63022176962994 1444.0631917161681 197 195 190
-32.04787548989352 -49.97297793490161 1445.1934523401712 105 101 100
71.0220734246237 7.920248342360496 1465.6761984873426 102 81 67
1.281107363868348 -28.438415725191934 1447.368435280534 63 60 41
-40.41452313218523 -59.884922545076606 1458.6748787790682 188 188 187
-45.655350317934676 -64.04182168387919 1461.4097999981707 62 60 61
21.996985675701435 -15.698482319612575 1450.000773853536 192 188 177
33.37771554566632 -7.862073151078211 1456.8649361860926 154 165 168
26.51818917382573 -12.756737540976944 1458.615631238318 144 156 156
-29.149934039349688 -65.40225616682274 1472.216579247761 55 49 46
-9.56292131201779 -57.01604992127493 1479.320325439241 61 56 47
-25.523830518529635 -48.27170174923552 1457.3120868757064 130 138 148
56.94542927845506 7.3621015404667824 1452.3687138851133 119 119 115
46.69472792975574 -0.5672448145877175 1455.9982419210803 177 176 172
44.90974067816072 -2.3442194528198104 1454.0814811977589 196 192 184
-7.078414392003958 -51.283424328017745 1473.374263987847 49 35 30
-41.148969566853594 -58.805698710483455 1449.6406544245478 54 42 38
31.571402482907526 -9.319301999896263 1458.1595481859986 143 155 157
-40.43836626118771 -59.31003864468194 1451.5905112481698 83 70 64
-31.59804118679877 -49.224984783524 1444.5783094040455 67 66 65
51.52740191603481 8.796791453579047 1443.9504988135045 221 215 205
48.10829138587184 3.145442873836858 1449.328630545142 178 157 123
51.04385964927168 4.030731353064171 1451.161650601676 66 68 57
64.54284139741192 16.678021652339208 1446.3935421400054 73 72 70
-21.122038223982457 -43.92751902012179 1447.8973551376225 102 90 66
-14.529792659756591 -43.557598836662656 1454.4235289633343 218 225 231
-22.299940889521643 -48.61166300075622 1454.4437763126855 14 14 16
34.56520507865357 -7.389393079683682 1458.9860235236113 154 165 167
13.512424197197308 -20.05839141127539 1447.5534433986943 65 53 23
-3.0611113882931944 -32.39964052997892 1456.076934941258 152 151 149
12.355589154544775 -22.30082788272417 1450.0500729072933 138 127 97
12.050886573230928 -21.165245099340993 1447.7103258321424 184 169 138
-7.271483622555083 -32.36947831795393 1443.9364610943376 235 227 216
71.51251238791451 3.2712678382210263 1475.1716475076007 13 13 13
37.299521036029304 -5.883749909681901 1463.8363285638004 149 160 162
-43.481804168672916 -64.53143908798862 1464.0624081320034 155 160 169
13.217353128456484 -21.538376652772484 1449.759587019677 180 170 134
59.891662637393324 -8.250542276457416 1477.8701922805033 19 20 22
-17.725033367505205 -41.26634973760609 1447.2044924374463 112 97 68
19.768123015432323 -15.368305260527677 1450.5171518923573 45 54 64
62.909793248398145 4.991734610302596 1462.4852342802437 119 121 120
52.59245215445278 6.220037716383145 1449.6896874034694 158 145 111
11.816391063946924 -22.321217291568743 1462.520155710621 209 209 209
36.73355646895279 -6.0842488160907 1462.9941560385612 125 136 142
-8.541002586373699 -55.96064764211523 1478.7061949980812 182 166 158
54.654309066203595 2.858286966433124 1463.7488691963847 120 121 131
48.491743427390105 2.66636558254724 1450.5365307037537 98 88 52
48.67996785923204 4.090936582361374 1448.2950766656024 183 167 123
32.81586533338803 -8.30594488325788 1457.1558055829837 153 167 169
49.750871823838914 3.3740146092115237 1451.1470426878752 128 115 81
-34.332047425475096 -50.87694540363795 1444.0342976043432 167 167 159
43.24749123083263 -0.18188331765094148 1448.9944545843534 109 98 82
12.979908940103089 -18.916302653931616 1444.988329744242 82 85 78
48.17669940485155 -0.16492650140276643 1455.5948448489228 53 52 50
69.42604462100012 6.273296650893048 1469.343664582579 35 34 35
1.9354123765932236 -25.998374980048546 1443.946957864685 112 99 83
-2.9532902998424557 -34.78556560219074 1453.1950483234737 78 56 40
49.173880966015425 -7.030651004680965 1468.9995950856255 32 31 26
2.091132345217588 -29.027419689991813 1449.2260191437276 169 161 140
42.770128458827145 0.32937399265355977 1447.6942461921046 203 199 188
-1.3800655534239512 -29.83507568992222 1461.539980639289 81 71 66
39.44605348158157 -4.8585207733542495 1465.5178994426142 160 171 174
-20.265904788559887 -41.541070926417376 1444.1973193957847 57 53 48
-5.506171347860787 -31.344659915825012 1444.4553887747627 178 177 172
36.701198518237234 -6.540066024499313 1464.979417157354 155 169 169
16.291025796996635 -20.67358316423025 1451.7130061305072 185 185 183
-36.893772453964374 -77.6639229475571 1482.2788872151862 137 127 126
33.50989351252919 -7.930920793152018 1457.8520799828711 144 155 159
-2.0949258970726508 -33.35588524264177 1455.3768690192703 207 220 223
10.94239020590439 -22.855248480698613 1460.522688747871 63 68 71
11.683745566121349 -23.796267158898562 1451.6158996136774 138 126 113
1.4893830059949442 -28.3844652444578 1447.6158146901364 111 94 83
7.854992683869006 -26.695356013977648 1455.8067878885397 171 180 179
11.651188054106361 -23.177650001566775 1450.7049792347937 90 93 53
-50.07222769122434 -56.961395356206815 1453.6558930240915 51 56 49
-12.793374837795227 -49.66996341096215 1465.1476070108113 96 93 44
-1.6723542302303243 -50.07685778999114 1478.8845073783982 40 39 37
-28.468899457965165 -49.58204100248118 1455.1080348290127 182 189 197
36.55629375857775 -6.720365334976015 1465.2689694992314 144 156 160
-9.142397367898678 -33.427487582998324 1443.790281936939 84 77 71
-24.655263769949876 -47.04064184931499 1455.1762057604724 69 76 84
60.75929547464702 0.20429885726063438 1468.5035597521887 125 120 117
66.84690691858918 13.763004600849833 1452.714253367078 92 88 85
53.39324683548354 6.6563499301134605 1455.0701238666502 197 200 201
-8.898582492606335 -39.268831926227726 1459.3655817647425 130 130 130
-27.493246834344426 -47.719877614518204 1446.8714639553814 177 164 129
54.99562425975537 7.65700419105172 1449.680050591706 122 107 75
37.729416058351546 -4.909004381404145 1456.9570095803329 129 139 148
9.44882100651304 -21.05698242474726 1444.4866735978221 49 56 36
38.54884484194725 -4.511846597576565 1458.2081474458462 102 113 117
16.069765852179547 -19.6644009786783 1456.408432283677 80 87 94
12.270811050482985 -21.91313172183626 1462.379633528447 173 175 174
-7.996826959289975 -35.81549401204241 1449.3474547162753 116 105 62
24.919186070318794 -27.548159639323035 1470.5575752770467 54 60 36
25.045573515558345 -10.070986094957107 1443.9767020768288 160 159 155
-1.3221318800996273 -29.73787397204096 1446.6366244014944 90 82 63
15.585428401006048 -19.62175318488801 1448.94156986083 217 216 211
-41.32569012485664 -61.431482910683336 1459.9913946152365 96 94 95
1.8342227440827692 -28.240231108230486 1447.7008418405376 78 72 55
42.47599373181098 0.8758956361932252 1446.5333931634873 64 63 38
53.52613132043146 -12.85151847933306 1478.457747421417 108 107 105
-32.51779246249275 -50.254279253654865 1445.1598384047722 181 181 171
-16.374692920607067 -44.13719463709365 1453.2950996211641 125 110 98
37.924927788007864 -3.884409888206711 1460.5274727213741 249 255 255
-9.344711459994047 -41.43801893773337 1464.6905667914145 128 128 126
67.93647659081354 0.4554516442219142 1475.6013594533063 67 62 59
42.29661190367678 -2.83460102939954 1465.1921469633496 134 146 154
37.358342316793674 -5.21866728307494 1457.2375097675724 139 145 149
-36.316363687915576 -72.76974493770737 1476.270831374511 21 20 20
64.69685923191459 15.748893820772086 1446.7434071412372 203 197 185
67.17746806774937 -1.434951015878889 1475.7308092460935 108 96 95
58.327067953513065 13.487690491852577 1444.4748222704268 204 204 202
-26.397281229040217 -46.965473592401 1446.7467612393948 156 143 116
-3.513134083878436 -32.05230339068083 1459.002626929099 161 161 163
47.62871345346026 0.9087323377212414 1452.2711997347535 32 30 33
-23.4496323208482 -62.18727756879761 1476.5194839935552 142 155 150
55.54347561647459 6.2274755583403145 1454.793694889755 165 160 157
14.110653189420308 -20.63920529887914 1462.348414150205 174 178 179
-26.793626489693274 -64.42951443642207 1473.1575938654823 119 119 119
-20.8943447819713 -47.873657483841235 1462.1934731709478 40 47 57
41.417128242519595 -3.877352561296188 1467.0218990735307 45 50 55
62.88475146066077 7.12767845359349 1458.9125939301416 36 33 28
45.01865213819104 -2.146831696722327 1454.218239593236 158 149 139
65.13010107674683 12.775499420252943 1452.9514956036983 206 201 190
53.66904988935395 10.195180869904211 1444.219346943113 56 52 48
2.582895808577062 -25.780087884846733 1444.4468631502498 205 200 188
-22.36551307332922 -45.49541138840689 1449.145944650618 175 160 127
-28.107623973531542 -63.192101000975036 1469.816331309989 164 164 163
23.707485622476373 -29.803632541943017 1472.559405010396 129 129 114
6.406063792510275 -25.295291696915456 1448.0159910877542 133 120 111
-9.405264941290914 -41.73768549705079 1464.7158581626672 84 80 79
31.851152317719084 -6.550922448333501 1446.2888359853819 103 88 57
-1.4565674954755967 -28.347488202566247 1443.921769696531 139 119 96
-34.9718348288498 -51.57866651355552 1444.6145040402125 191 188 183
35.51333528441674 -6.731113934033917 1458.819705384575 138 148 156
-13.458203221647285 -37.8267655000836 1446.154774613482 96 81 68
48.014293914349565 2.2598480149839495 1450.6673523998295 90 79 47
34.643420639029266 -7.229815179946018 1458.2575814174747 151 163 167
-16.218617665180606 -38.36481461591505 1443.8349143118705 77 73 74
-8.27486427644488 -33.28175647687343 1444.48068372555 198 181 164
58.45011383252183 8.303271680742181 1454.7127149757005 137 128 120
-30.599429619828765 -49.66383531934563 1446.3331661012132 89 89 87
28.77897508128625 -11.418901841470372 1459.542006035069 60 69 76
33.30192567566898 -9.290213345172372 1454.3962449758662 37 33 21
52.30952788839771 4.350043549227395 1452.380695102171 173 170 163
35.010825202092 -6.6722681134940185 1456.385557265264 161 174 175
70.05441021743387 3.486132638021482 1472.2203556964735 34 35 35
53.04987142800756 10.150616706435782 1443.7683863098616 104 101 102
-7.974370471858057 -50.24875130260821 1470.7549668166498 168 163 159
49.66996981787334 4.114617789521327 1455.1575114623795 129 132 137
-2.4553296762258774 -30.750645802534283 1461.7536081918404 223 219 218
-29.92045768077639 -53.803959696015426 1455.1916709855666 119 120 120
-7.7064807406551665 -34.463675963510916 1460.2742158747656 166 166 166
35.609832828920894 -6.830536212579823 1459.6775997359791 134 140 146
9.27859872474659 -23.716421524545833 1448.6090798149082 123 115 83
-13.093367549172159 -56.510502764619815 1475.0270430969226 177 179 175
-28.467070686913402 -47.185895196066085 1444.4434468218658 34 25 23
40.63697370803782 -3.0101137300984924 1463.7598268199442 173 184 186
46.60098662960454 0.2612681131209179 1452.265644138645 57 56 54
11.49337247052961 -22.829158946463693 1449.8046132303546 81 78 48
34.55111055399782 -7.545058046919204 1462.5761714225068 131 145 148
24.914034754208963 -27.466242547045283 1470.3668950595313 156 153 133
-15.078320933375293 -43.94505365956129 1454.4792217551808 58 57 56
-18.953382120135362 -41.790864679541706 1446.6159571520368 85 87 48
68.94076291350329 4.933494028629267 1467.8585091191774 179 175 172
37.83084284843128 -4.77960987921241 1456.5330720856866 154 164 166
82.70633153496749 15.914655954363608 1465.5363642351308 211 208 201
46.50080693075212 1.0393024553898065 1450.820882040993 231 230 223
-8.217452577748698 -35.581786669386055 1457.5795637609876 164 164 165
36.307022328605264 -6.98666742813867 1465.5618445434316 155 164 169
-47.760194193960466 -61.41400508322881 1446.4336491216689 74 67 56
4.31595827850819 -33.25137251694305 1460.9682032519972 52 53 48
-6.851298937965813 -36.80480615578829 1455.2035698955203 42 48 34
52.714880127849845 4.639510860754394 1452.2168339577534 59 55 54
34.50021521759055 -7.302519120734967 1458.1715868857773 81 91 98
26.486319707308667 -26.971580315033822 1471.1773835460012 173 165 164
-9.396520925942376 -36.624141366854985 1448.9762940184394 198 183 154
41.626173030540144 -0.8071123695192933 1460.431408043729 136 144 147
-35.94966967008935 -53.35473317204735 1446.4109334416312 98 93 89
18.704677370062036 -15.56669687463559 1460.5463617265314 182 136 117
63.79246611301303 16.80160885319055 1445.4140267099901 208 203 199
51.81113473738502 2.751864435523885 1453.7381695987249 32 32 30
53.3480337476274 6.08480718438478 1450.3215280381066 159 143 107
34.6767296988156 -7.5135348088344 1461.4401299009653 121 130 135
-10.415217497835553 -40.296556803851615 1459.3979511887533 146 146 147
67.33289683557673 9.455537205366374 1460.0419880633642 42 53 29
-40.40503906942888 -58.50177130998139 1456.2706864009515 229 233 234
82.9496318221382 11.506496560085402 1473.4461819908915 86 86 88
-8.797350129334582 -54.783431199728575 1477.1633750320566 159 148 146
35.67597927644251 -6.654107092269112 1458.958126832032 140 149 153
0.341936478647513 -29.65233707426528 1458.0899372349313 148 149 151
-39.06408112112148 -79.20443345446944 1482.3567036774089 120 108 110
-17.912689477407202 -44.99868387339179 1453.0208685550904 138 137 133
37.31917084383524 -5.70556162230385 1460.0887389116465 146 160 161
53.10477145490469 7.384824091991022 1448.1592658753189 153 134 104
21.465487837791727 -12.946641096710186 1445.2976598902483 172 139 125
37.031841924465176 -5.6024575985696865 1458.2219222295028 138 148 152
48.836765583235305 1.0863384770994948 1456.0337195908355 184 185 182
-7.221686573375119 -50.72199677475028 1472.208891071652 46 42 38
37.45227405439319 -6.06019446967259 1464.9797863856975 153 167 167
-16.186365294308164 -43.92793242222363 1453.2385023292766 47 46 44
7.486198565306254 -44.783431193810266 1477.8324170383346 139 125 115
46.58944410468634 1.1455572683732924 1450.7779443547304 235 232 223
-26.87432143696546 -51.09189446184322 1453.1101491510274 65 66 49
55.39715157494435 10.735057816322513 1451.791248636479 82 73 56
-11.66553298535021 -45.6321328183599 1462.4460367808797 153 153 154
-9.410095835794518 -39.24168672226499 1460.7486365377908 141 141 141
44.72150544139568 -0.5284399064035193 1451.3589365217313 162 158 130
53.13231410778389 4.830908573263292 1452.1061556357097 28 25 25
58.74934289429091 11.048206479119845 1448.7856679925187 199 201 193
-12.778005191350655 -46.20468391567011 1460.1458741542958 154 153 151
36.29019987973648 -3.260365629875221 1446.1500277985338 155 145 113
14.397664208519682 -20.47875494013851 1449.230819570622 192 177 143
-9.498223547877696 -36.470593516489984 1448.589131909583 108 91 51
35.054137958635685 -7.250008481558555 1462.18971480132 61 71 81
-0.5249516445509208 -29.4626517819911 1460.7938412148321 149 149 149
-6.4965781849044735 -32.05375685877514 1443.892375682615 218 210 199
55.92989603920598 6.4660862857873225 1454.7455053346998 52 50 51
37.252690635945 -5.581089367665514 1459.1001277497076 146 157 158
6.829230914089559 -22.320858015327186 1443.7706487607036 86 71 64
18.40177815230687 -16.616877701079808 1447.4022539345008 221 213 206
65.57568971995912 11.891574328465255 1454.6360139768026 68 63 46
-28.931157668465985 -51.191306301124484 1459.7455029659156 79 88 95
36.993137459121364 -6.361399496744027 1465.0938599904864 137 144 151
34.285028070679985 -7.725697775016376 1459.8459862946538 148 162 165
-47.870906581332875 -81.61184776694576 1476.4999904883614 57 47 38
-10.25163139822268 -35.59229904037268 1446.1495977890281 106 90 67
53.249837422284905 2.009151427788055 1463.6723467620443 33 34 37
-24.637434899129424 -48.14990549748702 1461.6893198263465 56 26 23
-19.72955229590339 -43.610176033199224 1448.9200648540423 190 174 145
42.80138339618015 0.4646347505919942 1447.532520348369 64 62 42
-35.0518939263753 -51.37995724361742 1444.0101173596931 174 171 162
39.14373481457623 -4.850012681502357 1451.890521941004 83 72 48
-8.094979963929472 -34.42575906127289 1461.2585520719729 152 152 154
9.842740713417475 -20.782866144953616 1444.4102588659935 211 207 201
66.55697139621697 4.188275477692008 1467.4501122028314 14 9 13
13.237152253629198 -18.749059707195045 1444.9690044501083 123 106 96
67.51847814906667 16.874259090902353 1464.6980604067771 239 236 235
-7.46134410108931 -34.01645283443403 1461.2496301130666 144 146 145
-8.22175170799212 -34.9123345681982 1459.9113282607468 125 125 125
79.48796546676691 15.018030501324583 1466.1413076236622 10 11 13
63.96756211833757 14.08572715835302 1449.8114062635875 54 56 35
-10.983992333204803 -36.22954483803198 1446.2471784143825 162 151 127
45.84304757835649 -0.3306242738661962 1452.2860091283167 84 78 62
32.1845822632161 -11.68002610380729 1460.4423240046553 182 193 197
69.21516010540672 0.4391420592266503 1475.2146757395924 112 113 115
42.06721340212271 -2.346413951657372 1463.6030760775084 169 184 186
-7.048647626689314 -50.368349103676266 1471.7513026721092 67 60 56
-26.120545587714656 -47.13508866364918 1447.4947763354337 116 99 74
69.56195753261154 9.982289409606414 1461.2232762683143 52 43 42
31.299915524074525 -9.68544251286982 1459.4441943392353 138 152 153
-6.354396241067863 -33.75223045969539 1459.644530537376 131 131 131
22.05280978467087 -12.237480849997622 1444.2418841491615 81 55 45
26.402698247164338 -17.358819325215695 1457.1579090087594 101 99 75
31.78427457315674 -9.104370270098174 1457.7308749792014 137 148 151
13.557859857762205 -20.090903427684147 1447.5249894640203 108 100 62
48.273105378067584 0.5115908523089576 1453.6405231830502 43 38 38
0.4824820562362128 -32.62833521368143 1455.6714223047195 153 155 160
54.88073007665532 4.929318013942984 1460.0208561671463 8 7 8
14.083118117296666 -18.045796254994052 1444.7973653794043 77 81 47
-37.34171943188914 -53.66206295532268 1445.2814296416193 91 83 78
46.22881788655967 -0.9005665376057869 1453.6395877891023 185 185 172
-8.278223457438122 -49.8638971872096 1469.9956843561913 188 189 183
45.74850873565829 1.5060475614285986 1449.298086210793 206 208 205
81.61491407880743 19.419405734646347 1460.4784633056438 43 46 25
49.92854129995014 1.2272831229776555 1454.6709138054152 22 22 20
-46.54976615098135 -83.60610614863259 1481.972242591462 176 166 164
12.76337455000018 -19.900204806066615 1446.5363341146694 168 157 122
68.24907258522646 17.577615327613312 1464.6955298279818 228 235 240
46.36835865651286 0.07396068132970991 1452.1665951197738 169 168 166
57.3568429141336 7.9383633601548205 1451.980316150358 146 145 141
83.10377719980225 11.374936627887996 1474.090758533694 176 178 174
19.103010504824763 -31.090735837994078 1469.9965858193093 51 56 28
62.72411741281831 16.45601912970594 1444.7924548443614 200 199 194
53.34021361482545 2.2904544148002772 1462.887303941564 115 120 126
35.20834090211191 -7.3947806257562645 1464.2843188094048 79 88 97
-23.33207985169301 -46.10630667262336 1449.0508407844177 99 88 60
33.93408392237341 -6.825455237664304 1449.2878341849298 125 108 69
12.733398683955405 -19.87309912877279 1446.4243840133706 64 66 35
46.367139175999554 2.1367062898621527 1448.9820017947666 107 103 62
43.36733132307883 -0.3429276645820619 1449.4148336305982 92 85 66
60.57239068276651 8.707217859761325 1457.0879953460676 1 1 1
11.837648798811992 -23.190737235254243 1450.9818978129001 138 130 103
80.31493050302151 12.920211338476989 1469.9675536058853 27 28 32
31.640765996959672 -9.314305586117296 1458.44585176371 145 156 158
91.07792215515528 17.643072037730146 1474.7330381361514 196 196 187
40.13017608796354 -1.5025296303002853 1461.0669785717153 53 56 65
46.733431652599805 0.22187787720704144 1452.3584671690217 15 17 21
-30.7867722795201 -49.109443527985455 1445.2135181676254 93 90 84
-28.791734072890993 -50.219531531426824 1448.961149290078 173 173 171
63.133283948160326 6.094385198086284 1460.7875746808945 107 90 93
1.4195052285257215 -28.325760794905264 1447.453344202529 98 97 79
-11.653673179324002 -47.85489601979197 1463.477015594016 68 69 29
64.59935771539838 13.297788580021749 1451.5481240420036 64 71 49
58.156528032164964 16.710314223083582 1448.862776622787 102 102 100
-8.772722522913924 -36.77979954308631 1449.9257764394408 130 117 85
-21.829857707173336 -59.72222649273846 1471.505827710104 54 56 42
55.88107881544919 2.8875664858422647 1464.4288195541053 173 178 182
-1.926470062246995 -30.376317362339467 1461.7427300196914 225 224 220
-2.113462383278555 -31.062618136366652 1448.072430543084 198 182 163
66.04122799702026 5.6279903627154075 1467.928107624965 74 73 68
-12.054198204994895 -40.40427957065964 1452.1836371709949 140 120 82
-8.851681000626487 -47.67005969464805 1470.2351210449713 186 186 185
0.11337270389857423 -29.837442311240505 1457.9674183840862 148 150 149
-39.95952112815629 -77.7784745855383 1479.7008512455589 167 157 158
70.6986318126755 -1.1555232396098203 1479.3011672012904 87 79 76
36.15946941596855 -6.48871531596 1460.9703722582735 142 152 155
-40.343767197586146 -59.20928006504466 1451.5588298023754 148 128 114
67.48592908525197 13.409928690994908 1453.9673560476867 67 66 66
50.85979015855239 2.482789906890104 1454.6671057853284 184 183 176
-1.3902787265138765 -31.33741680866385 1456.270421938736 164 164 162
51.43856629084066 5.306758269400056 1449.7116277186647 122 107 75
-37.71266744413804 -72.14758236514977 1473.844505578449 68 62 35
10.456921606001098 -22.647817744920793 1448.3170006284645 77 77 51
63.48806238588585 16.777242251206385 1445.1222183316052 194 191 186
50.93777508337874 -8.997893851905513 1469.8469659419343 71 45 29
30.321209669781016 -10.261850988586678 1458.8753329013414 140 151 155
-28.433718876304763 -49.911166524985134 1449.3694263571574 200 196 187
49.047909906152725 2.2363234779877863 1455.9441113016865 88 80 74
81.59405037051788 20.268118110355797 1459.535040170648 83 86 54
-9.081803399471392 -47.48491502715441 1466.151732722408 154 153 148
-10.220720213885626 -37.321895947811065 1448.9647953798353 114 103 87
-19.888538928373475 -42.42125555973771 1446.5855178976162 65 70 41
15.247038894791345 -20.27777807745791 1463.2943278535774 252 253 254
41.18167778556721 -2.057509045783042 1462.5951921484373 151 157 163
-36.30020576415205 -52.1337755741964 1444.2108364785704 157 156 153
-6.060387065521839 -35.1637723288979 1450.435275514606 155 143 119
0.41357158408356665 -27.56558175741154 1445.0228316301293 119 106 80
45.00660613149764 -4.7663367130019925 1463.388726788047 57 60 67
-14.27178628871099 -53.45544663256195 1469.4305745376193 85 81 32
32.415143204691 -9.001505439339724 1459.942109887202 23 23 24
11.918656520304078 -22.33783482355324 1449.5220786275759 223 205 185
-33.99012417929968 -52.66140578632599 1447.5836254737023 146 143 138
78.04546642511755 23.21450961941397 1451.598865544483 86 79 47
-19.888538928373475 -42.42125555973771 1446.5855178976162 65 70 41
2.011860254954616 -40.82964322068706 1471.3254928035944 103 83 70
-34.2137335007371 -68.70913402532973 1472.1093687642092 95 87 67
36.352706018099866 -6.15921001887591 1458.8151680507697 153 164 167
-30.505790416455962 -70.20610414330409 1477.9270883195213 34 32 31
39.890022155398256 -4.487001222167012 1465.2236607183534 161 172 174
52.8701121556041 4.788752090521998 1452.001681729211 167 163 153
35.76824503627553 -6.758693197283379 1462.8542338989002 118 129 137
49.635277915491876 3.4013711243442324 1459.177428532837 13 10 10
18.429173969084054 -15.820041528212602 1446.147800688417 129 114 98
79.92983389392296 15.242817079964231 1468.5332118371207 99 103 109
-6.914066049947832 -47.21691333986992 1471.2736697270059 49 44 40
-21.188196165694283 -47.57886389060726 1454.045314794904 19 17 16
-5.576226508705661 -33.68522933256631 1458.0272489048707 142 142 142
32.060152300606724 -8.801980852588123 1457.0864320184378 51 60 69
69.49162398701213 -1.8792684265958548 1478.7917741364897 134 122 120
-12.194092428989519 -36.320566685478255 1445.0941063123162 92 84 77
-14.691405898465353 -43.717756687377225 1454.363260759465 90 82 68
41.346415383023924 -3.88085818130788 1466.9018510426508 116 124 131
32.772412394798465 -8.531273357663984 1458.4192047839254 149 160 163
54.197805444326 4.303093274912278 1454.3009165970773 141 134 127
54.72792626946652 5.7944867835547695 1452.4977226272358 55 53 54
10.879532097951667 -22.59798659773473 1448.7424973192215 103 100 65
10.75416519409022 -23.3743679006541 1449.878561125623 149 145 112
-39.76572414627431 -55.274730564317515 1445.306128099531 82 75 72
1.5504526333172 -26.166975817395546 1443.8273151915932 218 211 199
57.291325672190446 10.03281795891912 1448.7655897154314 73 66 37
-34.47674254528423 -68.79465839836627 1472.1723856796636 153 144 136
-42.25193332819546 -61.72190332233831 1454.8045004610333 22 16 13
49.88473971329414 3.8974724092574675 1458.1761586917173 203 203 201
-10.536373249717055 -39.98966890516655 1460.763328629884 146 148 147
-1.6122186936898935 -32.40188729446144 1450.8051178176206 84 86 66
-27.372757914999884 -64.08593113378103 1471.9887516861068 92 83 81
24.121043996484445 -28.1520442798164 1470.585600985446 46 50 31
17.186237218989714 -32.698355252140274 1469.9194572443485 91 100 62
-24.918061447323918 -44.38388698612987 1443.9578551125492 204 197 193
-37.13989098084729 -54.13850674028164 1446.3664844877737 64 60 54
52.3049164634941 4.393817357828383 1452.022175578202 177 178 172
9.730969600389251 -24.400062648404976 1450.3928578848922 108 95 65
23.72576245203336 -28.44050201298014 1470.7001299671313 38 47 20
62.14771094833637 16.200418235507726 1444.4375171575857 188 187 183
46.327436755228895 -0.680583818683115 1453.3905698703716 163 161 154
37.45019699435346 -6.2108930333183565 1465.5454808947316 156 169 171
-32.146550597193 -74.46106120837378 1482.0314423464476 175 165 163
32.20792634812631 -9.131743027859098 1460.004025682171 139 148 153
52.945491404716854 8.631588771947088 1446.1847790196148 91 88 71
-8.136990007604476 -35.98911332344374 1449.409788699011 103 98 67
-18.34390654555815 -43.00397965939665 1449.542229034013 198 183 150
41.77755348798447 -2.4116797331481963 1463.6189574439752 129 137 140
-39.18868835213872 -57.3728262540155 1449.64819683553 98 91 83
36.41773585421781 -4.304620688638156 1448.0143665653889 114 91 58
31.348461619012433 -9.563806857447789 1458.8648625693615 138 148 156
74.71880924565157 24.07010743422323 1446.4623936882258 199 199 191
-26.315747800115158 -47.89703759843645 1448.6645713466432 59 60 11
-25.14777634477786 -46.29610465828378 1447.158723574499 117 104 78
8.268527531234684 -21.885407573464118 1444.6049420919041 194 190 178
-23.910480420765374 -45.39866059207924 1446.9519362994588 79 69 43
-25.586650578299142 -47.701331083143266 1449.1812558604308 162 149 105
-17.031235678884084 -42.32111920620578 1455.8882539179494 42 49 56
-22.633679115616737 -46.083668845861276 1449.8919144809392 110 107 64
-2.408038363545235 -30.85291457731824 1460.4957691665 65 65 61
61.95168276915066 6.457007259278928 1459.1455170509937 142 139 132
-7.279262481817296 -34.27212314214657 1459.8957622509506 140 141 143
34.57286916261078 -7.401858556754252 1450.9424668810202 156 133 92
48.96536578714993 -6.058754630815238 1468.4143062272976 20 20 15
14.003960632383853 -17.862219384004888 1444.4275632811346 222 223 217
54.57466244018781 8.964072809380053 1447.2791037768914 94 84 57
-16.072887692317703 -58.74110634230461 1475.5920007314262 59 51 49
55.3143521688224 6.398646434758129 1452.097477189962 22 20 18
-48.24776490517356 -62.22900098303094 1454.1906453711035 26 22 21
-7.012085982623941 -34.04345106901555 1460.1320961543172 145 145 145
38.5041939936422 -4.693921127661477 1458.9333941459836 125 133 137
44.656079592299314 -2.3640200317761515 1453.8553246908841 193 192 187
-19.372481132148394 -47.47910960795391 1454.5928040885458 27 28 30
7.99921788865311 -25.53913001348785 1457.7243756268565 139 143 146
9.928292225040357 -26.207220132496342 1455.6156090873208 179 192 201
51.74930488392156 -0.8635502191154221 1454.5864660647055 223 225 222
-30.793192986079895 -65.79485898553789 1471.422739081833 186 186 187
63.71327140857433 9.0173490832797 1457.0872690124213 169 149 124
36.982801405290815 -5.853574660016631 1459.719145196686 68 77 85
-24.261109469264966 -47.472696410467385 1457.4335483393136 115 123 136
65.22708881347091 11.442857824181477 1455.0165369231706 158 153 125
49.61760987623365 5.826095578642587 1446.9321875707146 81 84 57
67.90607064454208 2.3098937439016853 1473.9151459715508 142 142 144
-34.90487264903005 -58.12875350377965 1455.640794176732 47 47 45
26.353562879891452 -26.164378540528844 1470.0496404116657 20 47 12
1.785254527720432 -28.094130233550246 1447.3465451789712 72 65 50
80.31493050302151 12.920211338476989 1469.9675536058853 27 28 32
55.01131402094173 3.63417101497091 1462.4109077771952 34 36 41
12.223782387125812 -19.136084364333055 1444.4158080289997 197 198 193
35.21988976666521 -6.793376027002084 1457.98015316492 155 169 170
11.741986716084558 -39.547759861199104 1474.370000273998 26 24 25
-27.08572572265792 -59.54544348717828 1465.9138729924132 51 47 45
-5.463852850648165 -35.93710445629033 1455.2535200446941 134 145 147
85.25979904442089 9.198357315797487 1479.3974329736386 70 67 52
49.873022177780975 3.7651372023708674 1450.3442369047743 94 85 54
-8.27818221400235 -41.1227219848884 1465.00906669736 210 209 208
15.117534002852178 -20.47989685244977 1449.970449790721 192 177 147
-11.366814139824388 -36.472667115494694 1449.0227487351478 208 216 218
-41.962999819631094 -61.56999533985603 1454.9836556439245 133 132 130
10.14552839818717 -24.034629437655425 1450.3279536249997 182 169 150
-7.0747890443819985 -32.45171268414402 1444.6073523218922 53 53 28
35.77298608430669 -6.455850954947883 1458.2454881951624 151 162 166
31.994128078199743 -9.265152700316833 1459.9422908434199 54 56 61
-19.813121537867712 -41.40767134705243 1444.906664480872 183 182 178
34.63556696243794 -9.188429601071485 1455.962557428735 187 196 203
36.798856589041314 -6.597057546716886 1465.3903761041288 152 159 165
74.26634601201334 3.9686586913924993 1476.5069839136872 92 21 33
43.53034236758139 -3.9863988453952586 1455.4500699675207 76 76 74
29.664361524574147 -10.862551346923517 1459.7427469262836 130 139 146
-37.93794691408642 -76.55619592187514 1479.4765096772912 107 96 77
-27.424819822406864 -52.15770217157408 1454.8013845331366 121 125 131
-25.014379984715585 -46.903929981945055 1448.3784358195683 59 50 23
20.75546929313849 -18.70197166938392 1455.3929568062385 162 174 182
54.088862579245465 10.396937134693637 1444.1432347721889 54 54 54
37.139767495597916 -5.80838761694761 1460.0899033692242 137 149 153
-35.62530251161071 -55.51708312770667 1450.6501744442553 176 177 171
-2.827609721640964 -31.151327323739043 1460.452468575156 123 125 124
-21.6008098654745 -50.95051675577337 1464.1620993817112 94 98 101
42.877557468160845 -1.3999926348610596 1462.140107933477 134 139 143
-40.41452313218523 -59.884922545076606 1458.6748787790682 188 188 187
-22.073408225680616 -47.83667811410845 1454.203404741454 17 19 21
-17.07702295009708 -39.54152104159094 1444.880235646564 127 117 107
42.917228191914226 0.5508754399299244 1447.5235645135351 58 54 35
32.51689400340732 -8.53107493824137 1457.300405646892 144 157 158
-5.001600905502361 -32.4954776772517 1447.0464988792098 66 60 41
36.20174423473128 -6.157884288239537 1458.235577140024 141 151 153
50.81363829377347 4.467293797820625 1450.1801542789547 226 219 204
-5.128818536349242 -33.09349532862201 1459.1453553353813 120 120 118
56.87264367318921 10.579727135146841 1447.480144043357 77 68 51
67.292372743457 9.687214509554106 1459.6703321378848 196 196 188
16.15966259565462 -21.752616719790918 1453.50888858972 152 156 157
26.041476087364405 -25.977006823284086 1469.3135265902893 26 41 4
3.314028116484252 -26.170134537870027 1445.9388266573553 169 169 161
70.77715762926088 4.3671577521793425 1471.83933743092 39 35 34
-15.734519407828515 -44.80239873137747 1454.6864637523558 117 125 128
33.82799104096113 -18.97295296608228 1467.1453574333689 49 43 33
-39.88992406674886 -57.82707974841455 1449.6878702668134 77 76 58
-19.802146397802698 -43.665799224943555 1449.0253982498896 186 175 143
51.3956116737809 3.4507721922718724 1452.565737447423 15 11 14
-54.43837982942035 -78.20327263914521 1464.9072670660548 82 98 95
45.12073420939977 -2.0096661624819023 1455.590323427029 35 31 30
52.794483875713944 8.868062901822656 1445.5685668723504 165 160 151
34.119417344252376 -7.47546443703603 1457.4752190139438 87 96 103
-2.9781188263193195 -29.586178087120338 1444.4804904640778 212 202 190
-9.317427299610154 -38.63963185247857 1462.519556515581 100 73 63
-7.762636356244537 -34.14220340965346 1461.5878665664316 131 132 134
17.141407247725414 -17.94929381100008 1448.1188206742117 108 103 68
46.778229032976235 -0.5889916389767811 1455.7833618050818 167 164 159
5.758994998582988 -31.97532824293126 1461.0296890080083 215 215 214
51.172152158995814 5.709958616196846 1448.8488377661954 129 122 93
79.62064222703273 14.507485096926299 1468.369972060943 135 139 145
-7.073129343822305 -37.721298465305395 1453.3185750837501 85 80 51
-20.272837466427575 -41.302989727077176 1444.007173851763 187 187 180
-27.846519610785496 -63.34010671120743 1470.3777583390731 44 31 31
-32.35737157755434 -59.520866501656045 1467.295447766931 18 18 18
25.758729960639332 -23.89487803776335 1465.9605283943451 80 79 75
35.83364486921256 -6.59986237259451 1459.3315034083003 76 84 90
66.74329092152766 9.720959886420816 1458.7491386083846 157 149 130
65.79755716839941 15.972602030981196 1448.240296452012 61 63 63
59.16940409649965 11.543976578885747 1448.5382236634323 123 119 116
71.9162438725105 7.0865648642074 1467.7186105074172 180 176 175
-22.63429236556153 -45.58556507218856 1449.0037719104987 187 173 134
16.74291027300013 -33.16752338612775 1470.76174239835 200 196 189
-16.834506759239755 -42.63856205165258 1450.5808895781054 203 188 150
-40.688796724881875 -60.28625677873849 1452.9509811388693 139 136 133
62.25098148821095 6.4044053339030915 1459.1062890931537 39 41 30
59.960885620612856 14.655186265176713 1444.4734768660965 209 209 209
11.860498490275495 -20.74451761574926 1446.8161193794951 173 160 128
-27.467698223353235 -64.46175512736616 1472.4531203744593 45 43 38
67.4553284805573 13.432096035468605 1453.8514432440438 195 190 184
4.0542691195764196 -27.98269152781364 1449.8566964774373 69 75 45
-11.245777544424532 -57.81405317565708 1479.0559142328498 173 170 164
35.49922215442353 -6.9557225100149385 1460.6962373936242 128 141 147
58.699722151952244 7.492724437162454 1454.2062609175534 27 24 25
-34.72184177673561 -70.50140757517653 1474.278071644418 139 124 103
50.40476013225618 4.787386651817966 1449.657640933387 143 135 94
17.099056426772872 -21.074406928927033 1453.3563037359481 151 161 165
-40.13989235855127 -59.0931497475899 1451.4414360730805 47 43 31
-32.24177524290444 -50.01756307490917 1445.0190677814446 191 191 191
41.742711598349715 -3.533080918422535 1466.4714728828055 156 167 170
69.0223357971509 -0.6992384009922875 1476.5642374255249 129 114 103
-14.779188808712739 -53.16565743380713 1468.4576740495954 190 174 124
61.06739445779601 -0.2247063709617688 1468.6826183304775 68 67 63
12.060992687735839 -21.9080139192855 1448.9808553417135 214 197 170
-20.751399732543817 -46.79216278775912 1453.6189499868624 76 62 48
-6.59980134769371 -33.59658854797289 1460.755693508312 163 167 170
37.24646211224915 -5.97153926371644 1464.0439272480346 92 101 110
-40.84964748287778 -55.35073406531554 1444.2074627492286 151 152 147
70.00070210538395 3.161083498189839 1474.1562544420112 157 158 160
35.9034797002482 -6.678148209417277 1461.7061430748795 127 139 147
46.651205065906794 2.9727796110527516 1448.0443595848494 110 99 64
-9.763042483736111 -39.472572230282104 1460.7538727254366 133 133 133
53.41578210944086 7.560460312486969 1448.2121548203206 196 177 145
54.933780454670995 10.054295314734302 1446.2430709198072 106 105 82
-19.530195005713566 -44.33557540205627 1450.4280840835695 169 155 114
-27.09757705138002 -48.72166173191339 1455.402877058579 97 100 108
-12.185684818193568 -57.689622244578786 1477.734140558308 200 198 194
81.22506085041749 17.952840015632344 1462.0701141277375 178 177 170
66.90014782647962 -0.4583378389784532 1473.9757057933464 142 132 130
50.448561505397926 3.8972865273345696 1450.976262413936 96 90 76
1.5701779282164186 -28.054251770444 1447.07149358265 72 74 52
-33.53567968772063 -62.846943486145406 1469.2781565912014 181 185 188
-15.28733545276458 -56.163407464300555 1472.602536785213 102 98 43
66.25314416009833 1.636687275848632 1472.3042336537746 80 67 66
47.133080858362426 -1.3009440724866372 1455.6783317878273 56 51 55
48.329176043892666 2.1845246082195113 1452.9039860259832 136 142 146
14.046888063879063 -18.14788285016896 1444.9087057277852 201 205 197
37.9096835101512 -3.719797608823813 1460.3712016485904 121 128 136
-24.277018888697057 -43.95593670922109 1443.9447416239336 203 200 195
-48.01947896335077 -61.038106322470036 1453.9413432709987 35 30 29
-40.2059939251927 -57.11644765581779 1448.0833531232897 35 35 24
25.16456049517379 -15.562032746252033 1453.1290771331585 106 98 64
51.43621923733827 -9.28351032982815 1470.691489033286 123 123 121
-15.791204793898817 -40.583487635135405 1448.2174377154388 192 179 162
70.93101200163113 4.066164045076472 1472.3720164968229 27 23 21
-6.358759367218895 -32.2055056722402 1444.6331872438805 58 71 23
23.423188449096948 -28.535370956252397 1470.4933816206478 44 51 35
55.86239549488648 5.765439823913661 1454.4174347317705 48 44 43
-40.81362822705549 -61.00982260698901 1459.6652014808303 212 212 210
-8.04505640249066 -36.313736326672874 1449.9866326934268 188 168 134
41.65941744815652 -3.327183524910301 1465.4703967759338 149 159 162
-9.075595230925495 -42.41316552636146 1465.7721485923075 42 38 36
69.5284110746169 10.52890947697641 1460.3070959155536 59 55 54
49.59302329054802 2.4851920007077757 1452.0306360164034 189 188 186
-6.461535027258752 -54.62805538906614 1478.6961974951698 65 57 52
-17.320106615319553 -58.16366899108588 1473.530684352543 178 173 133
-23.568776284422274 -44.85454489313812 1446.2923727882749 122 118 83
68.26195345715088 4.449890437548218 1468.564479149134 188 168 156
-4.859222061059296 -50.65643213615462 1476.428525193669 29 30 25
34.019925364402376 -7.7620939641359685 1458.983115952005 159 170 170
51.3670408273347 -9.58270206688946 1471.1409760858405 112 106 100
13.551970162200742 -21.841918727048252 1450.6330145906504 101 103 57
-3.9344822771333567 -31.294158214448764 1446.161291560377 142 122 96
-2.7355089227541862 -124.13420584426375 1451.8438632197597 12 15 16
48.78465617999263 2.0077697549608495 1452.3534504778513 185 184 179
5.888558463021068 -32.80060492595582 1458.920007772287 166 152 127
32.51942596437037 -16.929503869759397 1463.0374274814496 48 58 36
27.583280254682307 -12.294875321688515 1459.9672048437826 33 35 40
-19.729566748958742 -42.83452897714986 1447.6201270509227 170 157 123
-15.024492195398484 -57.82121786221131 1475.0604337206007 162 161 159
-24.194662460438114 -46.68827035862853 1455.084750542243 54 59 63
34.846280293930036 -7.877997730371683 1465.1394850317 143 154 160
36.72273287410682 -15.514877305588673 1465.9603382922865 32 30 30
35.91702510558153 -7.144878040922784 1465.1387560072774 147 157 163
-41.25241385169796 -58.06019928843697 1448.5405558086125 77 69 54
57.44309271012883 9.78033890332624 1449.2989760496594 75 81 36
25.584051351814818 -23.26385756870117 1464.8863647283945 36 40 29
38.482579444367474 -5.823193321661597 1466.7953020622629 155 166 168
85.05009592749379 17.073300261028955 1468.2112996790947 141 130 98
-41.67157917675709 -57.74693778101727 1447.402561433598 190 192 189
-15.802295576515814 -58.61445253741131 1475.7757088460012 49 40 39
62.27493195357185 15.326923283787663 1446.2163078676206 68 73 60
36.0844922634092 -6.086534935772848 1457.2523976035322 124 138 146
36.50579452075356 -6.100496375385183 1459.1011019897808 119 128 136
-11.037252998741758 -36.22025420315733 1446.1891823624187 150 138 123
-8.04505640249066 -36.313736326672874 1449.9866326934268 188 168 134
58.1602056104571 6.942700875939122 1455.776056999586 126 130 134
-9.60152065773963 -42.84580171019363 1464.0658348783315 118 117 115
49.12124334513184 2.125237947585625 1454.8259797009734 38 29 30
-27.96789428218189 -49.51721617151272 1449.3319284321835 54 50 23
26.805197988680877 -18.3264569159559 1458.9013031203212 167 167 159
55.92982577545986 7.005943195566723 1451.8009636382628 46 50 27
13.515630170189885 -19.19642421336324 1446.0761073783794 224 227 224
61.59785333501292 1.2488197064127868 1469.5434027996819 9 5 6
-23.51184811742651 -43.93316283089657 1444.2499202431825 65 65 69
37.36016351281154 -5.66769685543403 1460.3926387692206 126 135 140
18.208270523652228 -17.943923004755362 1462.3366308737318 179 184 183
82.00024448707696 22.773020880946646 1457.0348975973473 112 97 64
41.5384294400452 -2.9974206743024485 1464.5951268818299 153 162 165
-19.107356318723774 -43.006246329000334 1448.62797969388 134 117 91
-22.389184709665326 -63.87030418177642 1480.853064274108 171 168 171
33.37771554566632 -7.862073151078211 1456.8649361860926 154 165 168
-22.915346622348956 -46.47494343328274 1450.256843091649 102 83 50
45.62681701528531 -1.726781089868839 1454.0950250625594 75 72 68
-3.642573740184511 -31.573029521017748 1460.9196371325181 206 207 199
13.252649072980619 -24.656926940224945 1455.1011829911556 151 149 144
46.93734367245816 1.6538980834332047 1450.4269925152012 121 120 92
-19.29700856667073 -47.58871212810304 1454.4954726936082 17 18 20
34.06398350231429 -7.54078664771915 1457.9844513273974 119 123 134
-13.262401921256117 -59.5922711751638 1479.92198833593 139 128 119
53.749293082072064 5.411286583489305 1451.9924493356116 142 143 138
49.02905493609889 1.126862442160915 1455.9058912078528 113 105 102
46.50145702446215 -19.687773191854074 1481.0521735070752 58 60 54
19.331785407065745 -29.405571083447622 1467.8351865104785 48 55 22
-17.583193519904764 -42.606485909579156 1449.660668341286 198 188 153
11.970082030642017 -22.166372215770995 1461.0283783259313 65 68 79
-32.98329078504765 -54.502340400704234 1457.4935287312621 149 146 141
-22.389184709665326 -63.87030418177642 1480.853064274108 171 168 171
32.31379048489542 -8.922337858862338 1458.852970471429 148 161 164
47.589488432881964 0.08426705322309862 1456.1764865199455 36 37 39
-9.57374328065406 -37.175331777917506 1449.624026137014 187 173 136
30.58311131539032 -10.039682640496784 1458.5888649111637 137 140 144
61.28364001171492 6.724508151208558 1462.6458326552738 8 8 8
64.25834918946877 14.141188122685412 1450.0584609719247 215 213 202
35.42471214525657 -7.001717084595148 1462.275772238055 131 144 145
35.23928317938478 -6.752310891681825 1457.826240660388 142 151 152
-22.822677032610596 -46.5753268730125 1450.5286926534368 121 113 91
-43.602389953184286 -66.5383674917219 1467.8452262230169 181 151 155
-9.05055534333819 -38.92576918195934 1461.0163769379615 141 141 141
79.76661899084782 14.025417131002866 1468.9847250466962 17 18 20
42.465099993338576 -1.8016770424241402 1452.7447170385224 29 33 30
50.84722271431675 7.142860479079301 1446.1202579178575 202 203 195
36.975536020280984 -2.735622382629965 1446.1502265505985 89 75 49
54.13989428487451 6.8203519846067415 1450.0848095015306 83 72 35
52.39886556505349 6.997293863104238 1448.0519579638185 165 156 127
51.09482189739461 3.6600247433796658 1452.5289379718351 171 170 166
4.817212719908805 -32.432412866535834 1457.2857912767272 205 181 144
-27.120230781569745 -49.32805674953792 1457.1996863890809 99 105 113
-34.06966275420068 -52.77247878750768 1447.6681562043573 49 44 41
11.285394742631803 -22.916545064525266 1449.691390208146 184 172 148
28.830890869445227 -16.747627422373014 1458.8542143782117 65 61 49
-44.697853370655366 -62.773034691107675 1452.8185691171802 134 135 137
-10.489605316530838 -39.84364499006364 1461.1773595153315 155 155 155
43.30843174616862 -16.301056231646605 1473.0952502026933 69 70 40
51.0126497368857 8.080347960869087 1444.815120580957 229 236 239
-10.341609006024797 -34.35079437205511 1443.8805028433048 111 95 81
57.54725839212531 12.98231935829597 1444.0103090675032 181 180 176
-43.79796997635305 -61.670098468538995 1452.0902663330387 162 162 164
-25.072188969585888 -46.01443465502289 1446.6874217943036 69 66 30
-24.182757865513164 -46.96878134069561 1455.7769208425932 122 130 141
-14.580469837059812 -40.52231290627141 1449.4792540515575 136 123 85
53.59292386584481 6.3820621243502735 1450.2686479954464 77 72 40
-21.204199828396273 -41.76354649169587 1443.787500219545 83 84 86
-40.41452313218523 -59.884922545076606 1458.6748787790682 188 188 187
-34.886092873289456 -52.45574243784447 1446.4834201511094 47 42 38
-39.06948605473929 -61.57102947958104 1462.469721697349 149 148 146
-15.469656013889303 -39.41834711667441 1446.6285511842652 81 75 49
-8.541905239929532 -38.42359702960691 1461.5612511215775 146 147 142
-18.317727466918857 -41.442166077186876 1446.7832864694265 180 165 132
15.373214118119304 -20.328967652859255 1450.128142424069 74 68 46
74.6672019686655 3.052924117406969 1477.43496771565 154 155 155
3.275057596851443 -25.08731226413635 1443.8605287052412 151 148 139
39.16700119567027 -4.660195566361082 1451.665488713035 195 196 198
-36.00336398163023 -62.77601161402186 1467.6421019162428 173 173 173
59.68929647003277 12.468259296277374 1447.6860857472122 49 45 44
-27.460255988461736 -58.7527936107279 1464.4393743701798 196 195 191
-21.454330853132802 -44.072294189640395 1447.675292458353 186 168 148
-16.653157923896956 -39.17049742817613 1444.5973719857884 151 147 146
-38.62801120709179 -63.43459292053698 1465.8384823514841 89 88 88
45.11481583720308 -2.056801700456659 1453.9117110143784 201 187 167
-3.898069669328524 -30.767814408843947 1461.7617014937664 25 17 15
-39.8301923232479 -57.13306298265835 1448.460987245485 43 44 28
43.75045333099746 3.504286120872458 1443.7357872759776 99 94 91
-7.608323415708996 -36.12353602932678 1450.265544758355 202 186 152
74.38640387051609 2.886492181288938 1476.887051349037 193 184 177
40.830657468798236 -2.696183515888361 1456.225696787351 68 80 92
-4.673593157692052 -28.515435716859123 1444.2750924435709 56 66 78
52.14038441064645 6.7362760503979855 1448.3083867180464 194 179 144
38.25321326800868 -5.344179279317272 1464.6616125550229 145 152 158
11.783393888191718 -22.807053369616042 1450.2425453360386 193 178 155
11.242156280521968 -23.820599905961668 1451.2047827166 134 120 99
21.438184008545495 -32.08028433519883 1473.498371836624 133 133 118
-4.878419223085847 -44.33354695943826 1468.9838109829966 19 17 18
34.48954471974934 -7.7525008284664345 1463.4585199945031 156 167 170
40.22906926065807 -3.1137748509911938 1456.383709358573 104 111 119
-1.657904916082913 -30.154170806959783 1461.0537634622767 137 139 138
-9.060134036455299 -41.50758991171994 1465.4566588097653 207 207 207
51.380295881679494 3.3396428521666177 1452.747570287124 20 21 24
35.051194668893245 -7.167715554122401 1459.702881570943 152 163 166
41.847450651838564 -2.3284451780256945 1452.7402960147163 207 217 227
11.552173833701705 -22.467002770302795 1462.4588481119117 203 203 205
37.281304546898035 -5.729983196789229 1460.6721064301528 111 119 125
61.315263709878025 0.35900464085745964 1469.7974814586053 41 45 29
-19.739088181834518 -42.24179835289118 1446.3602149628796 109 97 77
-3.151835482560374 -32.338545124737266 1448.818937480795 91 79 67
14.353310375978888 -18.64621065921678 1446.0849006864496 151 139 112
-29.44337237454859 -50.44165086305612 1455.8550804765605 129 138 147
17.441469810747805 -17.099493907214047 1447.0397394002268 220 214 202
57.19759706990491 10.153504159035302 1448.4333051421147 73 69 41
5.036309949640776 -23.60175813104123 1443.7618329855616 97 84 75
7.922942132026689 -23.19516999392505 1446.2347575088115 210 211 206
-5.557782955602238 -30.927263824305466 1443.7868546606337 102 109 71
61.70073255524031 -8.18757252651494 1479.9247484396508 198 193 190
-25.909360642120504 -48.40988580239807 1456.7097142404932 52 61 70
79.66686085319813 21.228415926782546 1456.0506504637751 121 114 85
8.97594904589966 -23.13693081472207 1447.3650748619048 73 68 36
71.78288804360788 7.271371172758697 1467.326836510276 204 203 202
-32.94583164983263 -60.90241925893403 1467.0839639565904 35 35 36
92.59026864500224 16.497837802771418 1480.066011532303 83 88 89
80.4889667153596 22.659991068788095 1455.3797947011474 120 109 80
-17.72952220445911 -41.26033499256828 1447.20849540547 93 80 61
40.36095825062949 -2.5979581837921795 1462.8617398560548 175 185 186
-40.651200391943064 -58.148597514033625 1449.4144137763133 88 83 63
15.55518217191941 -19.594778286175696 1448.9248152891246 217 216 211
-15.29887305001223 -60.708263157550526 1479.1529220792775 152 151 149
29.11312212914741 -10.728569569755392 1458.1876307370114 110 117 122
3.8746277189213267 -31.25493822881027 1454.7382053677468 224 194 150
56.93410893954229 7.628975482018253 1451.9587674890465 115 114 112
-10.725040707268409 -39.65444769266982 1462.532405475871 97 65 63
31.189872027148255 -9.569560271155863 1458.1448955702479 140 151 153
-8.156264558519979 -48.64592302350266 1469.0566538178712 25 22 20
38.1379002085905 -5.134260640114882 1462.1656254827194 62 69 77
-13.94022678194009 -57.68452755245603 1476.0867758155182 41 31 30
-20.959656694184943 -43.431770162368906 1447.0343834397067 175 165 129
16.26620648088977 -19.70062672634976 1450.003548792555 108 97 66
30.73699664102563 -10.106963368306594 1459.72916560707 141 158 165
33.338565873088754 -7.935100306791944 1457.1397426937908 135 145 154
-14.66613987657577 -43.85405118016745 1454.6869376303766 183 190 199
-26.985883519881565 -48.539190554481 1448.9131795675835 145 124 98
95.15265830435968 16.68767640400094 1481.3814831970017 15 43 34
30.536884494847804 -12.089148435295096 1461.6241558201361 43 41 45
70.98141916772585 3.1214496837396277 1473.466414404532 158 150 151
62.210942969989816 8.767068538268992 1455.8578515838183 96 92 55
21.124860851810997 -15.895513148139479 1449.345514204577 64 55 46
-7.012085982623941 -34.04345106901555 1460.1320961543172 145 145 145
60.00982598897029 17.70409570805166 1449.446094230173 210 210 210
-44.3949685198799 -62.53274644937579 1452.0456672608975 165 169 171
35.07518617922192 -7.070090564758661 1459.5368130775764 123 130 138
11.627422734765501 -22.82663635718114 1450.0997303666102 84 82 44
71.11060474747066 -2.363138603088582 1481.5531551342237 68 65 62
50.36389379717901 -8.551047221609524 1472.127596991559 86 54 35
53.52613132043146 -12.85151847933306 1478.457747421417 108 107 105
-31.603296043398508 -49.22624290931512 1444.5529881446191 74 75 74
-27.888306955973214 -46.84063295671777 1444.400649773747 30 22 20
53.749293082072064 5.411286583489305 1451.9924493356116 142 143 138
52.03406361373102 4.123860289614557 1452.0315731182438 172 171 166
6.913439657980262 -28.160089179522085 1453.5366889152335 58 45 42
-35.74796541043202 -51.61251523270813 1443.8903049474106 33 33 31
50.843488177068586 4.24447925621606 1450.5724121589 65 66 41
42.27913373673226 -2.905751417683097 1465.467282739469 151 164 167
21.80587775353943 -13.753191088498234 1446.773825989946 172 171 164
-18.50211009194495 -39.85193801619951 1443.9212014403226 126 122 117
0.12339241499601855 -29.9060055042422 1457.7247533084976 139 139 139
-30.130085918008795 -47.967689498993934 1444.2522469940984 142 141 139
2.427443584367621 -28.479469933086577 1448.7688117260604 172 168 155
30.85146939698361 -10.047518369795693 1460.0119974802278 133 144 151
11.806238671659997 -22.41658568881749 1449.4902634830266 128 126 86
-39.20724784345303 -74.03002988901777 1474.9066929507767 65 63 58
34.7802766037639 -7.2343952450880336 1458.827404438805 156 166 170
6.225900333597544 -24.991106304092956 1447.288869440291 132 128 119
35.340539567221334 -4.508743246344929 1447.0991991461783 177 157 119
15.095380571107189 -19.810695238521497 1448.8233391416838 125 114 79
-9.836508480446497 -43.45265187080472 1462.9653112659425 44 45 45
-27.907305584421916 -49.607960432324624 1449.4978622617227 122 113 68
36.294056482983805 -3.5286125458455335 1446.5827642476772 182 157 127
-11.952356882886624 -56.107469679531604 1475.5481428369183 82 77 71
78.67009431017327 22.095563060971156 1453.6433491695805 74 75 51
-44.35585066469691 -64.83206600991217 1463.7803606612722 48 44 45
-9.228486737817082 -35.49920652817908 1447.3273681372093 197 178 136
-15.647132363613668 -58.257880308203504 1475.0731236808847 140 138 138
-2.666992309550815 -32.211108528817235 1456.184286646833 92 92 92
64.45699980152763 7.3046838249003985 1461.0835965774847 48 40 38
37.72004553383148 -5.466436334265653 1462.8405249250445 112 120 129
50.05960223013137 5.288614257803673 1448.1364938214517 100 97 67
30.761379812420703 -12.125782479602375 1461.5354234713946 177 184 188
0.22358146744984633 -29.47625908137714 1458.8313793655184 137 137 137
32.14159492065579 -9.114722783958811 1459.4961321031465 77 86 95
67.31564771046338 13.688267584341208 1453.439012028669 69 68 68
-29.394395854142445 -55.324446176061834 1459.565942874135 101 150 129
-26.033346858632132 -48.51179636650988 1456.767471716929 128 139 149
64.45421235963714 10.962354449786588 1454.8532293242745 61 62 26
63.458915016292885 7.026158636583853 1459.7446409271759 92 86 69
-6.249273959836357 -33.8126638100503 1447.8494660481845 216 205 187
49.6455619998556 5.407689907088587 1447.5076786251661 146 142 107
-20.96189614294739 -45.13555975269099 1456.642879126208 69 79 86
25.8668793260047 -13.38431127104695 1460.0103167140005 59 66 73
66.3303399468799 -1.3974220347161868 1474.5966326967348 55 46 47
56.18824073548832 12.003113649931427 1444.4985609998416 226 223 218
68.11681685492896 4.326573366933002 1472.8527532980497 126 126 128
38.49345559437077 -5.3503582064008315 1464.8345286317374 125 130 139
70.4809407634748 -2.08233560181734 1480.2323894040194 55 47 43
65.99266946768293 15.427264585555074 1449.4706291350071 203 197 189
36.000191323595395 -6.274614085522033 1458.0915938190499 160 171 175
-8.992094346168804 -56.675619696304906 1479.4822559553793 86 69 64
6.467605299261267 -43.6374667635166 1475.1143770853905 152 136 123
74.78200202773306 2.59838575881484 1477.4800037370276 91 87 83
29.580564327411736 -10.739709841914323 1458.6093160749494 133 144 146
9.52321168517104 -20.696125677736443 1443.850419116175 71 77 36
-32.81256003026815 -53.369646393951825 1450.4474404213202 196 196 190
32.62745581083151 -8.341250607469782 1456.5893656273042 146 159 165
67.56462143777185 12.85129603924458 1454.8622269630791 55 54 52
-26.984274282164982 -50.99521301129973 1452.9226987459717 31 31 29
-1.7052736263610173 -29.938279088216994 1446.5663412909678 87 78 46
-18.368310007412532 -40.20201746120961 1444.5759679106377 163 158 154
69.23090091151644 11.634950743897074 1457.934993991593 70 70 73
-2.2572090018344713 -33.962524624746244 1452.4882989426014 179 179 177
-25.188379301280246 -45.97810862358946 1446.456138766401 63 55 37
40.61736326611969 -1.5002830368388276 1461.2677483802952 132 140 148
59.93452273800533 8.45532489806064 1454.0064286225154 24 22 22
-21.24191494941708 -59.99185557562031 1472.8811341235426 214 211 212
7.580725418077714 -29.10444514739088 1456.5979199204196 190 190 189
45.20416632726229 -2.1591790640075685 1454.1604705985708 33 24 15
63.16476431834664 -5.3925062455227675 1477.0655221626591 209 205 202
-8.464078997613043 -34.71187961452367 1446.9508067307956 171 156 136
-41.604437265972045 -56.078674601903884 1444.6846890842392 193 193 189
56.73231469908436 7.158237725014214 1452.3998624923963 162 161 155
40.424619624502704 -6.047225139232809 1455.445405366292 6 6 6
32.35000016832125 -8.646771902982954 1457.2989797766006 144 154 156
51.43847959213617 -8.053459025563368 1469.2954464946388 70 68 60
15.81474965828746 -34.20702108031799 1471.180332596214 85 80 76
34.798158247139696 -7.020782978329036 1457.6995267522996 147 159 163
-27.40384505959834 -63.529581123526654 1471.0859721750555 99 97 99
-17.09246845953027 -46.95053904279166 1464.0401760999773 41 40 39
16.845691145659405 -21.080826908008742 1453.8059616808614 125 128 132
-7.70412772692196 -34.57212206644684 1459.9058654744372 165 165 164
0.14635706002465634 -28.958863290986052 1460.7839185348428 165 166 165
-25.40841305612969 -50.22989642392613 1453.579075237442 30 26 24
5.743928667357415 -32.051660911899376 1457.786922132294 101 80 53
15.737194021062296 -17.008323572994552 1445.052037647204 110 116 64
61.59785333501292 1.2488197064127868 1469.5434027996819 9 5 6
-17.082077429500327 -39.536841041145735 1444.8936561659907 127 117 107
-10.203482027845538 -39.28000992481649 1462.4255157299933 136 136 139
46.52084463605068 1.9159085678248815 1449.5679467598713 96 93 72
-38.586977987773494 -75.77705060541655 1477.8345145801825 102 96 84
-18.86957676288507 -43.12024363117567 1448.9696589444568 177 162 133
62.02332524013788 10.131989479687052 1453.2968887177967 164 144 113
16.377659072982578 -19.429645203105864 1456.604220376585 126 132 139
-9.053455845025338 -55.65151170025969 1478.4359218319219 154 141 132
-23.845220121263985 -45.02792395948246 1446.3385892093352 174 164 137
15.28067621372774 -22.39896578437546 1454.120385918207 168 179 186
-17.52443093266925 -57.71856175325365 1472.5995052401126 183 172 144
-4.768687338362285 -50.32925293786536 1474.8530536360272 47 38 32
2.020881798453867 -42.37211615111442 1470.0383279627217 145 149 149
-0.8640688649708548 -28.530405907812675 1445.0030024236892 131 115 90
67.48013719831893 3.285065783100275 1470.579228968644 40 36 35
47.063313258490254 0.6020886037762978 1452.1408869978854 25 22 20
57.471824313256 7.364636393067732 1454.6766550726466 104 95 86
-0.5882549290416347 -33.034353669776905 1455.1077194024276 181 192 202
4.715334912047219 -34.00051838794101 1460.5347460420596 147 151 150
49.743788036590594 3.82327133120424 1458.2491833278054 114 113 114
32.7537445984023 -6.63148308134464 1447.5056342380715 106 94 61
-8.061504398943605 -41.62009747804313 1466.1929749866097 152 152 152
19.62930630164089 -16.04249228665411 1451.336234439544 242 250 253
58.94341279531364 11.759212003395492 1447.9723049042464 194 194 186
62.12923630981438 6.103639247807328 1463.2058513591544 149 151 148
-3.7106133769982956 -31.66049801062767 1460.721307371096 133 133 133
-16.26085579914423 -46.96198448457795 1453.5841170186723 162 164 163
79.77028735037733 23.24983575518151 1453.4514061974066 160 143 115
48.50478418041135 6.861650493750085 1443.7456781965827 79 69 66
14.496447689861922 -19.44002935255698 1462.0472152438344 247 252 255
29.058182316246548 -21.224086462675935 1467.8699840086865 178 166 155
-7.504826909285654 -49.733470462853504 1470.943487496338 172 171 167
34.03090508529836 -7.455082747913645 1457.138097322437 152 162 167
-37.899449696341044 -74.01054419435462 1476.1912405839068 84 72 69
33.38576887327065 -7.364489625875657 1449.4555253751441 215 191 166
38.02979154811617 -4.941335972654608 1458.911645632488 208 214 217
-24.670025791815984 -57.53296752039147 1465.3895972335974 191 185 179
-10.726765941406965 -40.10263692444897 1452.784146461435 158 155 146
43.6929823287622 -0.6577127452797598 1450.1604090866094 89 92 58
36.830293954265294 -6.752597901109184 1466.1207432457163 144 158 161
-5.394219581359196 -51.35838040257613 1478.3802662416565 24 24 23
80.76219506323815 15.130226406417552 1468.424617688973 220 218 208
1.6541604040990279 -28.17480238412056 1447.3880711881334 143 125 109
10.144897385515872 -24.032277319408998 1457.974348246043 143 147 150
54.39667383382932 4.9325431156890955 1454.7144122406821 184 179 174
-3.9738297061650245 -32.23552938643984 1459.3660943262937 173 176 177
49.21618429906212 -6.906335033102561 1468.7695541451367 123 122 117
-41.58946358281171 -57.6645174714574 1447.3643981937469 83 81 62
57.542650279135295 10.439914972335924 1448.4022546490585 76 76 47
3.6953889855793984 -24.950589050450795 1444.4546072383525 172 172 166
39.14811339504592 -3.448968031686867 1459.3316815396836 198 215 223
-31.44676352724387 -58.43176265636638 1464.6529826376182 197 202 206
23.444275541600597 -27.991856618823537 1469.725704180281 40 50 26
11.0216528020658 -22.7607015353461 1449.0949874498779 97 101 59
-22.11257245903892 -45.727493402748095 1455.943849688167 55 63 71
-14.831480473461943 -39.87467989085883 1448.0365310358688 186 172 137
-10.007092949217867 -47.572507020696484 1464.8632556691266 200 192 182
42.04270888191323 -1.8897178624538846 1448.988935377706 166 166 166
42.01875549267129 -3.401517569825446 1466.7436996794765 138 151 157
35.40420521287688 -6.632546292451677 1457.8285792528882 150 160 164
-6.509533038863709 -51.518675157511616 1474.0411345754746 33 29 25
38.550797606325865 -5.046730568133044 1463.8410888708368 160 171 173
-19.450921285194106 -47.05374078319494 1462.7572697412745 9 8 11
64.24758413843117 11.795118148098524 1453.6028121760594 63 64 39
-22.687775800048325 -42.83541559943909 1443.8331514131323 87 85 86
-47.19406981731931 -80.95741821896335 1476.339236223337 11 8 7
-9.074424871424807 -39.28705280969576 1453.4617609678735 159 153 114
-23.434678955363147 -56.69419335893879 1465.5066866897664 217 215 210
66.40101020085125 14.18242626374008 1451.9061407865088 230 228 226
-52.96286844511747 -74.75053849699329 1466.5107813604425 33 29 29
-22.93624880024146 -59.762617138181945 1471.5351881110107 26 56 48
63.05210755241106 -4.857554044872105 1476.7656219137773 148 146 146
-3.6262700834721597 -51.33627616971287 1479.8807230796524 129 128 128
64.98694421133308 7.541568241375413 1461.4270911753986 210 206 195
21.74762945127614 -16.189985511743725 1450.4925299946879 212 204 191
-2.9335532919234293 -30.947278490933947 1446.8365368662094 198 180 157
17.519147883296352 -15.97266824723593 1445.4113330786627 233 231 226
71.15192699446534 3.2523969706342055 1474.2190652998484 18 19 14
73.34179992552244 23.502740979849893 1446.0157902313763 165 165 162
54.75781451088592 4.6720823582358895 1454.2339502511086 30 29 27
-17.05422706840733 -52.86732977985431 1465.51449940265 199 196 189
49.142341080569295 3.775838713093969 1458.416304052573 249 249 247
45.80099958643898 4.50420267691706 1444.1590491533598 55 56 58
3.505239838434751 -27.48704633941903 1448.4481046060585 63 67 45
38.022698015665 -5.709506950781058 1465.354738737096 154 164 165
41.10673107522768 -1.7328164649478397 1461.931366840878 95 103 114
-15.895560653465466 -43.84831354679959 1453.3295873608467 69 70 67
-24.389766431826835 -62.40750840833842 1476.4239983548453 153 169 159
-18.558276527905456 -43.066780354881466 1449.3651315589584 211 197 167
31.83124019765846 -9.182129117217963 1458.4398746948978 136 147 150
-51.797402564193696 -56.07162702025654 1450.113842613317 125 128 122
42.64602279482169 -1.328352854702154 1461.9007402356724 130 135 138
-8.701928496674208 -35.21792426791579 1447.4900209425714 195 174 133
-39.06008686180759 -58.20176868500213 1451.2871616006441 93 80 73
37.9825148281673 -5.322573623313653 1463.4052045461085 159 170 171
47.09500699018233 2.093749949881213 1449.9692843753903 105 96 61
-8.723978905369945 -50.23415548416981 1469.9270070641528 209 217 214
36.875209874526135 -12.4214997328225 1462.6317855910656 237 237 239
-30.978807174790575 -55.98493308749355 1461.4739154423828 56 52 51
-9.234932501268641 -48.76590837371689 1467.2709172011905 78 88 56
-45.94925879600047 -81.77098660441942 1478.9888950196396 14 12 13
-8.993732981478846 -50.26581567587454 1469.7226149384428 68 70 30
-21.938896849995867 -46.08346889652673 1450.6636848385695 191 172 129
-19.05404660390121 -54.121241035683155 1465.65499349907 32 38 14
29.99157922118481 -10.662631594018178 1459.9383833955333 30 37 43
-6.26024879783929 -35.49282794318251 1450.6591968062437 171 147 119
73.98597199959309 4.332870066892562 1473.9408199782074 97 95 96
67.77519138200819 13.111082576140182 1454.7096056917576 72 72 74
-10.48578624011378 -35.77187082355744 1446.1170319314917 120 104 79
-17.598748647906437 -40.72242059828725 1446.2679535120546 98 86 62
-20.550439659590065 -46.920198783824986 1453.2110425647004 101 101 101
49.45208292622995 2.9804460585214008 1451.0251465001018 157 147 113
-25.167353753810975 -46.570921588620365 1447.6012846536405 195 181 141
-22.123530769019045 -43.88349360942165 1446.3428067669165 108 101 74
-5.515219360671808 -51.88235614722645 1479.1582275055373 30 32 31
-5.382203934884778 -31.469050896387472 1444.9286794147604 171 161 135
-5.362701686360509 -33.29504701437447 1458.8948424756509 146 146 146
-25.24105495027901 -46.18598308961068 1447.039106193075 81 70 46
51.92576713191171 -10.353903622181004 1474.446509425159 97 97 95
34.978635096160154 -7.315326289165336 1462.269015396223 127 137 141
53.97758797450713 6.568381989685849 1450.3229441037718 103 94 59
36.00619904714727 -3.8751395570982132 1446.8045410494287 156 147 142
54.816560921953275 6.177955031616647 1451.9786864540274 152 152 151
28.43725065375201 -11.592562866290816 1459.6807662831036 166 177 183
65.12804581273706 12.166886004478874 1453.800157097276 62 64 47
46.92404376963383 -5.903021733181112 1461.5673263703798 153 154 158
-24.778825314842976 -44.17252166289785 1443.8268286855186 83 85 90
65.20144092221982 12.485980014503184 1453.3851002862348 33 48 23
-11.187014441409245 -40.3820906586098 1460.9120559419353 166 166 166
-20.999891601012294 -61.018850586174196 1478.9841431086404 183 191 199
43.64062138903434 -0.7573290357315949 1450.2310844971646 92 89 67
-8.181996103645567 -49.46275976772512 1469.4649650735064 53 52 46
-9.397534103347375 -55.63192809974326 1477.477183985054 165 154 152
5.400068410068246 -26.062324057310594 1448.0297911260843 66 54 47
-4.527827932873326 -33.281145632707364 1448.9471125149535 200 183 164
3.3522067216545715 -32.72862864258743 1456.1404032447076 174 157 138
-50.1228197334841 -62.20834090160137 1445.3558472327338 72 57 56
36.351015202498814 -6.579711473668741 1464.0086914196565 150 161 163
52.77826500010237 3.464650499090564 1453.9855918904307 72 68 69
54.412389170918686 6.712703098455621 1450.652803549705 57 55 32
-38.65559965261436 -76.01747435357254 1478.146542650936 202 198 196
66.88612153023148 10.02027573226025 1458.7407460980737 65 82 21
35.5147309549731 -6.853342415303167 1459.5981929943762 55 64 74
-28.685617249650523 -46.86745831210751 1443.9276866155697 66 70 45
36.86156647008069 -6.009799677110066 1460.2251702080864 113 124 130
-12.789861726723599 -59.03451425244101 1479.2496719811033 192 182 183
1.5481902870600217 -26.513366809667552 1444.5676832785045 98 89 63
67.82743810668423 -1.3895656092490059 1476.267151772329 128 112 113
36.232152530995855 -7.313715238380544 1466.700240246672 147 158 162
84.55357673359015 12.999947107304246 1475.114329290126 202 202 198
4.053420655841674 -27.014278936809816 1448.4593015468984 148 141 131
-30.420582532071563 -66.1107160807723 1472.1736490077326 61 54 48
55.858401424963546 6.762115796933458 1452.1405187599958 30 29 27
62.19892025035521 16.27727750770408 1444.4363810097939 73 72 70
-10.747085049201532 -43.696861276407866 1460.5926817281998 94 125 173
-6.269649010824806 -35.44979721735498 1450.6560704491853 145 119 92
-11.207645349872855 -56.136194016011245 1476.3618877311135 80 72 61
16.915280383424474 -32.876361434919644 1470.42392454226 83 85 71
-38.8507642691329 -63.03263200510867 1465.0757571680604 92 89 90
11.783149963556372 -22.909998939669112 1450.496519066945 49 47 32
65.5095215371586 15.702120355398897 1448.579831196639 123 122 118
67.59538339589298 13.335889437944386 1454.1992714979374 82 82 83
-20.236122066233214 -46.69669947852782 1453.1662765520718 38 37 33
-9.638866002637746 -43.25993852614739 1464.6280478715046 79 78 76
-39.91713130269527 -62.604271096786576 1462.9561765442575 205 208 210
36.65549288450567 -5.798135726852846 1457.8161916540544 152 163 166
-33.588201330710596 -52.36038425888056 1447.7791441392812 178 180 175
33.91826354886869 -7.654370374351906 1457.9853682232756 147 158 160
81.19555471193512 18.595233579405946 1461.2488868782912 42 51 27
22.178821266125542 -12.258523283294219 1444.5625214234835 203 197 187
0.8847326106581357 -26.562798537478283 1443.7866594602606 226 219 209
74.25928959329948 3.695494281620782 1475.2331326782169 183 174 169
-8.551306761387456 -45.086481476332665 1463.3859975945666 160 162 161
-8.994425564588871 -38.24514351976449 1452.0343884119409 132 122 79
-40.71204895241919 -61.000568818699485 1459.820329363664 219 223 222
-8.745561314973141 -40.26985513644764 1456.2937847078006 37 72 161
43.85445418942088 -1.3109802727389208 1451.2874894088234 209 199 188
51.336850843613824 7.519712289090976 1446.2448702589309 92 98 67
5.107000908276306 -33.91697236490172 1460.021009281672 38 38 30
-9.781133996265329 -55.76522385998124 1477.3470324210316 141 129 120
55.51401808567158 11.481631334201653 1444.4491994556709 231 228 223
-22.125633769718977 -45.081012220488226 1448.6887147588334 135 122 101
51.477472142482014 -8.734399940174752 1469.8954246515912 54 49 43
-17.917568374195003 -43.09039012451041 1450.073341086073 206 192 160
-5.582132003477973 -33.67209758028771 1458.0278514043766 129 129 130
-2.567774564729929 -31.62984511350418 1458.1294066299013 135 135 135
-10.733926703381202 -57.77611835939215 1479.0234034241905 166 164 165
-30.623865708386784 -66.176747771404 1471.9539744444335 142 143 145
-3.8075584916529746 -30.759613334056336 1461.858229035616 211 204 195
38.8786378130685 -4.495537318070749 1451.0075952785994 96 80 53
8.500648471821632 -39.0771967690279 1475.8891525650884 41 44 31
-14.854795058632558 -57.7560564541316 1475.216030689504 48 43 43
-10.511197298484024 -39.90472865786091 1461.0428080781876 155 155 155
-11.673468248973897 -36.398503917577386 1449.354680568878 54 61 71
36.67252330203611 -6.147637772587065 1463.139291518551 144 153 160
32.62710931348679 -8.387189260087476 1456.8729450466458 151 162 164
-3.3170813058642814 -32.31389978440995 1448.5962410464633 209 203 192
34.18129225280201 -7.385349338145027 1457.2721080278668 150 162 162
-3.1875701609723084 -31.810872668261005 1458.9921883732386 122 123 125
19.71315239424671 -15.18214266817574 1449.8843982061778 21 40 49
64.51622258697334 11.145933346202945 1454.7264299778162 113 103 71
-23.99650802319827 -46.109221365325595 1448.1846669236727 205 205 197
65.67873418447044 7.981845856645383 1461.2627689409112 135 135 134
-29.879768915841034 -47.70858742894014 1444.0545920393463 202 202 200
62.078490331134724 16.130304259362553 1444.546427115078 206 198 187
68.15269617971981 3.1182648521874374 1474.8294229892415 68 67 73
40.31775075787679 -6.039564721257298 1455.0983556377832 119 119 117
-8.151434073833947 -35.97121382294341 1449.4202200269933 122 114 73
66.59792974434704 9.912732034006362 1458.722832882167 144 134 122
54.06119899702059 10.448351698614548 1444.4748856139158 219 212 202
48.119227382193976 3.386658690373095 1449.1162946688075 104 94 58
-3.727170043323794 -29.793305165827054 1443.8440667255325 221 214 200
-2.834726275010365 -32.25668382498058 1449.1480579532256 77 77 54
-14.580049505886231 -40.52172839879246 1449.4794129161794 136 123 85
-27.487151137656554 -58.64046052702114 1464.1340011492032 197 196 193
37.19544196651229 -13.236951108814948 1465.1113827104714 161 162 164
-18.47170776276601 -53.57418965380179 1465.3216208167753 202 199 194
-43.587521263194745 -66.54453895424298 1467.6561170153832 31 27 28
41.346415383023924 -3.88085818130788 1466.9018510426508 116 124 131
-40.47570939874049 -59.93152302995045 1458.4040446519975 56 55 51
-36.88659470069433 -57.55818545407428 1452.5107117595237 88 88 88
-19.157187479759692 -40.506500977049384 1444.30662111313 119 115 112
-17.809936919398833 -45.709002261961636 1454.564810386797 17 17 17
-8.98281972096745 -56.77311068770315 1479.5142978544668 61 53 51
65.72410138592151 15.427885277812114 1449.2680488296562 91 72 69
-8.150983148653625 -36.58801683385444 1450.4143525398467 197 177 139
82.81756994896446 21.779352542675458 1459.3726897220008 51 53 25
36.793762676185096 -6.138560753181326 1463.3667034734788 54 63 70
-36.16317447188423 -77.35173763235248 1482.4883017707089 29 32 31
12.201685911495197 -20.122310011237204 1446.0651483110116 223 224 218
-12.607597519718022 -37.19643871690546 1449.4608947070549 241 246 249
57.18642103593945 7.034905401377986 1454.5806417272095 98 86 77
-2.30479083232043 -34.389230882899575 1453.3769887916703 139 140 142
36.56121612994832 -5.948767566206407 1458.3777325451963 129 136 144
50.39180588362665 3.083277795450779 1458.0264936621545 17 20 22
31.46498080776602 -9.477902221215817 1458.7211772526884 141 153 158
3.359615913406566 -25.25718793214315 1444.091148882188 65 54 48
6.427298952338258 -28.151802328017837 1453.1352020307545 188 182 165
2.065668392197839 -26.232204697100237 1444.6040226471396 120 124 92
-12.89239677208443 -36.82725778897804 1445.1401912234019 88 77 71
49.5667932979367 3.71209366483869 1458.149790330633 196 197 198
56.6141628763396 12.19860176473607 1444.1599836094235 77 75 72
50.533838133515815 6.5690857391355335 1446.866593989726 101 101 66
7.646964974087934 -24.703439521486274 1448.4664126800903 168 159 149
3.268722049255612 -30.996798188639854 1453.72869263702 85 91 33
-50.018710519442095 -62.183505480016905 1445.4446378329176 131 131 133
50.14881002696981 3.0725032796554346 1457.7203279636474 194 195 193
-7.637689634028895 -34.71770368700047 1459.1555205779523 136 136 137
48.722837599967676 5.591283015718245 1446.1965943656535 66 70 45
34.83483351539082 -18.058705711967846 1467.8657844901459 150 139 118
65.23160308748709 11.538923170016313 1454.8847311370475 66 69 44
-8.323824172089184 -56.015951092123 1479.250038353958 196 184 165
52.71720547204018 -12.09389488924127 1476.4072406871119 16 14 12
39.59074703056981 -4.332229945508427 1463.8249486381565 154 165 169
38.07226968421834 -4.72711468476395 1457.2859521812168 92 103 109
56.42295102908502 11.095456667539628 1446.1287371736282 193 192 180
40.85192314484434 -1.3944881678234926 1461.1859617175783 149 156 162
-49.349151784822844 -59.27013221562212 1446.9502516686125 62 73 68
-1.4740146700512584 -29.79578797400378 1446.6072769418936 179 172 156
5.126588054400633 -43.224370270334425 1472.7607396149335 61 54 47
3.3397277680759094 -25.307660410917233 1444.6539329724424 99 88 60
36.018132859226256 -6.600267754803569 1461.1254405019201 125 138 141
-19.29202447496293 -46.452922461605496 1461.7687638278078 27 31 38
49.99581984444202 5.057728259724712 1448.4563270445826 73 68 39
-15.27322227763979 -51.32140987357731 1465.2029097847887 84 80 35
-11.600511481154774 -57.57905183755839 1478.386261554959 113 107 94
49.63494899950087 2.09908616151037 1452.621284797292 58 52 52
10.943419320999867 -23.88509446090744 1450.9204430990667 189 171 141
-38.966537115739484 -73.42280250461643 1474.270795748971 184 180 178
-23.11262035447613 -48.77665886359925 1454.631271855735 13 14 16
-35.345482766276746 -51.984889354807365 1444.4513027627606 26 21 21
-3.949147422343943 -30.850335517972194 1462.2504550008734 239 243 246
-43.60274027638186 -57.552004378750816 1444.3793131640907 59 60 62
-8.590821793220293 -34.5399111234974 1446.3228018328857 102 98 71
79.9366658164423 16.242520786776378 1463.1990113158076 169 165 163
-27.41573732944207 -46.012181863441675 1443.8770503397109 58 57 58
40.17331225129011 -2.341670441003795 1462.2584380154929 169 183 186
80.76692425326586 14.971133184797702 1468.9077592033398 221 223 216
66.54054480160488 10.048283458398897 1458.4147694659828 83 81 65
36.49910195757321 -6.150163055595979 1459.3957958937654 122 132 134
49.397129690968676 7.043447036880132 1444.143109844615 51 52 54
-19.72955229590339 -43.610176033199224 1448.9200648540423 190 174 145
86.121724432602 16.491070625461884 1470.2263477669048 74 74 46
6.419281707091246 -28.408441719961214 1453.3501144880577 203 192 177
-26.76033995697812 -65.08801910759355 1474.0424100402622 167 168 170
27.618355732076697 -22.435953342323756 1465.8494596713958 79 60 55
-24.670025791815984 -57.53296752039147 1465.3895972335974 191 185 179
-10.983641108048934 -44.329724682127264 1462.9796381619153 198 198 198
-9.16954464439065 -43.075299055668616 1465.7926288749793 24 24 24
-7.221686573375119 -50.72199677475028 1472.208891071652 46 42 38
37.12209166959325 -5.4130534151906575 1457.519298661783 140 149 154
-46.95005774061133 -75.05162709709083 1473.3841201165228 33 27 27
60.60277032061595 14.931230888403332 1444.6540161654502 145 144 142
32.60736059905452 -11.680709932106842 1462.0339639783251 218 223 219
-6.824542668018688 -33.86668266076744 1447.275625124311 138 128 92
6.57003179289653 -38.371580325687496 1467.981331578214 166 146 122
52.225561937335314 -10.813493236298717 1474.1167087258464 122 122 121
87.64518952193295 14.080015258231944 1474.8189093868314 188 187 182
35.91422447444557 -7.3430863803280815 1465.9814847088003 156 167 173
-32.868472015119174 -51.13570049871902 1446.3003861448583 73 72 70
-8.833774258093051 -48.89073384302693 1467.9633108904452 99 94 86
67.05874618124226 8.796908343618542 1461.270478872079 205 202 196
38.22157030541991 -5.928031874850316 1466.5067462991387 151 161 163
-7.535070929314258 -34.379344611667236 1447.3398535891479 191 177 143
-42.644899883911094 -61.155187703546154 1452.116804578077 55 43 39
-14.700743316508575 -43.95903363432736 1454.7685563324178 218 220 221
-4.755995504042893 -33.44648795115194 1456.9125723340187 139 140 140
-4.218755296736252 -31.073315837968412 1461.4316967863979 33 24 27
13.783067838250133 -32.21223346098477 1466.4206265637733 205 202 197
-33.77867968500041 -51.73219892573427 1446.3801156607628 88 83 77
0.29913698254307347 -46.54037136542613 1474.3311692199968 109 99 98
-3.634237583492995 -32.508122178740166 1456.1508208140726 134 111 103
-47.92543394738367 -61.466511690677955 1446.3905078532632 190 200 199
-29.042119588779993 -47.16886067624812 1444.1696482298914 100 81 74
33.863575325726714 -17.276880810168656 1464.8044043807672 158 156 157
14.391445648058191 -33.146718766215066 1468.3848456973037 78 83 105
36.99720470714703 -6.071268143746871 1463.722030642762 156 167 169
12.766396652811482 -21.76465054104091 1459.6302090230972 84 87 93
-47.33462618190867 -57.750377849235704 1452.1517099977564 152 160 153
39.738026663971304 -4.67401682395189 1465.5164662053846 154 168 173
-38.02978663539691 -54.71811348873116 1446.3539457204747 81 76 72
-9.150384906673363 -38.768046026725045 1461.7119266597083 139 141 140
21.34018481487063 -30.997118522675333 1471.9554746763238 60 62 47
70.54535441154144 3.5876071574236694 1472.4246256797537 242 214 220
-18.784491088029547 -42.637261220138356 1448.3663915373606 98 81 62
-9.243563787302874 -43.491012367461266 1465.7176700284697 130 129 129
13.370129430151254 -17.873205561183767 1443.6872593382516 123 130 80
41.200489584841584 -1.8495875527342382 1462.2290179291947 165 169 174
-21.91943182459331 -44.708791020899525 1448.3168274180039 72 68 31
-38.467450005518444 -58.668344658024516 1452.7206802449678 125 126 128
-24.48571086022604 -57.352523187542296 1465.356833600498 36 32 35
-11.022419430223893 -38.444499531264235 1451.9954261689793 29 48 46
36.304721409181795 -6.018495236488053 1457.6499051160665 144 151 157
51.87099298296314 2.7073699069555106 1454.0265603320931 18 14 15
-14.691303147513043 -59.759154227467775 1478.6981929205008 58 53 50
38.94397688506924 -5.318618235679547 1466.083598697884 167 177 179
-51.04260839492006 -55.679275466543096 1453.2913272699723 40 50 34
53.94149866237154 6.505763566874996 1450.4595950171174 158 142 109
11.027267178667126 -22.9110310875454 1449.3990795802597 187 177 158
64.46461929799221 -4.209877930407388 1476.7159889704164 148 142 141
-5.649454291815651 -34.18346546816055 1449.1006594256585 184 180 164
22.957694445601597 -28.25645097380219 1469.6401158242554 21 40 13
-3.165970966237556 -31.86309731234293 1458.7561081983047 140 140 142
37.86833057662981 -5.706411639855597 1464.568157523033 137 144 150
-9.98344979686847 -47.13184064054714 1464.0679166735108 193 192 188
42.77865635896761 -2.607146360882616 1465.6134048635129 155 169 172
-8.877802173513013 -33.30281775282002 1443.8405189694063 216 211 206
-38.91600242050218 -63.028455519588924 1464.9144371364666 85 85 82
12.353410276261734 -21.83253861620155 1462.2700197074064 58 59 63
-12.121847816130739 -42.7083336683959 1455.4867737230927 177 159 113
-35.834643647091994 -51.74518271097984 1443.994568311225 155 154 148
-28.628988038796344 -48.74063096958421 1447.09780791778 196 195 188
33.13553704443824 -8.257496306080236 1458.2796058138167 137 150 153
55.35474694442048 4.968559647420934 1459.8625992268592 112 117 123
32.279015843542005 -8.630205073168518 1457.0020960932293 151 161 165
-33.185629614605816 -54.07108383430948 1450.816462349951 141 140 135
8.05597487406044 -25.577264559435374 1456.1125194348033 100 105 113
-5.662253716742217 -31.498954064028656 1444.5678341490632 85 87 49
-41.85492868392118 -57.316537457203204 1446.316322493392 153 150 145
45.84712825557913 -0.23739363781048645 1452.1041081545661 53 46 42
-9.977092767477261 -40.535097967150186 1455.7785047761718 16 14 20
36.35104413736654 -17.728051258132233 1468.0565062358871 85 85 67
68.38104722418117 12.116793434408965 1456.78786991965 199 194 190
22.19142846072786 -17.58635593888598 1453.1445946133836 205 194 186
42.86937848962856 1.1528743810199218 1446.5560096652143 78 82 56
22.244162794284797 -12.136256461523772 1444.457009166469 64 53 43
81.13169413716336 19.2762262230333 1460.2223938938507 161 157 148
6.907225965448575 -24.181944803389843 1446.6773483891143 146 129 114
-13.613325662660433 -57.17741766688062 1475.7101199267363 58 51 45
71.06801419380224 -1.1638805729942288 1479.472470416734 35 29 29
-8.458598042198268 -48.35293367065085 1468.0106783583449 149 148 145
57.57929955834979 -0.45006209951442044 1469.1518507812089 190 191 193
32.35098114468891 -8.66723221177527 1457.4331608726209 146 157 162
55.826544465317845 3.3980553988161537 1463.042809191669 25 26 28
-19.507384414304113 -41.33061862812616 1445.119514840542 124 116 114
15.313987175922925 -20.302655922825984 1449.8682387236029 90 86 57
-19.800374162401226 -41.313453214211975 1444.7447783967887 187 186 185
-7.266755631723839 -51.63409963614739 1473.5132938127913 62 66 50
-49.14709988363198 -59.72197299962668 1446.6241195698901 72 76 70
77.9525631794108 19.01374676619043 1456.8843791541576 198 197 195
-1.1720678481628801 -30.433971563759023 1458.9665050903152 151 151 149
37.70460723354624 -5.282787216373511 1459.2169085579035 137 147 149
51.41245669431021 8.813553796008472 1443.7978252009748 197 193 184
38.283760711327865 -5.039446264453236 1462.9826427800479 124 136 142
-28.43179217997737 -48.80762098387691 1447.4930588584293 56 60 27
35.494377755158865 -6.957337889478947 1461.7764293394284 51 64 70
58.48096024962657 13.572426083265572 1444.1157391609938 139 139 137
60.70254497407253 0.2986116234939351 1470.3921941803346 180 183 188
45.522258392336475 0.5162721554090798 1450.529627400243 213 206 193
64.62281768779766 16.62807954481039 1446.4930323337737 220 212 206
-22.15762700458633 -59.915108796562926 1471.381822985772 67 66 63
-9.445755100158923 -54.26509948357471 1475.3184680763377 159 151 147
31.786556684130755 -9.053578937790325 1457.4483205828012 149 159 161
58.89658801115463 12.897556195016287 1446.213690812009 44 46 34
5.6071350874850525 -31.22975061699001 1456.4485271683307 200 171 130
-16.462501467969723 -38.960358440859004 1444.927627693641 199 201 200
-27.45509786476494 -49.757400808903185 1450.1958824492071 41 36 15
63.05075670708106 6.702139888008383 1459.7765002063243 82 77 66
70.78733891743877 3.453245854870004 1472.7180275841379 16 15 13
-41.16756294408442 -55.60197696051122 1444.541997258916 73 66 62
64.97618317130683 12.902191188471955 1452.61074954758 199 198 187
17.238932125713813 -19.375327981283764 1463.1418141575718 103 104 106
58.78094189510889 -8.299569667767088 1476.87653990125 43 39 37
-13.614471458563798 -60.699641931958645 1479.4144884740297 77 68 69
58.73443710438284 11.292343262496908 1448.460004669064 176 181 174
2.0277393391008354 -27.391328652995497 1446.568172988849 79 80 59
-32.142075927176464 -49.66932081039574 1444.6729518570112 189 190 185
-7.7469143724009095 -41.337902530062806 1465.1932355228769 205 204 202
66.07428521638701 11.110198438718191 1456.3109292072575 66 91 34
-14.153706262522439 -38.32422728621454 1446.2628564132237 59 61 41
-3.1182749933385536 -30.695264666634447 1446.1491601540674 94 88 68
-17.40491370856826 -43.71481025812083 1451.6037277810979 121 109 94
24.05315099514292 -25.686316105960145 1466.8581890073847 62 74 26
36.0918831417999 -6.547370021530921 1461.695588988018 125 137 143
13.535529987184718 -23.76123611835917 1453.6305986422933 128 120 122
43.06169179757198 0.4329650774938953 1447.9505185163239 71 70 44
59.12171393052864 11.644135558920889 1448.3092628615436 72 62 56
65.2618752716385 10.13000366343597 1456.8689947789815 52 55 26
-28.419850222478672 -48.81776269289404 1447.4830747707324 40 41 20
30.369032997541815 -10.256018805865017 1459.0342569962581 133 147 150
65.93897275443855 14.986374537321488 1450.0086424524618 197 193 184
-17.650125732954596 -42.68297495756594 1449.7165244598975 123 113 77
50.95417400085104 4.382447002694987 1450.367657388966 224 218 207
36.20174423473128 -6.157884288239537 1458.235577140024 141 151 153
48.52297364483899 0.9365319559767082 1456.0549408791576 189 191 189
-28.626353055583746 -47.614077409813085 1445.2744485801447 188 188 186
45.94024228133159 -6.274043972757751 1463.6229482947374 122 123 125
64.27522594544523 11.930520195226435 1453.2769992164674 47 47 22
40.456136860980024 -1.5591971344007372 1461.3039266570495 150 158 166
69.88915079223553 10.005662320430627 1461.5387020408455 208 205 196
-8.13278094340899 -34.55086793940759 1446.8703010007262 105 92 64
-36.28502130717135 -53.63897604910313 1446.448396678743 125 127 126
77.35874448087576 24.45921353431725 1448.7292956566848 139 136 104
67.60098526945607 13.221448057845935 1454.2986549184498 208 199 191
38.21742783605242 -5.2915385313374 1463.9857388858586 154 168 168
-14.80151043180481 -43.939343394835575 1454.72154027122 59 57 52
52.825631140130156 3.473287630792564 1454.0593214914543 43 41 42
28.041345626697556 -21.59872961538788 1464.942936424213 232 213 199
74.91319813067689 22.128598101993017 1449.4866713994438 176 169 158
19.00245800254941 -19.870166807864038 1464.8357405912839 129 132 133
-27.271173451990002 -64.75863750348393 1473.0444289672353 38 37 32
66.27357389292145 8.23822303888614 1460.599423870861 167 157 148
16.363844187163316 -33.74704761126548 1471.173286724677 81 74 64
-14.264742858448969 -37.38991529870171 1444.0868593196867 155 151 148
79.82819947907274 15.966840921426009 1463.5339948481312 70 71 72
-3.2851344094547557 -31.104549419487558 1446.475879066952 158 142 108
1.8209425495352136 -40.796652940332486 1471.1662286319788 236 232 232
-19.429633929800247 -46.29187839761232 1461.9117232503183 225 228 234
-25.99903011471499 -48.85269398270559 1450.6196031145928 137 125 90
-17.44866350967219 -42.72397098641007 1456.4478765354702 71 77 88
30.06281194958503 -10.480850710987562 1458.8712592521933 118 122 130
53.0239375419508 4.752282118009356 1452.212257886832 41 38 33
70.58893659674823 2.710549844793548 1473.8343776484135 32 31 34
36.04033579395782 -6.5829188446717195 1462.1195507013094 126 137 143
60.46811905268131 6.427937840950304 1459.849802316219 145 142 142
-32.969885846649326 -54.3617053217263 1457.3084330034674 223 222 218
2.457238928053709 -27.314143484588094 1446.9464638396753 160 153 139
10.735714934908168 -26.50375769096957 1455.079741413034 147 142 131
27.899718476943026 -12.030421507622773 1459.6105428405017 144 158 161
72.65408266559396 6.020451862512769 1470.0905547765499 189 180 173
-40.3743704310127 -56.293664900588844 1446.2710222703513 168 168 166
60.64240501484711 14.723205544619399 1445.1722843951495 185 181 172
36.38593182775874 -6.834958380687954 1465.2768115957083 141 150 155
41.34005953207435 -1.5710498896420901 1461.7528452906383 145 153 157
-11.532261442272583 -40.79234584126925 1453.2894595603732 193 165 129
-50.45512414795828 -67.88534796136688 1460.331886669418 155 150 148
84.86732320497691 17.56913114316587 1467.720725365835 113 106 56
-18.11126969069405 -41.364892018256185 1446.9125361482984 87 75 41
58.759634753294705 -2.0155486646856744 1469.0729198798324 29 29 37
11.26131129130088 -22.74927317258025 1460.0192592536919 77 82 88
-9.328062837477614 -39.09176680193908 1461.0206546738116 139 139 141
-36.15071739964401 -71.11774043370016 1473.8432009885012 154 138 122
8.706203827640131 -21.545182491581148 1444.1681584835412 61 39 23
50.555398187175705 3.3753714852377548 1451.6439143286366 109 103 86
-21.63599562697578 -43.905879103327926 1447.1363401070653 180 171 138
10.265548612645846 -21.521198359658833 1446.2159782749259 38 42 17
12.151818427793213 -22.186556639163218 1449.62572060412 129 122 93
-48.59656987960154 -67.71897045611799 1462.4802150999235 28 29 33
67.0348879054885 9.865281872291028 1459.0874883275912 52 64 19
-44.61958202309095 -59.13054336625772 1446.5895393013716 65 68 49
41.57614658627868 -3.275986410954109 1465.0980362262173 150 160 162
-12.820809411321333 -36.763932242116624 1445.2098553378553 214 209 201
42.51081560735131 -0.5359535349505171 1449.755655190064 138 135 130
26.17637256336503 -13.035395461919105 1458.7469132044641 137 148 151
35.97702616361402 -6.368003651325455 1458.5337626705223 155 166 168
-14.49809641490928 -60.065415680257495 1479.1535898639897 135 130 131
60.754877998775164 1.725792235253175 1469.796751479933 145 149 153
33.99116896446369 -7.925099450947219 1459.9206081662746 32 35 39
36.15438969099158 -6.494298832351803 1462.5509099208798 119 132 140
2.2806848106555155 -42.51506311581066 1469.937298376255 29 31 15
-34.42208852436414 -51.19263726997308 1444.6301222969373 191 188 181
41.27133501239416 -1.511615170574929 1461.5914175428065 97 103 115
-21.519676076576896 -43.47740211723256 1446.2795796384123 89 76 56
77.82656892163342 23.8115728233167 1450.4700916060026 76 78 51
-7.119943091498638 -50.118131502533714 1471.6276917956718 172 172 170
19.278589685468372 -37.071815240785895 1478.7636548878784 151 134 119
-26.156127214642666 -65.43543921906249 1475.1469037188965 78 78 78
37.17485815313387 -5.654958726748153 1459.2376564358208 114 122 133
-16.258896349282622 -40.061629742579086 1446.733484781809 97 85 47
-5.333924387711635 -32.578597786939106 1446.7813412062008 71 71 37
14.046888063879063 -18.14788285016896 1444.9087057277852 201 205 197
11.3851238368537 -38.706223528545365 1474.1930512274723 116 174 175
52.328900852960544 4.2609384393907455 1452.3086810214297 175 172 163
-41.065083442772455 -55.213728229609636 1443.9554655948732 123 114 105
40.773948362420846 -2.7604813039475764 1456.1112423897177 210 220 222
11.630177246223553 -20.511292867651413 1446.141968102587 46 44 17
-8.929427622360778 -41.97185554257112 1466.0453518179816 141 141 140
50.48833079734391 5.6158054893020575 1448.0093236639686 229 222 211
41.60672254601378 -0.4404204235419479 1449.9112190907397 36 41 47
0.10563898228922379 -29.154339773607017 1460.2887723085616 124 124 124
-26.84839214621951 -47.58937014816407 1447.4184812945398 77 66 34
51.73185612347556 4.8464411524349105 1450.586737435685 69 65 50
34.07429678959543 -7.539973920357482 1457.8304434754232 147 157 159
56.939941514071926 4.156489543385564 1463.3364702552099 241 245 248
49.7178947532967 5.905499009137284 1446.85590262238 84 83 65
-9.461402455710447 -40.83810415819032 1464.0599494394194 84 84 82
15.452286129733514 -20.296366395806917 1450.064891494347 81 73 54
-19.98051380513756 -44.73482145159154 1450.6786316524333 128 108 82
-22.042041417753424 -47.46297644780439 1453.3521952687952 138 138 140
-26.065613234211128 -48.94973849301741 1461.2144607380555 182 176 173
-22.347005503321903 -59.720706695622304 1470.9451898542225 201 202 201
-27.021380063705973 -48.761034045612476 1449.262085725655 169 147 100
5.881703727754951 -26.342538921798077 1455.6986011502522 120 131 62
15.329454855556769 -20.11985978328166 1449.6694100734042 82 73 45
-33.936440607054294 -70.78131981371293 1475.4330225738297 73 66 48
-10.289814771600149 -39.40476399923318 1462.2680200946 163 164 168
69.54611460825896 5.687106359284987 1467.7785358451697 186 185 183
13.695183040448796 -19.748799429153465 1447.2249532051555 107 105 66
-10.070479270832145 -40.02676719310939 1459.6704146601908 160 160 160
49.289240301158095 5.99382014746806 1446.1855602613462 51 60 36
-47.64026154985473 -62.86702503810895 1457.4952054795278 182 154 156
38.233742598773 -6.029972607657002 1467.0537895562722 44 49 54
-33.96077741115372 -50.665395844408124 1444.4626153871104 52 45 40
71.38878017727723 8.125978458953542 1466.1221113643599 66 67 71
51.788302802991 -9.67868899699422 1472.1408362705129 129 129 129
-12.753761030270901 -56.49188662352169 1477.3545861691794 148 139 137
-2.3583918672105466 -30.624841041780144 1461.0637315028973 160 162 159
52.96082795533534 8.625151095046155 1446.187306999591 98 96 74
39.11301832699858 -4.768609043938402 1464.2590671860896 153 164 166
-40.57829725193128 -59.89149265363268 1458.2477471692985 200 197 192
66.03241702202236 8.094500085209297 1460.580454264835 215 215 207
53.55296560899781 5.249297147074723 1453.0014202262205 43 37 36
37.673205892459436 -5.413771471091961 1459.9435376737288 136 145 148
68.53303143195053 6.446683756568692 1465.5843306055824 83 79 78
88.15662529681718 15.096154010671825 1475.0069424084923 15 13 14
-48.97819447783973 -80.21240337357249 1473.3896509152657 102 95 95
51.32618394055174 3.6213102505717107 1452.1017124833998 96 87 82
58.08798890686771 -8.634475706802759 1476.5037440151061 73 69 66
84.29789815507988 14.524377597376953 1470.4385007899125 93 102 58
66.93887840270146 4.285209471522931 1467.2116898457323 21 18 18
-27.203884172376515 -60.74314571359316 1468.9548077575653 26 20 19
49.35372569101017 3.373550403477327 1459.0780066717496 234 236 233
-45.056675185353704 -63.193895532285524 1453.1613452935976 29 30 21
12.450975627657446 -19.910772635044243 1446.0714538594602 234 235 230
-32.762080849586326 -62.48728263274258 1470.0018632549707 218 224 225
17.31407563701274 -30.57803112413001 1467.530930654685 136 126 114
67.37767343576591 13.521692784812984 1453.694871552257 214 210 208
-7.616977244027242 -35.497915464962546 1449.2395193719826 104 88 47
-10.082783850055806 -34.15235407628136 1443.869271417843 202 198 189
62.04632677026393 6.571238859033923 1459.0037595908914 25 24 19
68.59793066264733 4.206527181203249 1472.644930766815 38 38 38
7.541902556342767 -23.59425574070921 1446.4503797157865 131 122 113
56.17315975306628 5.904084582968152 1459.9565359541755 22 23 25
1.4444473452144149 -28.204641054360746 1447.1937002376012 43 43 26
-21.122038223982457 -43.92751902012179 1447.8973551376225 102 90 66
0.14123163034391392 -27.31618874802426 1443.9369814010672 229 219 207
37.03409257666079 -7.8888371717477925 1455.9485394078606 195 209 215
50.53799837083763 6.8127236122282255 1446.3735087813236 75 78 49
59.21673400272748 -2.0086309582376445 1469.1383517886925 211 212 214
14.75999444248435 -16.981513598662136 1443.9643520112581 207 203 194
-8.15354219347261 -35.01151521261264 1459.4132739676058 128 128 130
51.629697503981085 5.544737798233476 1449.3749418236594 101 95 58
37.76495134494972 -5.949660974413845 1465.3920011681357 157 169 172
39.46860139539269 -4.682162772058073 1464.82391324336 161 172 175
65.18060208596485 12.353151239175231 1453.6351393028908 49 53 34
41.85790343986461 -3.5461260347493333 1466.9105789791345 136 149 155
50.28559448293221 -8.560634870601222 1469.6429694977323 19 20 22
52.49780849407683 9.322857601860685 1444.5113261144488 239 235 229
-17.226662796397733 -41.96671941186143 1449.00884075655 153 141 119
42.822476565768575 -0.7177293827348555 1460.832755208906 248 253 254
-14.020990803463286 -38.29221231259006 1446.3627306537005 117 116 96
14.144173178228263 -21.453108062648035 1450.6155496177735 93 90 56
5.25859241342265 -46.23947914297654 1477.8012979543353 148 132 119
-27.423469388795308 -49.38909090147632 1456.6459388806325 95 100 111
68.6974536551522 7.223760909394942 1464.4440787307176 133 133 131
-3.5092776988832846 -32.75374265442181 1449.0295324577676 214 213 208
19.526658333535345 -15.739081501527608 1447.2905913174557 40 38 35
50.49843743901189 2.9315967326961503 1458.4930354846297 30 30 30
32.166324279660735 -8.88360623207727 1457.9887347040392 158 168 170
-10.944337307780847 -39.77136184938556 1462.5157635473631 80 59 57
7.527576289013055 -21.814372726140213 1443.7516696170635 99 96 74
35.294266239786765 -7.437779656507072 1464.592347077247 151 164 169
39.43194489398888 -3.70571493670377 1462.652089866303 168 176 179
13.956015195102331 -17.460615179722144 1443.7184158643086 116 99 88
-16.9046940276451 -39.180377847966504 1444.3200917638565 49 44 41
-4.083610923672835 -30.418182379017953 1444.288644910776 53 40 32
-5.414824986412891 -33.50461487818727 1458.2724782021562 150 150 150
-39.20782341838975 -59.11657506564942 1452.6706138030754 40 37 25
23.433554285448036 -29.519514604496464 1472.008396787689 117 119 104
14.472250658494836 -19.04799576054176 1446.854433601105 102 95 63
50.48833079734391 5.6158054893020575 1448.0093236639686 229 222 211
26.39783516888727 -13.017858750373833 1459.6281168649682 152 166 169
52.339665022883835 9.165707941352117 1444.17916630539 87 70 62
2.2973312893356095 -27.65224446150574 1447.3057148694052 102 94 82
46.65744388593943 3.0362789691835914 1447.8024361237005 183 165 129
52.34568011162662 3.8851628941478817 1452.8142096193596 23 19 18
34.772945071099606 -6.903006501498914 1456.8372929932548 160 172 175
52.67570774823107 5.831940851836778 1449.957711056194 114 110 72
22.963646380757083 -28.268547878379852 1469.6430324531407 30 39 20
-7.584691810000804 -49.514802111546175 1472.3475211686198 45 45 45
-26.712147223005946 -60.52031393964127 1467.622997120322 24 22 23
-23.584169704333434 -63.10090358161321 1480.1441775138858 27 27 27
41.59832736671168 -1.0037173316655914 1460.770728150355 171 182 184
-41.7406991924436 -56.235529069359664 1444.720871236226 199 201 196
-39.69258108094143 -57.79389351636472 1449.8062155093564 66 67 47
26.311654745303002 -27.09463786893004 1471.2716339039962 32 43 15
-52.5443924405778 -56.50602374031092 1450.7571103722123 51 52 45
38.378562731876706 -5.966016235066584 1467.0810350739996 41 46 48
-7.437871479772469 -37.80398143157462 1461.1197225721537 131 131 131
36.20302166003754 -8.23093372007261 1455.957586663312 193 206 214
48.66235241746294 2.945121601526943 1450.3172649563191 94 89 42
59.25818917664934 11.973683684479383 1448.166743844517 214 221 223
57.921954790333466 8.346460722334115 1451.9746926606854 147 144 139
-34.68090799392076 -71.05072331034637 1475.0437071105814 64 64 40
18.440616043983777 -17.765674985589115 1462.3019121222098 175 179 178
-8.404912650358659 -35.24058383996524 1459.3661545763944 86 86 88
12.738543038739879 -33.87416892332209 1467.6669893494711 110 105 101
-7.281844691545274 -35.02884657180467 1457.4410490101154 138 138 138
-52.25360880170289 -73.90397473361804 1466.0902756012013 136 135 135
64.03928678738731 14.248885771920852 1449.5264636344918 214 211 201
42.05289716417682 -2.8087981535384627 1464.5186901728403 93 97 108
41.23676027240986 -2.786172448554532 1458.8662252470738 57 67 77
60.681560196314166 0.026945497592111883 1470.395105668704 189 205 217
48.10038943283486 3.1936042970292395 1449.3413009740339 178 157 123
64.55772426705244 3.885171257172027 1470.0000619620034 124 125 130
-10.634989565883505 -55.35133770349854 1475.8863346813332 135 123 114
-8.74640513489231 -34.854066924157124 1446.6853669459158 103 93 64
47.19216400838058 0.5730436734851987 1452.4813049023253 194 193 191
-22.206057164804516 -43.85656726678168 1446.3815093742116 120 109 91
41.27415365352274 -1.518330477856256 1461.5971158292589 97 103 115
-7.809133178824824 -34.71223919639183 1459.6505793400324 159 160 159
67.51662243825578 1.1300979204342785 1472.1687380847436 48 42 41
24.657187896598156 -10.47450148213369 1444.1784024249391 48 48 48
-8.175540548431071 -40.58012557638033 1463.4358438618563 214 211 206
-5.803044926729839 -34.27490807116053 1456.4379414832395 141 141 141
-14.931356539757854 -44.00355742886121 1454.5629263991466 36 36 38
-26.579004632718046 -63.93719996398614 1477.3021630956132 25 26 21
76.25476142053007 8.013695908237809 1471.5741507010596 137 141 143
32.773793385105314 -8.660806048691068 1459.2904875768168 138 151 157
-38.33534730315247 -74.20293823795296 1476.1453082913638 106 97 92
-5.706213222065944 -51.90811910382619 1479.173985494559 191 187 187
-43.262737404339035 -57.62758695176322 1445.3955797180033 194 194 191
58.855505435294404 7.695809944197224 1454.0574899523917 36 31 30
72.87135662078828 1.1262781374526771 1478.6950403548447 30 22 20
65.08867636160262 7.929640168112495 1459.970574765884 60 63 39
-29.857619650027637 -54.587504946373656 1458.0685068494563 76 112 162
40.982835753954646 -1.1149545812362964 1460.7292158071878 150 158 160
13.695183040448796 -19.748799429153465 1447.2249532051555 107 105 66
-20.79090091251067 -47.26943381262589 1453.8051371650124 49 45 36
37.478940232243765 -2.4196166280277134 1446.1486405677347 99 88 80
-7.198561188922939 -49.6055250400078 1474.212584873837 36 36 33
49.98768262557461 2.46852493493643 1452.4668449928272 73 71 68
-9.508097298249501 -40.790418517425195 1455.6836862529728 26 26 30
34.83171600043131 -7.467259785242926 1463.5771151305814 149 155 159
10.693572275386716 -23.20532135614806 1458.4580440080772 19 24 28
-5.706213222065944 -51.90811910382619 1479.173985494559 191 187 187
-27.393572216680695 -48.51418862108342 1448.416413800158 109 94 62
58.35794625570534 13.652466367411268 1453.8804062453987 96 85 74
-47.77351322403547 -58.60795863800475 1452.3226910733906 154 162 150
51.13118131857559 -8.67758738393684 1469.6954329540365 151 146 138
43.51671668431971 1.8055688075381613 1446.4122871917052 161 150 129
-8.176972189966422 -53.14452754401031 1474.911264743844 38 30 27
-6.429098634565516 -33.66166062272352 1460.2562205291395 141 141 141
51.900991364626286 -10.428986151458943 1473.4396337587511 141 139 135
-11.71039370625335 -36.04362904735824 1445.1369903483003 142 136 133
18.807808788909274 -15.644457515530695 1460.9757433426694 56 27 25
61.175266787038254 15.42695441552448 1444.055248619938 49 48 46
-28.03942980223297 -63.61514432272148 1470.909959552589 19 14 18
1.7854083053410779 -28.041298653884258 1447.377754499095 64 53 41
-2.051482217602825 -33.42727914542344 1463.8424035680705 47 42 41
103.44578172438122 -34.88475626770204 1462.6118909741383 71 80 89
-19.515730189618672 -42.57884497370873 1447.4760082928926 85 76 47
57.75604209454852 7.097642029663521 1454.260298479125 35 31 30
29.81444183427682 -17.901309329648598 1463.1111791163983 52 49 44
46.505946465942664 -0.6176682277722904 1456.1824666067082 32 33 35
-24.34552331574275 -48.61908892214 1452.1863140186183 49 50 32
-26.5190123777032 -47.39942902466626 1447.5343887318106 72 70 19
69.34275774198454 -1.5186571827101056 1478.1337324330107 108 95 94
-51.78346666782394 -56.3071593651194 1450.763047777508 56 64 50
-48.080169555956445 -81.24607441262755 1476.1730997548407 155 133 115
47.50284436256589 5.758292788154126 1444.4697400025736 234 234 225
54.31700602684739 5.812083864736385 1451.95558242109 184 185 179
59.85012338760134 -0.28473962633880595 1469.9340921458806 191 208 216
66.52433050832028 -2.1552941318947303 1476.2505626589914 157 152 149
63.328468383600246 7.06277755362566 1459.5088253238782 48 41 31
15.221318056470169 -20.121829848879987 1449.5164991079203 104 90 65
0.11953600701884871 -28.544047743752586 1446.3551018456062 196 181 152
-18.86209889617745 -41.61799918289299 1446.3161281591908 118 108 73
37.8049901191441 -5.361055426964044 1460.7875026779318 123 132 137
6.414995295627423 -24.22992410215767 1446.1891978259396 119 108 99
69.35368119162789 4.383427260107284 1470.9966710616816 67 66 64
-41.70755844321098 -56.521187960120855 1445.2415242874388 73 68 65
67.4114160362927 -2.5802251481017655 1477.5969504695904 48 37 34
72.62475199379942 5.701143090438087 1470.6156964230136 94 84 82
-8.04816376306032 -38.93311939135409 1454.2239507912745 148 133 126
51.9690736224794 5.205381492698634 1450.3646880489523 112 100 74
35.639038749506625 -6.765529508747071 1459.400478845955 153 165 167
-25.40774506664485 -61.21266674808654 1472.3460643776045 154 162 166
-1.7500508373709323 -30.978514858549403 1458.4808602438018 151 151 151
1.6134290342112667 -29.65906944118448 1449.9834428211716 183 176 147
33.04524832220448 -7.996340730213614 1456.2963446433516 91 103 113
40.81927961388011 -4.28287626784047 1466.9430980938062 192 203 207
-14.565426771584175 -37.552900886687674 1444.0608305922956 171 171 165
25.707836952246264 -23.07949508787065 1464.6483758227614 199 194 188
46.16448052971557 0.1343145675178662 1452.4802453392035 168 164 155
34.19336028119685 -7.618899685723549 1458.9953845749428 134 141 147
-7.734559962172701 -40.80446966953387 1463.4206966582246 115 110 106
-20.17394214674223 -46.6791026276113 1453.2898667368488 159 162 163
3.4302465156554436 -25.014579602698294 1444.2514982230246 84 65 56
-8.938175999030635 -40.34871026053094 1463.3380360739893 147 144 142
-10.018321655325922 -55.2703845094346 1476.115081453349 64 56 54
23.711380523657912 -28.84025274834622 1471.244453880972 51 58 42
-16.871480130195575 -40.866890846905555 1447.507541525491 176 159 142
-24.622311166219195 -45.54559280915482 1445.5767163254056 209 205 196
42.86937848962856 1.1528743810199218 1446.5560096652143 78 82 56
-27.6338688549862 -47.73396920155947 1446.7319965556594 87 79 41
-13.04841893348906 -36.9309054607256 1445.1375082248098 84 73 70
-45.84872617647339 -65.27401615739322 1463.015594487412 33 31 34
25.723219007885593 -25.657969093104324 1468.4648360536992 208 199 197
90.13043427549476 12.494632736885624 1480.8962832895647 168 167 158
-22.338917487052136 -59.7520397502197 1470.959125804626 166 166 167
-15.332699517693452 -46.64272719276095 1464.0443506735105 89 94 100
-8.150024318951873 -34.609660027024574 1446.8569375635616 113 101 87
1.0186216745874765 -26.874336619445174 1444.4244064137638 211 200 187
62.14799405057852 16.375140190893614 1444.2645517526437 40 42 46
-9.821011405036947 -56.16124327400739 1477.795417572044 60 54 54
8.275527836465715 -21.320421640313906 1444.0316160247564 194 190 179
-16.487683972266627 -59.29506989265533 1475.9082465893346 72 66 55
-9.80368592280002 -40.192491552935664 1462.8475980828703 219 218 214
29.2900703494799 -11.12031738780119 1459.7409613107427 139 154 157
34.83171600043131 -7.467259785242926 1463.5771151305814 149 155 159
-15.064430867856798 -61.078539980339016 1480.0070907831969 100 98 99
79.96487653437953 22.96657060650644 1454.3075086584336 68 68 40
77.71504463769412 23.452739733083504 1450.7443580696079 68 68 44
32.548392555825515 -8.595208354189026 1457.872727031807 87 101 110
34.003880945812256 -17.221983456994536 1464.8475759268972 13 10 6
-26.422330429479075 -48.711070401039144 1449.8710261131848 77 65 23
52.824390920443136 6.467563438068505 1449.3070668207047 167 150 120
18.615831150585716 -17.620228101321405 1462.287017129873 181 182 182
-7.202504194074048 -55.77748171614349 1479.775438731766 22 16 16
35.78790130636241 -6.432942753925232 1458.0902351568877 151 161 163
-12.036506740620702 -55.977827381962506 1475.1671081531592 116 107 106
23.233160427661428 -16.84595627707418 1453.1043555473827 154 122 110
-10.773825644120562 -35.02340420642988 1444.642583241666 82 71 48
53.45024884975483 6.665383615458205 1449.589578018371 141 133 102
-44.69728961801686 -56.08188772834364 1446.2615285279676 166 165 161
3.3397277680759094 -25.307660410917233 1444.6539329724424 99 88 60
12.224818226833651 -19.093500474541628 1443.9758522282095 186 182 171
-44.547221065784015 -62.63904275508395 1452.6675651682845 20 20 18
-52.0959806497467 -55.532375314717854 1450.2034158753556 35 41 37
-0.8805837046032446 -29.87887825971007 1460.1946669706406 125 125 125
-11.13028960269916 -34.79799563288851 1443.8366549624131 96 101 64
17.25505229757145 -20.951450961436613 1453.4838273600558 152 163 165
-29.29505731354946 -47.095931192311674 1443.988845226291 182 180 175
12.054860736967914 -25.635093914274663 1461.94211170203 119 121 120
39.14066338993152 -3.54852448066678 1462.0535139552399 105 113 124
12.915671579592633 -18.707163513526922 1444.497114668806 158 143 130
41.75988650200854 -0.9451352544619915 1451.4287029266764 249 253 255
-17.557186625853404 -44.75930265970855 1452.9801631849623 27 24 21
51.38507853562937 5.283215136127281 1449.5078229409057 104 99 68
75.40007073744661 4.731479735492015 1476.9577151224757 242 246 249
10.701870404535875 -22.583527733082647 1448.4077071952802 99 103 70
47.78769132579355 1.0417985330933444 1452.4635923457377 185 185 185
55.029819138719006 4.573146825063169 1460.7603802765664 25 26 28
-21.839293443667305 -45.17538501159224 1449.2709904572766 67 68 21
9.15913396226905 -25.93212007601835 1461.2162379614683 112 115 119
18.80182711500787 -16.213073309355597 1447.2164804879856 99 86 77
2.582895808577062 -25.780087884846733 1444.4468631502498 205 200 188
-9.585661481011401 -38.822039051688606 1462.5151152459307 102 68 64
4.335976684100121 -32.67834161108908 1457.113659014259 189 169 136
6.5363192237826135 -28.318500123475577 1453.1082689491554 191 184 157
-19.983259781937246 -44.08529528732528 1449.4588066917265 190 181 145
7.835003679505207 -27.812472494452557 1454.3615351500255 30 43 22
-16.517377961711823 -44.1970137643758 1453.010120553935 24 22 21
36.05915472810682 -7.0456351173146015 1465.1374804769646 152 163 165
8.857358113635833 -23.09324956379483 1447.147317691046 88 78 49
-8.52717709898468 -39.64279405745277 1454.648666545715 150 142 119
-17.55776711900006 -42.47314272618344 1449.4617258462313 160 144 126
-8.719980771478886 -40.3848306298744 1463.1951313475988 71 67 65
62.03522680787265 10.146954409634912 1453.6643051590625 119 105 73
-38.59793131561375 -58.817397642547455 1452.8295385039708 78 61 55
67.9786418821985 2.132620238019915 1471.7042508689585 80 80 80
63.86338214110929 9.601279150357184 1456.2746578729927 161 146 115
68.40639917496911 -2.633005560479086 1478.5992666236648 58 49 46
-28.13475305453122 -49.92322622725552 1449.6270402314246 214 210 199
15.556491092725174 -30.886846790637062 1466.2217948299399 54 55 41
52.613756247968034 6.0599043001849795 1449.645720611223 145 131 100
38.73053787171604 -4.764780046793155 1463.1201291690945 162 176 179
-22.48563134754944 -46.17172461071461 1456.8030635890193 39 46 56
-22.039946401857637 -63.41236152318126 1480.7759163516018 217 220 225
-7.5405102156293955 -34.428031501715274 1460.0248622238832 143 143 143
62.9908130325036 6.267196116151145 1460.3563947151806 28 27 23
58.71346955288441 11.144102442199813 1448.7432491100394 203 203 197
37.915013546718754 -6.0788513184286 1466.3549949672456 87 94 104
-31.040511214238787 -62.90492983889488 1469.4115283465446 27 25 28
41.85790343986461 -3.5461260347493333 1466.9105789791345 136 149 155
74.94280990500638 2.8161610857285457 1479.1366386753575 25 25 28
58.64520738284599 12.742300918316403 1446.1138010905536 179 179 170
66.65418998680967 -2.68878155085415 1476.594909568392 143 139 140
54.704503674408784 5.885365797465645 1452.2544645922412 30 27 28
-41.20143563983029 -60.36936677904961 1458.3060665409741 194 192 191
-39.76037740420283 -78.7302124733808 1480.8526215114714 138 128 127
53.5858341378617 3.7685257160012084 1453.2897352236753 43 41 42
15.663824283106276 -19.663424946223948 1455.2798512373672 98 103 109
-13.429115982257112 -37.21438997536218 1445.2421758256564 198 195 189
-9.540110790842046 -54.705261951477056 1475.801355636574 174 163 145
74.33821646609398 3.705282241461998 1477.7534354864933 47 44 45
-48.762956766369946 -79.69936094565428 1472.3494596940868 201 195 193
-13.605371088250067 -41.233776024395915 1451.5488427698187 103 91 45
38.94864429722668 -5.471563041919598 1466.6641058811115 138 148 154
-6.43404102382173 -33.266392674668644 1461.6573339591089 98 76 73
36.5556088910784 -18.30357418128235 1469.084122123761 178 167 138
-9.559417199589866 -35.51682323250309 1446.9419539665428 103 97 64
49.958436183520774 2.989658685057574 1457.3410961543884 66 73 83
44.469821099086 -2.044748157887351 1453.149072941327 211 206 193
7.256357704612288 -26.467294268701288 1450.9898485175984 105 92 76
10.805386724107718 -21.25744523985377 1446.418474287288 189 175 144
-34.752939877243435 -50.98254997218549 1443.9041491687167 48 44 43
-8.0538242913694 -49.529266951979125 1469.717538539324 67 68 54
46.09892724310025 -0.19274963656238459 1452.4948766283608 28 27 26
-14.847233442921969 -40.07365960187315 1448.382326933176 106 98 59
-8.363730956789192 -35.0036571816429 1459.910898457963 153 153 151
36.857296038373654 -6.00065966224491 1463.0502806866346 62 74 82
-3.778123172100381 -30.146431092878235 1444.5445361867405 154 142 118
66.41319365897228 15.056041090525792 1450.4798396896858 68 68 69
19.426100226897443 -16.405550060761975 1451.031848357237 14 14 14
10.84996896543632 -22.546136534049904 1448.5574232162649 170 157 130
-21.877799688563467 -47.854438258829106 1454.7544469389586 178 180 179
60.31538515179615 0.8684048686296832 1468.0706070221638 38 34 29
53.40817945094145 6.710589481675074 1449.512761966906 166 153 119
-34.68810346987561 -71.03347597511332 1475.0358018632928 64 64 40
-2.7221291838870836 -33.0630013047572 1450.5557351313932 35 41 14
46.8903276203185 0.23278330904626165 1452.5200404611167 167 168 170
32.96609334831939 -8.268782312566065 1457.4473529748022 141 156 159
41.39739367373414 -1.2070024339032832 1461.0953107933685 150 158 160
-16.459753925014805 -44.03645613816557 1452.9660315796755 169 170 172
-12.192728111061749 -36.34474766891678 1445.1350278350994 94 80 70
34.49162118822747 -7.489989959508385 1459.2737580205944 159 170 173
-32.24841545183961 -70.10166838641261 1473.6979885005783 66 62 51
-16.796745994849996 -39.3014137389264 1444.6861746172765 210 212 207
-2.5948676954742225 -32.231781629365955 1456.0339366357612 154 151 144
22.466658148598494 -11.89995650417838 1444.4366480497954 161 161 159
-32.27988359320377 -49.715407158730144 1444.564295292953 90 86 83
19.14034516589135 -30.212202635962054 1468.8209472004578 38 43 25
15.176985324046218 -17.99030630243726 1446.1527636855633 35 38 19
-36.88659470069433 -57.55818545407428 1452.5107117595237 88 88 88
84.8776073372194 16.258850699250974 1469.063076121831 145 133 92
-14.979720298526916 -37.95794837341404 1444.6063861882408 201 202 197
38.4157469062146 -4.612073515503097 1458.210956020358 140 150 152
36.24198799556231 -6.44397555264541 1460.2313577210025 107 114 124
56.82915778295188 7.463354228491077 1452.1559910318 24 25 27
80.05018234052832 19.958180521525502 1457.9422270927548 214 209 200
4.697663818358218 -34.216658730621525 1460.3135919558874 106 105 103
12.09711375736394 -19.27158568857374 1444.499547787787 113 106 86
73.18053692222341 4.90365060662722 1472.4124737190916 154 147 143
58.22141805820337 -10.772838769263274 1480.1746217933799 125 118 116
34.83294315774273 -7.986330555061883 1465.4325850899309 152 163 166
-51.69085678235325 -57.136417516841625 1455.5102854310371 108 110 107
-6.134196576023028 -35.80411612505628 1455.780265215206 120 121 120
-35.07496487411587 -54.67845615045483 1455.8734334623891 80 78 77
14.61537067862351 -34.090395440907706 1469.8257264299796 134 129 126
-24.63283549743606 -59.590162669029596 1475.0981817508675 149 158 153
21.947709018686716 -13.133577985578862 1445.8140352970374 171 170 166
42.63605194716265 -0.8522773820063714 1460.978265124345 151 159 163
66.49210997003142 8.586288285280244 1460.529960738694 154 150 138
-44.56669421243342 -62.68020622610877 1452.688523784294 19 19 17
-41.53765428838793 -58.3646958576435 1448.9364577979236 122 96 72
38.82374520242287 -6.519558006263417 1455.0256433618677 50 53 55
-16.262710857208738 -43.87365144707689 1452.915683867187 65 61 52
52.390917943051875 3.755446400355985 1454.79987829983 171 170 167
-23.022630713590278 -48.584901667010506 1454.4058240575423 17 17 19
63.81446228134906 13.943742829278206 1449.8567370500575 55 59 36
-19.65491568306313 -42.089942243738314 1445.7954575412648 189 189 187
30.791017243945355 -9.564010715719503 1456.5065631530538 168 169 168
-21.950133170238182 -46.06212434836339 1450.6665532760421 191 172 129
78.1794229486342 22.68611898959851 1452.4721693998865 83 78 49
-48.785143731436804 -61.92436796706337 1446.3608713847448 67 56 50
62.61827746044914 16.464250040940975 1444.6441014509687 59 59 61
42.76362888320065 -2.843159418944097 1466.6024611450102 110 118 121
37.76495134494972 -5.949660974413845 1465.3920011681357 157 169 172
31.646818339110414 -9.203170626901333 1457.7148026276382 147 158 159
39.51414957579341 -2.8929346981445474 1461.8740675390607 162 169 175
58.60133759670024 -1.765892843182541 1469.2825037871398 44 49 52
37.26810158804601 -5.633794840900657 1459.5067096220973 146 157 159
-11.684187465610028 -56.7724810997075 1477.1194358590913 219 214 213
38.75225102251926 -5.531572452160638 1466.3866273079666 150 161 167
-16.05720009918024 -40.96233737767447 1448.597610513089 177 160 142
10.714863871742612 -21.356125368503378 1446.4674017908605 70 62 33
77.90660148879289 19.027309556961246 1457.081544233049 198 198 196
80.98038597841638 19.31514944060465 1460.0537302961602 62 67 39
-18.201019024307712 -41.5429283620528 1447.1871330734905 97 81 58
53.55703496234336 6.738816588700785 1449.7142464742253 57 58 32
22.64945571292934 -17.15546452084991 1452.9929650527977 137 126 118
5.280037633558393 -31.38977895157527 1456.3087671456985 107 90 47
-11.187014441409245 -40.3820906586098 1460.9120559419353 166 166 166
-9.71879554944693 -36.84185869327479 1448.9206264322443 190 176 148
-38.99561425603955 -61.206584130351736 1462.0314593324804 207 211 214
-30.290076682715124 -66.31096319364761 1472.6831320390365 42 37 37
-14.546719512328936 -52.73686537840973 1468.0678059319878 124 116 74
10.059000838302275 -21.91483994459901 1446.586136854419 56 55 23
65.91441837443654 -1.242592946088872 1474.126621236819 177 171 161
4.810246752699808 -32.402694350049075 1457.2824517396705 205 181 144
72.31343167047649 6.502743570429687 1469.0449231362059 196 186 180
14.280130645103098 -17.385223388263917 1443.853935215318 216 216 208
37.446688428301535 -5.357485200823536 1458.498426063718 141 152 154
-28.97868319430583 -49.90999052624305 1455.3078447923428 130 137 147
7.951645514968387 -25.47634740263241 1459.1192836595371 128 133 138
48.97235294714731 2.132925459672147 1451.916710479399 71 67 51
-8.799120115059846 -41.41364328145859 1456.6283395248968 108 108 108
13.543012134567507 -19.89148568170313 1447.31838484819 97 89 58
5.113011756467422 -31.723251844360288 1456.5543666624171 145 128 81
62.21717039271429 2.525403598444318 1467.9944010117576 121 118 110
-9.197187751611985 -47.07082998431858 1468.8881183989452 197 203 199
43.18191967606435 -2.6192341257058116 1466.8708470714244 152 163 168
35.112342933252364 -19.737075448197785 1469.5313224696442 105 99 73
3.7461566150807712 -32.44075115549405 1456.161918703432 106 102 52
34.753854443973665 -9.198460741811493 1461.2358955975114 179 187 189
55.049479740625706 5.247931548252597 1459.8886557261626 116 120 124
-47.6213755266145 -59.95295671411715 1444.2217987678398 193 194 189
83.13135899426236 21.98665305598746 1459.4610794977787 63 66 37
-36.25815668160983 -52.90132445502742 1445.3064656753386 83 79 61
52.947153742712004 -8.383361408793526 1470.9500717601381 158 156 157
89.2652887542162 17.092551117558937 1475.8694741367979 27 13 14
-28.355591234853595 -61.22958965489264 1469.0620665976605 125 114 112
33.00689518504544 -8.579140027234434 1459.7472765863015 138 151 159
16.67222683599641 -32.66216000079569 1469.9251576101374 30 44 22
-8.29303661935439 -34.5381295313169 1461.7275304353077 57 43 37
-39.32599128118463 -57.81705887072052 1450.297257508011 119 105 92
-37.790715909843996 -72.80829150805681 1474.7600393846267 65 64 43
9.753657936664563 -25.430842241611344 1452.0271665060538 83 67 57
67.68929831802535 2.6838689260284343 1471.936887953336 111 107 108
3.1588301089717454 -31.482343326013943 1454.2628542769232 215 191 151
2.2214553306734293 -41.70627919668739 1468.4904421948934 191 169 143
58.67394535722242 11.305972586645437 1448.3515437800668 35 36 25
17.934582758981694 -16.93217335935703 1447.4035192827796 201 198 190
-8.138160735148547 -36.89961467372347 1450.9154457226186 138 121 79
41.41816941081476 -3.5052850683210273 1465.7250867034468 141 151 155
64.86130765503657 8.820478833628313 1458.477511908179 168 151 126
46.16062697354705 -0.3703148304403814 1452.7818465773207 188 184 177
-18.996203516341275 -41.76731784349109 1446.4751432698786 176 165 133
35.874928250891465 -6.316821561484388 1457.8027559537686 122 131 138
-18.036504395362236 -41.08357204533519 1446.3981481746714 122 110 75
-39.52195434719822 -57.74230716138309 1449.799236167213 112 106 82
-40.65344580910689 -59.094054122699156 1450.9749420901992 184 175 163
68.67063763827163 1.138220523537342 1475.6651009355292 123 122 124
3.4408496029009887 -31.52197421462036 1454.5127444249601 206 179 142
75.31809899591708 4.906325043578858 1476.576381116632 63 8 15
2.4114815187125034 -25.92479213747054 1444.452343256594 214 207 197
46.4906836006886 1.1231698558527523 1450.6704075507137 59 58 56
-14.45348361032873 -57.33161163463179 1476.2464560838725 55 51 52
41.35655157099437 -3.7653445879043015 1466.349945457047 153 167 170
51.59560682262359 7.602989833964509 1446.2566989787945 76 88 62
67.61616726449661 9.011391058497136 1462.9215258278282 175 172 163
31.734712949917977 -6.778719101188805 1446.6158568450007 65 56 27
0.15310482464387531 -46.6745540992928 1474.4502949305968 141 149 149
7.119448340456295 -26.467175960448174 1450.872552298208 187 182 176
15.789966008267612 -20.034548158934378 1450.1384667887626 83 72 63
-50.48227915536065 -54.86330112409087 1453.2611856130293 109 92 77
-37.718620637782735 -55.69029304235186 1450.299179759628 167 168 163
51.534798876111054 3.2320639137406095 1452.9310707477907 48 44 44
-46.93898124477996 -59.77567883271439 1444.7660341734233 182 186 180
-16.214226912223644 -44.18390651483369 1453.963406297801 24 22 23
61.927408388095536 -1.224721431781964 1468.9149502959121 32 35 21
80.2161488774612 13.683678357421039 1470.233646450915 221 226 229
-8.257687052333479 -36.41697182683575 1450.0311227045715 199 179 143
-8.414734277989252 -34.59933621030873 1461.388525545968 152 152 154
83.42849759169343 15.16907104723975 1468.7341239275233 203 199 190
36.40790020876539 -6.315748081140648 1460.0969455480183 129 138 145
-4.2386560193931775 -32.854495552852676 1448.4325119587215 184 167 139
-19.446729756320607 -43.5036271220325 1449.0823878955996 110 103 59
-8.636277337670577 -34.47654153613275 1446.1350978541125 80 74 59
-6.059977754555616 -33.34988925247292 1460.3730644994137 142 142 142
-6.201948667829207 -34.20282845813906 1448.5524555996742 209 193 168
24.900662260906778 -10.220762486038174 1444.0080540591543 161 157 154
64.73794542149818 9.824474707139448 1456.9320283635418 70 67 38
38.83081457061483 -5.24615169038358 1465.3910977437058 155 164 168
-46.3289379554089 -58.92487608387868 1444.0052741716402 80 72 69
-11.459293825668466 -42.24667537818116 1455.7008554538959 171 151 116
79.66281807312187 13.908457708955797 1467.8861439293732 16 17 19
42.515698820864955 -2.8195754556620245 1465.7435416993685 153 166 170
-8.819321781267085 -48.381441830445944 1467.1151907333804 81 65 56
36.3605360046709 -6.313562753840016 1459.8225963628208 141 153 156
80.10513502913626 12.96399733236479 1468.7296616625972 5 5 5
37.40688060054768 -5.627447469348401 1462.849610022377 132 145 149
7.275565943833391 -27.73234263911865 1453.1886345733667 73 67 65
-28.638622638087327 -48.34425200802874 1446.4329468258993 106 97 90
-17.651100581770606 -41.77814558995311 1448.2215724106402 99 94 61
-26.292291947262584 -47.63245805895923 1448.2186015897444 42 41 14
37.24900405646437 -5.71014356338198 1459.665966412099 123 130 138
55.03115989064078 4.746620419695285 1460.3208786943499 169 174 177
-6.264698468486575 -33.40759459506878 1460.6201170962433 167 168 172
2.868531398255368 -27.779982431637183 1448.1407041232155 80 68 52
67.1194507297242 14.18182536501029 1452.307472250261 71 72 76
-26.59309820837314 -59.692807228007624 1466.6241322675878 82 86 46
31.46461517263702 -10.619746711831265 1460.7763753361908 93 96 99
-24.699870575244645 -48.111276112311394 1461.6902174472523 70 28 23
5.861356964583375 -31.326348078277185 1456.7981573245363 70 59 40
-21.32641148953808 -43.29515589637422 1446.2722645032666 94 88 59
5.754913780484805 -33.257935436857466 1459.4277686853636 79 68 40
58.98016487009565 7.935098122354593 1454.095893849481 111 101 89
85.1624418769227 16.11403357141328 1469.8661924594217 77 79 49
-22.634053428053015 -44.831130967202164 1447.6899069787228 100 85 56
-44.61936272176802 -58.53438752314429 1445.2165297446356 167 164 159
42.035971436299576 -1.8913000589091904 1456.09145147876 196 209 210
34.62401975275652 -7.197578470861813 1457.9728292628745 157 170 170
-27.327418218306 -59.161145172473894 1465.11732770117 43 39 38
35.905869457865165 -3.9038427500720494 1446.7558579704917 201 182 167
51.649311965692306 5.684524959642488 1449.3416784210588 74 76 35
-9.247611802815344 -38.95258796640665 1461.2911117915855 145 147 146
-26.130913934581443 -51.113276288547986 1453.4403554644723 66 57 48
59.2349766293361 11.521817416240106 1448.8641349688087 183 188 184
56.611831755228906 7.188702711279304 1452.3603479814553 116 112 106
13.635455529900701 -22.74528941045004 1455.9346580927427 195 207 211
68.75575766641677 4.045448962116241 1469.4874577342089 124 124 126
10.988414189271879 -20.960503115721178 1446.1496708674206 102 96 68
77.39048308729565 23.57322376516371 1450.2946993174726 206 201 190
34.88719839404777 -15.389642254630113 1463.0477468196268 96 90 77
36.59481061038477 -12.64268600128448 1462.6061252190086 250 253 254
48.8908245176249 1.9662093526355087 1451.9952685208932 156 153 146
-47.11891221496283 -59.842606641772335 1444.761319596571 192 192 190
29.433407918189577 -13.769020807295863 1461.9961485752742 145 155 164
33.134694010252765 -8.146155395342696 1457.5594112145293 151 162 166
46.11431233578948 -20.14110411891155 1481.4754674338217 30 33 22
-13.17427467594023 -56.48594827500776 1476.0501839454566 190 187 190
13.75168435871551 -18.109023451457933 1444.513610321929 96 117 48
52.512420345814526 8.314551309491884 1446.222062559528 98 101 72
-6.261870146919751 -34.16359108994849 1448.408065073766 131 119 89
41.96899422981269 -0.6000696789616261 1460.1955535628465 149 158 160
-11.991335430014052 -35.225388748598526 1443.6666497991973 87 81 73
-3.505646680284907 -32.763699599820434 1449.0288410763962 214 213 208
37.81364636211025 -5.365177410401895 1462.3142685275898 50 60 71
43.29022613054914 -2.434302777456603 1453.199157500612 235 243 247
34.285028070679985 -7.725697775016376 1459.8459862946538 148 162 165
28.496331081575686 -11.671002681742452 1459.9125952149848 47 57 63
-42.3874674521144 -59.888777937351485 1456.6056856883806 112 106 109
17.093931065504215 -19.56540141075387 1450.8524369885158 185 170 145
72.2444322560426 6.6829019503553875 1468.7254110499427 215 205 199
-22.814167301502426 -46.583946254943704 1450.5170072367052 133 118 103
80.7396280064499 20.61061880865479 1458.0311123903202 114 108 76
16.285464350255086 -33.984061337694484 1471.3591787720825 72 69 56
41.56170018315497 -2.34511413453465 1463.3389775680378 131 138 146
35.17072483638159 -7.169593079951956 1460.393720834662 134 144 146
91.25622900933448 13.86207572340284 1480.0755441005222 157 158 153
-22.888118838441873 -46.71365105134318 1450.7202258760205 133 125 101
78.87241236516347 24.209235560413486 1450.993566066715 92 83 53
67.1176415075932 -2.5478607718965787 1477.3495963645305 65 52 50
3.6163204986370143 -39.45910913431141 1466.6945145127906 224 197 172
86.07152771111238 9.095771340562285 1480.596692246932 213 210 205
52.72056406949254 9.323454491987478 1444.1545720834959 66 66 64
13.14681372678375 -19.531437548620364 1446.2548232259405 135 134 98
36.99104122916649 -5.901600309085535 1460.2278824177574 134 144 150
-3.4113456735273773 -32.56589694565988 1456.2948051859353 145 142 139
50.58461355748996 4.638321350356412 1449.6251634525615 101 97 67
9.801777969535134 -23.19169271309982 1448.410776373079 92 87 57
-39.08126467065615 -59.22181538017329 1453.0316257484574 146 154 156
23.79575371576809 -17.321058456087336 1454.4019999551442 216 209 200
1.5465575292583127 -25.999726108066604 1445.291280369262 40 37 36
23.464398384316976 -17.60424313450348 1454.3864870798604 221 209 196
-10.761902938647744 -38.04084251799095 1451.797651113041 120 160 152
48.829078427233846 -8.383234040844112 1471.0021646369455 40 42 19
29.16692743702929 -17.204764961589856 1459.9926126579614 39 37 23
69.72474235028992 -0.08492418338286828 1476.4492592147087 141 152 156
22.22682437218353 -12.419927634369005 1445.0372701749488 68 73 40
-11.461490669294982 -55.96171027540542 1475.965045427373 76 63 54
55.95119347703645 10.613603679067761 1446.4005700390042 166 159 128
50.683388679458005 -9.749166989155022 1473.1620005072282 135 136 131
-9.302116226207708 -35.638970211301796 1447.4136848975384 100 85 54
34.58494319071821 -7.5450413221837955 1462.4185117583852 117 124 129
-16.608812059829035 -40.71266954526296 1447.6541605477432 126 105 64
69.12345269048853 10.186994331432492 1459.3656555370326 158 154 143
-46.8075674341917 -59.98404090763958 1445.245023668338 175 166 158
49.912546230486726 4.4955563347986605 1449.4319291971694 150 135 102
-1.6128220604277055 -32.41471597936236 1450.7995915029164 96 88 68
-12.542512072522944 -42.33512036585006 1454.3772564366625 76 62 36
33.34480189002304 -8.053301273231622 1457.8570740050855 147 158 160
56.93775068676261 12.503781325553698 1444.4822091042436 229 228 224
39.8306870597587 -4.116438226605152 1463.814498544973 164 171 177
-8.74640513489231 -34.854066924157124 1446.6853669459158 103 93 64
0.3033496424099781 -46.38684990352407 1474.1450355655559 92 93 94
-9.56292131201779 -57.01604992127493 1479.320325439241 61 56 47
-47.80681130094763 -61.38762311485891 1446.4236751729457 60 58 47
1.2782045768268233 -28.48351021583489 1447.4707098285012 126 117 102
-25.815681637115613 -46.989404839573 1447.817495430049 159 145 118
3.126536235843621 -28.36463882269608 1449.4203826812225 30 33 12
40.170412502662096 -4.266613119419959 1452.7618187931753 191 188 182
-21.755332380089225 -47.45913114655048 1453.136199479301 33 31 32
13.948551788312663 -20.57019870748694 1448.8832270468724 101 92 56
-11.475705100571917 -41.90496159663411 1455.17756738181 155 141 122
32.21676454814585 -5.10594673764716 1444.4350697161021 237 237 233
55.53865813397679 6.242514577718676 1454.791674604303 177 173 168
-43.66713379407295 -58.31389880278218 1446.6772062134762 182 182 174
47.06721881938709 -20.19731214003818 1482.5540535945636 38 44 34
34.84998417938373 -7.275192828288278 1459.4166234882057 146 157 159
52.29022540995259 2.838957321989226 1454.8696487990387 26 28 28
-43.31626954570472 -64.33627563804028 1464.1446761083569 80 76 75
-14.467250927886411 -57.41796458900551 1475.052413583063 175 176 174
-9.962698104446764 -45.26413174978589 1462.0929358059739 115 115 114
66.48265299584513 8.313149360346111 1461.029305811566 42 37 34
40.892616899355765 -2.1188448939307 1462.5585477832474 171 185 188
-20.389768990970655 -45.20742514526686 1450.8353490578772 60 62 30
33.709196627804424 -8.008389117307111 1459.1397960043778 142 155 157
8.934758511346015 -30.90006052079791 1459.7811000015352 27 23 15
-10.057377483422343 -55.26067568632447 1475.8791822943042 141 131 120
-0.899577837032284 -30.811850398832778 1456.9976174741614 148 148 148
26.505414957597353 -23.58264179283225 1466.2392891474408 147 132 121
-4.5709912318136015 -34.98000327257311 1455.4526375480284 198 211 216
20.992715539600226 -31.928662743517783 1473.0065914873053 134 134 130
-40.32471775693883 -60.67346507208813 1459.7474171801432 81 79 77
-11.332044516114829 -37.19332096408207 1450.6491559790152 246 251 254
19.44175223981907 -19.482293194535295 1453.8415899981248 19 26 10
-39.225792194842995 -57.99838221092232 1450.7548106921233 97 79 68
47.277665194360445 3.5501372230743717 1447.8426838489352 165 150 117
69.48227770718314 -1.3811506756854222 1478.1087940674379 52 42 40
-11.29542065392911 -40.72733324864834 1459.814076065901 136 136 136
1.3951563413523684 -28.0403044424622 1446.7866306015767 75 73 48
2.971047335845793 -41.2723326143162 1469.660756338694 20 19 15
77.93138006023814 24.39984243813198 1449.4892941896505 37 43 18
42.673169138471984 -3.0048596436113386 1466.9082067215113 130 144 147
61.55317402235772 15.429417668274835 1445.1559311987269 145 144 139
-16.66728563378843 -52.57447824576711 1465.6289584733547 77 82 52
-5.949252679703967 -34.45283677881058 1456.192406945076 171 173 172
-2.5764722960333586 -31.574940325963844 1458.367869137059 156 157 159
32.53159395657149 -8.784621744104532 1459.016947259014 147 161 164
25.76064232713678 -27.02270126537366 1470.6041739884959 32 37 14
63.206248217272645 -7.2841277410245455 1480.117153216302 37 23 22
-3.7438817365803425 -32.50045696061881 1457.8895057783889 122 125 124
39.071343374000655 -3.6974391930034716 1462.1348786976237 177 187 189
-22.694327364934885 -44.25176842375124 1446.2857892514062 91 82 65
-25.17753904153125 -47.486857764589615 1455.45102826022 54 61 69
-8.641484022280812 -34.91210020948934 1460.7678515261543 127 127 127
56.21915351474622 11.103893255977553 1452.3073492625876 80 81 73
-1.894076867956265 -29.158052203205326 1445.00427645446 162 141 107
-7.725364226856844 -37.66851379566604 1462.229608965571 139 139 141
63.18338445975323 -5.423755743966655 1477.0760879432523 169 164 163
-11.38227350366662 -40.26741666115004 1461.734476191501 151 151 153
-8.537969360389495 -40.753923998424696 1464.222803563026 108 107 104
-28.562626669021416 -47.14046370653299 1444.187938653257 93 66 55
39.53096362054279 -3.6247475575726735 1462.7423612772882 106 113 124
42.31607153334297 -1.0903216307608643 1461.2965216209868 149 157 159
-9.967190715229796 -39.12545642884569 1462.4119050821882 164 165 167
15.360087818259275 -18.44273951725681 1446.8130118867507 110 105 72
3.9938807341761167 -26.69041238494337 1447.6826385027357 179 152 127
54.438971542084715 2.8881531678264314 1463.8152664554727 28 31 35
35.38690673778124 -6.615135490565603 1457.7354443432082 60 68 75
10.729163878747796 -26.509926032939212 1455.1021388814163 157 151 138
62.01638343262787 16.2355683407542 1444.292750842507 191 186 180
53.27257714246038 2.2306266263448298 1463.247977001757 40 41 45
-3.864464721045886 -30.953309258667424 1462.1578208260414 124 132 134
76.33089246302687 21.444490142740094 1451.4573105966467 197 196 191
64.34088536121537 11.776046462898695 1453.5897311431281 39 42 18
38.059948741506986 -5.2028769470433165 1461.6600014162022 121 130 135
79.77873887124886 21.316262340644066 1456.0851620089013 59 63 40
-34.46458099437026 -50.85712810172392 1443.9264231465238 63 54 50
51.07499750701119 3.2999156637952476 1452.3281707552362 17 17 15
-23.593536301698084 -45.13842755190697 1447.0022243490887 108 96 72
32.24431626613363 -8.814300569467784 1457.8464571653537 143 154 158
79.13723529598178 22.76693594589573 1453.4760817046135 89 82 56
-39.438820960508174 -57.48103064467994 1449.5178537422858 188 188 184
53.04652570691599 -7.4263484132718895 1470.2269316257784 66 63 58
53.72128990516269 8.084059208082527 1447.7965562611423 166 157 128
-23.536512223199214 -64.85068026961748 1476.949084871525 142 145 150
61.449534691933984 14.772870936304018 1445.6778964454952 154 151 146
1.6541604040990279 -28.17480238412056 1447.3880711881334 143 125 109
35.10459168563977 -7.215626443064341 1462.5840808724697 128 141 147
-8.329805626633329 -38.6203652160797 1453.2714144251042 212 195 162
-3.424792913537016 -31.859936016601683 1447.4188685839642 75 66 49
41.48073750709638 -2.2954821286565603 1456.644884934718 91 101 109
39.77281468215512 -3.7632956560884754 1463.2767595085563 181 192 194
13.270897403780221 -18.684891809493962 1444.953460267886 180 163 148
-30.6221498538754 -59.864122832367656 1466.7178031528476 26 24 25
-3.239576629085135 -31.28792568707267 1460.9336176861912 206 209 204
35.38900944527138 -6.481146136837286 1456.695910462806 144 149 153
32.71563720614687 -8.643659872470813 1459.002224028383 133 146 149
78.38774422843044 23.237329257134366 1451.9976365666375 142 129 94
67.28081274594271 9.71309250330066 1459.5894551338647 192 191 182
-9.2105362769059 -36.88573511586478 1449.5146455830554 104 97 50
-23.24753778939025 -48.615997647087276 1454.187242435226 22 21 26
67.96174807206924 -0.5857209900680855 1475.3526203820898 100 88 86
-25.931595599576156 -48.9052654732878 1461.2802770829612 181 172 166
-7.6911723661003615 -34.27983771425651 1460.8874165404632 169 171 170
15.458093273031817 -18.4711565560212 1446.9552645382269 103 102 68
-1.1521405865669014 -42.5465385343616 1466.4537933488236 74 73 46
11.895784743724585 -32.79001943953955 1465.3994058862418 196 191 183
-2.7267376106659937 -31.67600355375081 1458.3701209437622 146 147 149
38.890554745752326 -5.166613863370773 1465.2448132295406 145 156 158
-27.174918446221035 -64.09097294670974 1472.2227054692034 125 125 125
67.90663002373483 12.736836145047178 1455.4338245874858 232 229 226
-25.902589241856028 -48.782174536610086 1461.1014107792307 211 206 202
55.75285801505122 -13.072847507623257 1480.5055734993123 25 19 17
41.9090468948809 -2.9207211001248914 1465.4727115987987 14 18 22
49.403837786093696 3.481504106971204 1456.2170713646433 74 76 81
-25.608781690497146 -46.94322170668023 1447.7412551275384 60 52 24
93.76275156153494 17.8292955760635 1479.7026228423974 30 26 23
-19.19099664013319 -41.778316957235965 1446.1563536941662 208 208 200
-0.7495519541495036 -30.428197045835947 1457.9823204828674 173 175 174
17.8423118210397 -18.706435987967744 1450.1560479862837 109 98 64
-7.766141926875142 -38.11879251142552 1453.1649773387853 201 185 149
-20.96059072404962 -45.28833611803825 1457.386828448751 122 131 140
35.84222938470559 -6.6937259916014025 1459.9592851377017 136 147 151
-37.13989098084729 -54.13850674028164 1446.3664844877737 64 60 54
12.007507770601512 -22.789183383235308 1450.6972436819108 197 197 196
35.209392003060195 -8.909871751345028 1455.834204412581 86 87 87
49.64385451162543 5.411082480886834 1447.5075266364981 146 142 107
-6.071619994594103 -33.03081638263511 1461.6227496788165 76 63 57
78.64762829241855 22.4856234640162 1453.2838994731353 116 104 84
34.353390859163895 -7.630216734056547 1459.5689645652803 150 161 165
58.86948113865101 13.934762361094727 1444.0269049572632 177 172 168
-18.91033929495373 -44.09209279178686 1458.0644219580413 84 91 98
48.2918543687181 6.228574925303198 1444.1368690880006 68 72 71
-27.711820759090294 -49.65160717195336 1456.9254237044304 98 106 116
35.22513825980125 -7.801685975629969 1465.8635746538062 151 165 168
-21.25559611850508 -44.64635315320121 1448.8895971107695 77 69 46
6.826245283261421 -26.280273234615052 1458.26227776615 138 143 146
-11.472787242223161 -40.779561094166844 1460.107481573008 75 74 73
47.339773461342325 0.7763087089717433 1452.2294547748074 38 37 38
-25.706759201128538 -48.198131592968515 1449.891039225105 146 130 97
42.90573247381889 -1.3731497880843337 1452.6059457793472 22 26 27
22.650431469988515 -11.914509057182013 1444.5148465721652 140 108 85
-5.7925339167997265 -34.376322314096605 1449.38642307982 190 176 154
-20.70469918519307 -45.52990972882066 1459.2081132106057 116 124 132
-22.99356603550006 -56.456764328426026 1465.3687053017093 63 62 64
-32.619469689042546 -53.23413925573475 1450.3878859269446 186 190 186
-23.154080328729158 -44.856743132352086 1446.9531582251307 179 165 134
11.71887476398647 -19.435621715138893 1444.430702786062 211 207 198
-9.457631870970763 -41.395122970079164 1464.3659891578686 191 190 188
0.33218844470033526 -29.63066959476758 1458.089102973444 148 149 151
1.0335345370693902 -28.168060751681306 1446.6094434232186 162 155 125
83.14023103382026 11.640247897553845 1473.3051792991864 107 95 85
-27.531826281512668 -48.090586144450675 1447.4117509903208 107 98 68
67.02545008553155 -0.6696455550564292 1474.5597609124131 66 56 54
40.261526128226784 -4.6368812981901755 1467.014196968036 92 98 106
26.37847192767193 -26.901565592207806 1471.1181484569138 184 179 166
46.14174361872923 -19.961972217788794 1481.0558591819206 63 69 51
-30.658237493373193 -70.22462338943095 1477.7359048837743 110 107 112
52.72593428602537 3.6201003462833667 1453.5659791472774 30 30 30
75.32534685091582 2.2265707883124826 1479.0865426713924 216 215 213
-1.9238084476495476 -30.409259948875956 1447.073895929568 115 107 77
63.21861258056601 16.721175173856672 1444.8912060525756 76 75 76
-4.340591866518702 -32.89901521044586 1457.8922094645534 134 134 132
-36.28840168012395 -53.63243862033464 1446.439715712762 125 127 126
19.331278636816858 -15.349477028725891 1446.4075429974514 108 93 77
-8.003771317173811 -40.8540352771219 1464.1162949576674 129 128 124
40.792116527386916 -4.335706045355117 1467.2423632039772 176 187 191
-7.613046192825066 -34.26624010682255 1460.7545474024125 135 135 137
39.45778438717845 -4.299461053761935 1463.4614230290113 175 185 187
-25.471436121084654 -58.29964342658673 1465.822094809475 187 175 123
51.455703773605826 5.1622056297075485 1449.8494920648957 128 119 86
-12.101248098303115 -36.21535362576761 1445.0002526815706 201 203 198
64.61647562650468 16.44242266417544 1446.7592557000548 84 98 55
-39.504341073668705 -54.42030741161403 1444.3834729991906 146 146 144
-41.25775278741443 -59.07863501384678 1456.2702771455129 230 230 228
50.561495747116545 2.619875672080316 1455.1316625731297 111 116 122
-27.423469385864628 -49.38909090766652 1456.6459388832054 95 100 111
9.877645392300254 -20.72224511598966 1444.0032308125346 195 192 183
27.22736718926987 -12.504369518338338 1459.7604667989451 140 151 155
11.323083853691436 -22.877286814988363 1457.074083831008 74 79 85
-6.437253003134732 -34.16732135777547 1448.2702515464741 127 115 92
-6.2422082199185756 -33.56506388461917 1460.0000461662862 146 147 149
14.485944658877848 -33.41148474230021 1468.8952907837245 66 64 60
43.161898726614965 1.6630951286613345 1446.1831975229682 63 67 47
-7.804442612407142 -35.841333292195415 1449.4934806975155 179 160 126
-24.451679887468476 -59.92254518831068 1474.7068806269 39 39 49
-24.425624091593495 -49.6730159504375 1453.8074886489683 7 6 6
12.921704741235127 -19.57828432849624 1446.0617246541922 234 239 235
59.15763947446612 11.886751076594791 1448.0331302430216 32 29 28
12.715534600904943 -18.425525503756916 1443.883312151903 209 205 195
12.188262111644764 -24.992657177296902 1454.103633051283 128 118 118
-11.95207310838993 -46.34022567082897 1462.1969553946603 118 118 123
-2.220139955927964 -32.47352987173781 1450.2521746810187 162 159 146
27.509662791630305 -11.650643804880438 1458.1524865029871 114 121 131
57.834820563373704 13.102772941316458 1444.4565341969019 184 184 182
-40.14460296516701 -55.45057264990281 1445.2423416269432 173 173 165
45.85544528726361 1.6985595043715649 1449.2037097771074 92 87 55
-37.729885837737285 -53.01905689066354 1444.0543234695867 153 153 151
-38.33909932947719 -74.21583873444176 1476.1427308724074 86 73 67
-27.667980981733443 -63.9211825191214 1471.4332272955648 184 186 190
34.84986870398044 -7.553628484085065 1463.7149733113197 158 169 173
-16.05720009918024 -40.96233737767447 1448.597610513089 177 160 142
-4.954801945499802 -44.25899033923402 1468.6657534923788 27 24 25
54.58601124153668 10.8573904241048 1444.0487918702377 167 163 157
55.42295163510804 11.39649228713043 1444.1587831609265 65 66 68
39.22714115560943 -2.0015228113893833 1460.4295362873625 179 189 190
49.617470627733375 6.910781577182786 1444.0123575540626 67 69 68
21.264547245095773 -13.92032344927379 1446.2391894042128 75 85 27
-10.625045031217617 -57.44138176673743 1479.26394561447 148 137 136
43.30800053880626 -1.3723110640946137 1462.2456256823277 235 238 237
53.24336580033654 -12.373414429017497 1477.3848696839684 103 99 98
-16.048310067896715 -58.50362720090115 1475.0682144551886 143 143 143
19.088661384134 -31.075530049030583 1469.9875025213087 52 60 22
-11.457887190802754 -43.032235432885784 1456.7176091924787 210 189 152
66.9909186477393 -2.97906262077869 1477.758685018729 116 104 104
-40.22157764536544 -56.6128696107625 1447.0637182704834 81 69 55
-24.428496829723656 -48.334312501061746 1460.667167958573 30 36 41
0.13687044884099497 -29.709304179789587 1458.3339038731763 164 165 167
-44.88078890486814 -57.98973561010985 1444.0772653049426 190 189 187
53.142697228589164 -7.770287921571183 1470.5959184772407 42 39 35
43.05797271627763 -1.8289941576509965 1463.22045046858 149 159 166
23.382963749945485 -11.674189079741145 1445.0315472973045 69 87 39
-15.026796575199697 -41.25465276263981 1450.1921803429539 125 111 64
-43.98539220632233 -59.48640472189693 1448.1577216729354 194 177 151
63.54194343433012 6.770252195802974 1460.2033313452437 37 34 30
-42.54892874610079 -56.50376103546507 1444.124567246842 185 186 181
-21.17417596924262 -43.83431209980682 1447.4874668397506 84 73 54
-27.038986020771873 -48.85087332189544 1449.3546487132817 65 53 21
37.564927500407734 -12.95219241067809 1465.3834042875426 125 125 125
-9.11296259626628 -48.7480484669789 1467.420927398706 206 207 201
49.68885159945884 2.789011969263266 1457.9160457289752 193 190 185
35.75434795356686 -6.752900257599014 1460.3805320599404 142 153 155
-26.165889435247063 -46.98119340958996 1447.1912198925884 152 140 109
-8.521837311284436 -37.21681622105459 1450.8857483840918 130 117 75
41.50269534511951 -2.4180340970219794 1457.4923675439725 104 114 118
40.106075998955156 -3.196108843015062 1456.2283648274563 69 79 89
69.02227885401466 4.075017942035016 1469.8414910555748 95 90 87
-2.9447727634454397 -30.9842241859558 1461.204284180699 128 129 129
-8.72761621009575 -38.46101118822713 1458.6450844284589 40 45 22
36.54196706376146 -6.112865264863341 1459.285314579339 67 73 80
-25.74500132436567 -48.791759887186515 1461.3915199005805 72 50 42
45.61575860110593 1.3202296209934854 1449.472762197245 44 40 39
-30.292407437326556 -65.87197011725391 1471.6979558417202 25 21 22
0.557911165084718 -29.378311970266196 1458.4977859077462 91 92 94
-4.87932724972591 -32.5214173707996 1460.4851603504014 133 133 135
-10.912246010873533 -45.09918242233861 1462.5386015864074 108 111 113
33.638691655620235 -7.782896623874257 1457.4152353098173 149 158 160
-7.187229390567546 -33.95414034930116 1460.874318682657 162 162 162
38.969521276895854 -5.271072121995332 1465.8097631784237 119 127 136
81.05778907612765 21.64434123300546 1457.3220461933765 115 98 58
-24.527075532416912 -47.3369885495622 1449.7627804030428 93 87 63
14.158711987153113 -18.091913870923612 1444.953575527181 95 99 55
14.506280331453217 -33.17623526875635 1468.5349369980431 180 177 172
20.200898524410444 -15.509349847699196 1451.1544886167817 250 254 255
14.612844980485825 -20.427057332883624 1455.378528190606 180 184 187
-27.472183986610883 -50.24089948400963 1450.9296324408815 43 41 30
-17.86013184407031 -45.58194024364348 1454.3576604912648 112 114 113
16.962516454279097 -34.77859844300328 1473.1840180956005 149 144 141
90.01322637203135 17.185382672626773 1474.2979486263773 57 57 43
-33.37990916467703 -50.17149500233525 1444.3116796851589 192 189 182
19.526658333535345 -15.739081501527608 1447.2905913174557 40 38 35
13.425456539495242 -21.253199386256085 1460.331444604337 109 113 116
-27.07165646634541 -48.05205625488753 1448.0054763014125 79 75 28
-27.612192853056364 -63.15569893965487 1470.278447391887 38 31 32
64.21769755529866 8.332010393158091 1458.4277220703577 130 117 85
-19.333152041714126 -47.78227125412501 1464.1068337185914 59 54 49
-2.787367052568373 -31.480817356801268 1459.2325472175378 128 130 129
36.47712378605793 -6.213287262792008 1459.680590758032 135 145 149
-12.117912993887584 -56.23011308649923 1475.718338086081 152 139 139
-6.632941718056726 -33.4034796061376 1461.64794702077 82 66 64
55.257783592757434 5.3069039360291885 1454.399945271196 165 153 142
-13.749852262791533 -57.298763569558034 1476.2295085845424 149 145 146
13.425627707619773 -21.095423568893114 1462.3521156770837 186 190 191
35.24998599541996 -7.538976592523663 1464.8960694541731 31 39 43
67.0154231282071 8.91128936213208 1460.5162245091285 128 121 111
81.03764094726934 23.124926001829575 1455.4513187321413 104 94 63
40.80038130414841 -4.2729249113592775 1466.7736710282395 134 141 147
-24.303026983144033 -56.81049921034807 1465.7143357313337 52 51 47
49.42675193412541 -11.489313811553151 1474.6660967422165 35 36 31
38.5224661297758 -4.803618340683261 1462.5707735772216 83 92 99
63.93982709872155 13.497971383336775 1450.6763697469141 63 59 32
57.65824013771023 10.387194387446302 1448.5166801641494 73 71 42
-12.474823334883796 -44.097392668138866 1460.9816132068793 33 33 21
50.19841786644903 3.215587524129614 1459.4910207387877 199 197 193
60.02330653521893 14.601205695216692 1444.59298739737 78 77 75
-12.704654259397321 -38.19796964038882 1447.5684630428188 92 80 47
78.03980339795875 24.028226751196396 1450.3841992816217 178 165 141
-20.927939403404295 -43.3305631986271 1446.8490753316753 117 102 82
-42.97286224786837 -59.586618896170876 1449.1500823452493 108 84 69
45.128747375218836 -2.9745814937716353 1455.3202593754406 102 101 97
-0.8683954558474144 -28.145954532838818 1444.0268339531526 214 210 197
35.17147165642064 -7.561254776329818 1464.715417094489 142 152 155
48.76787780889638 3.390342824468751 1449.870668650624 120 102 63
-13.01830818792594 -37.60859224959713 1446.2719108100187 182 179 175
42.07489986626507 -1.453380044328147 1461.905341692685 130 140 141
50.45771033491107 3.065734395453666 1452.0440256707968 186 183 174
80.89556633357617 19.725582936489314 1459.3915941460114 141 136 107
-47.39369622011534 -58.275663796879 1452.279802289765 136 140 127
55.6802892034867 5.2790421015776126 1460.29602879445 165 170 174
79.07794801029748 17.220973457193463 1460.8383202749749 97 98 100
65.62048409697499 11.83912316304923 1454.7643603227116 87 86 63
58.378060198566295 13.430971371926168 1444.2079194220198 72 72 72
-3.748148353253495 -31.463847764492378 1446.6551287716504 107 101 64
18.26269561000764 -32.44179393415621 1471.1685821869653 129 121 108
78.77086893025799 23.97553547483578 1451.2739389011128 166 155 123
46.9694985479739 3.032391847258405 1448.3652835816672 109 96 64
-7.564385206852307 -34.197721210345215 1446.9780684920192 172 159 140
52.48139639700689 -12.228627881051391 1476.6751893392443 105 106 102
46.07922925938926 1.6027147680684286 1449.4721844472765 39 36 29
46.658408264380846 1.3473342589549273 1450.569432511656 60 52 49
47.18652457177372 0.7915730965242841 1452.049149988965 194 193 189
-12.278018039349869 -55.94775520237703 1474.9825352558141 203 207 203
54.2347967849411 4.391158141171889 1460.3540069413698 71 72 77
79.0856777422457 17.359948229702585 1460.6799302001643 186 185 181
22.28374378311958 -17.791110117324248 1453.541734111694 141 118 110
34.32640352605094 -7.568670757886341 1459.1195088578065 86 94 105
30.362898809214677 -10.3312742309652 1459.3127977277993 110 123 131
-14.46559995809351 -43.709429564901605 1454.6196828754867 45 40 37
70.55096100193616 -1.4044731545968399 1479.5160115319882 188 186 187
-35.603920795860496 -76.7866557523594 1482.0090887600707 175 166 164
-20.776208200401918 -44.925894681612874 1450.0319559158265 148 135 108
-4.571361965955585 -32.15290942564539 1461.6351031253255 58 50 48
36.30205742540939 -5.978134710973026 1457.4077084879743 154 166 166
85.7150036230325 13.701294742926086 1473.6456196743163 133 126 89
67.67960032741861 3.6994427646278853 1472.581827962382 44 44 44
-46.71568487985094 -82.62241480387979 1480.0181216654303 146 130 101
51.24348719997568 3.7169879189654296 1451.8862676144042 78 76 68
26.002368781749166 -13.239466113103468 1459.340435578849 146 155 160
73.71030405105454 4.791213543283495 1473.021393683341 84 87 86
18.621614617250916 -15.748822467033218 1446.2224210837526 141 118 101
-10.814637650787718 -39.71085007368163 1462.4354845034015 152 153 155
47.85719957835433 1.2547377637331698 1452.0452847928784 187 186 181
41.5236992597165 -2.0547986068121844 1462.7614798280697 153 160 166
30.893356781491878 -9.748709486112425 1458.0048435461024 147 157 157
37.066427792137596 -6.769949266239064 1466.8343253981593 150 162 165
35.83022864702945 -7.1937354253338865 1465.0675458278997 60 68 75
35.96830823802556 -8.29296522348803 1455.5961864468973 148 148 143
-6.591993813339008 -33.618141293470586 1460.758071753231 180 184 187
-26.5190123777032 -47.39942902466626 1447.5343887318106 72 70 19
-27.699901232803565 -48.268048524012116 1447.604089617129 55 58 25
45.838391949215875 -1.2820440462793279 1453.8431929272556 164 161 153
39.80059150126502 -3.2857450109741344 1462.753471885854 175 189 190
-14.53739595701539 -57.5402231048225 1475.2112727381136 49 46 43
80.22095018218388 22.853968223917818 1454.8016956598583 161 146 115
64.58039170061107 9.739940988499775 1456.7825307636986 128 117 91
65.37893456350697 16.293395791084723 1447.6266375623825 205 196 187
34.39110414589489 -7.722854376356027 1460.9252734215645 63 72 79
21.650785711500724 -18.16130444529844 1453.3377578515717 208 201 193
39.83554113841635 -3.294584095904744 1462.8996663705464 115 124 132
42.367449915826334 -1.8526941684078146 1452.8369794243977 212 223 236
-3.9816913212283542 -32.1853064372377 1459.608560667141 133 134 129
47.01233002041048 -0.15886519548544176 1455.9681534865156 46 38 39
39.15254574515912 -5.275854705609005 1466.4909341076545 157 168 171
7.162489055279217 -44.967517996851385 1477.9731870548944 147 134 118
80.17619276417653 15.494695655319063 1465.0432681241039 72 70 71
-8.04505640249066 -36.313736326672874 1449.9866326934268 188 168 134
-17.641618121909534 -42.93061686816474 1456.7863397690505 121 133 142
37.1015966180006 -12.386000368087469 1463.3342075216262 201 173 163
-1.5398305068248637 -28.871734252749967 1445.0379683192418 143 127 95
53.272091891109696 -12.918232406307295 1478.0723026809972 39 31 26
42.70775892871856 -0.973096661989396 1452.2119134821942 6 8 11
55.888662379407954 9.879332028265246 1447.4220209195494 169 157 129
22.95368140451849 -11.618629650399912 1444.4249283845586 164 164 164
-43.355058980208625 -57.67768053087422 1445.276808259024 72 69 65
34.589806151139335 -7.572633027249397 1461.7209655514482 134 147 153
-6.789602069533371 -34.07419866371403 1459.5247325489208 177 180 179
31.954193287821678 -9.072473148113517 1458.2884585288923 143 155 158
22.484213701879465 -20.21886115686496 1458.77525596198 23 27 35
53.07194030790506 9.751698596230684 1444.4677535480155 234 233 228
66.75528520741568 14.321463407528036 1451.8453113148971 226 225 223
-6.871068945090745 -33.88180303923069 1460.2557218271086 152 152 152
-19.66635355439106 -43.46056629337669 1448.754643969667 97 96 43
64.60742092738246 5.48047236168861 1463.2605787976122 156 155 150
4.134660392140036 -32.6176173975565 1456.7691862071742 136 118 75
11.085795633278666 -23.168603469869595 1449.8356401152998 181 168 149
44.126807396574726 -4.129923950092741 1468.613968524451 127 138 144
7.781980508757652 -25.69402079298694 1456.9678577529273 142 147 150
-20.18294502455948 -44.312679518291056 1449.6617734085692 177 165 127
-21.06955549059047 -55.482130505053846 1465.7496033320738 69 76 45
32.61752767101832 -8.869001743883787 1460.0022151331748 132 145 151
13.649317135142079 -21.13704394676283 1460.1844029366234 45 49 54
39.594895867859385 -3.2558540154801086 1462.430924209888 165 172 180
-12.032027868468168 -37.00159293665887 1449.8307136057522 254 255 255
8.578223897697324 -21.70034674800908 1444.1345930886746 64 42 30
64.43949060184345 16.61292037812415 1446.344627703963 202 199 194
-13.960863634869687 -37.26494251574689 1444.6212881617537 119 112 108
45.87837711673494 -0.11812019925681869 1451.937065658513 51 48 36
45.17448545317417 0.7294558507204706 1449.8333511168364 227 225 220
37.68437021849565 -5.366760061106284 1459.6451182051103 149 159 161
35.032196687292625 -7.789009245076065 1465.1459002727977 156 167 171
34.115249800526485 -7.833368672526577 1460.2156618726626 191 201 203
-7.144895355469533 -36.29121425758636 1451.0921965615942 188 172 148
11.936900166077887 -19.28394954909334 1444.4151983301103 201 198 191
58.0062093416513 -8.84393858025579 1476.6836795260012 56 54 50
61.28364001171492 6.724508151208558 1462.6458326552738 8 8 8
-29.229547881156552 -65.14876347845257 1471.8909748017468 146 144 146
-26.610608582713 -45.53629783999779 1443.975732376404 216 214 210
48.829078427233846 -8.383234040844112 1471.0021646369455 40 42 19
-44.047830916418775 -58.15853965974223 1445.2825406867485 73 74 63
28.834502732024287 -17.487846883350436 1460.0546994344838 225 225 227
40.83656604973874 -1.598322638460677 1461.5359092622043 143 150 156
14.86844836889867 -19.99779036194496 1448.9330501917118 164 152 126
59.41649525720995 12.443531667969339 1447.5427190415037 177 173 167
52.69293952158913 9.481855545317083 1444.0668357769214 199 197 184
-21.375730071933774 -47.76273697312126 1454.0547601103258 18 17 15
36.87051594115515 -6.924695132947256 1466.98076615607 145 158 164
-11.023138687165497 -44.496053096926964 1463.1885032432272 184 183 181
15.867337927904073 -17.619581155607214 1446.6116360816502 64 69 42
-27.310794420185083 -51.70987799558888 1454.5156183254926 50 41 38
54.73773008333697 10.930022549703097 1444.0547309770068 164 154 149
35.905301880234354 -6.166724102051326 1456.9685479939715 144 151 156
-14.266504898709163 -43.90041353212352 1455.0739042218663 45 44 33
-44.83818487022678 -63.39930227565673 1453.3919166008695 20 18 17
-44.204603776317754 -62.00674260524865 1451.953396545737 39 38 25
-25.350508416883017 -47.21108343848101 1448.6234674187654 139 128 93
11.784513361607711 -19.542443238557343 1444.4877086962106 124 114 91
-34.35744061424213 -54.969908597098915 1450.8506881563544 59 50 43
40.75955509910585 -3.1092739734607973 1458.8686111076472 57 66 72
70.67947105595654 3.23536529813316 1473.117005604717 29 19 14
84.54861469859019 14.744005458140784 1470.716452876128 148 134 103
56.35885481998698 6.791931731577851 1454.803658167812 176 178 177
49.31155360673257 7.022868896925395 1444.017695091713 192 188 178
-46.33606767046253 -84.03456770959693 1482.9554860377004 59 54 52
-10.66586365549699 -56.92050366346302 1478.3530696465398 135 124 116
-22.56343314788775 -42.82384052833792 1443.9220256261121 190 187 180
53.18651822314172 2.233471341621953 1463.4397581143066 239 244 247
33.02571846660982 -8.499047762691081 1459.2846968033837 124 134 143
64.84858028354716 -1.250931461467673 1473.9806320051887 38 39 21
-15.989154142544946 -41.68101561450388 1449.9299324082883 131 117 80
-49.45625779709143 -78.61452410531142 1471.9239441957423 190 187 182
41.67851960630461 -1.3829813337124062 1461.5169160981768 165 179 180
41.53204422645377 -3.7758804679618914 1466.9067286903255 158 172 175
22.457099116105653 -29.74071063702431 1471.2695516862277 44 48 28
-38.305854764024716 -76.14760701941418 1478.6122682155226 94 86 76
31.60932964612872 -10.547644205601834 1460.80579736216 185 195 197
-19.429633929800247 -46.29187839761232 1461.9117232503183 225 228 234
47.92951890388393 -0.30894600969376157 1455.5002101140938 124 120 111
35.773949611654515 -6.62949167294162 1459.2427814902042 135 143 146
15.388412308037946 -20.23490050813195 1463.286512847943 235 236 237
-2.4098558712633618 -30.619278821461144 1461.1943265261316 144 144 144
-31.899276404743986 -64.24355535216404 1468.150424575803 21 20 18
36.41452980248373 -7.1457719632737975 1466.550645941433 146 158 159
42.7250957811785 -2.3186220334969367 1464.4513695732232 119 124 128
-54.185866978425 -80.78520932176762 1469.4701611722242 188 192 193
-41.74419432806069 -57.85752579563213 1447.503108260167 119 102 86
55.26022769520323 6.626800728828688 1452.366668798898 171 164 154
35.263734485652584 -7.143001636892053 1463.370033033185 73 80 88
36.38749526931159 -6.8437713960232145 1465.2790355779944 147 157 159
-9.306302753123122 -42.694683373582244 1465.0790162714286 74 70 69
72.33152717839074 6.3746290272828405 1469.3230621730686 197 190 185
-27.029409760626336 -64.01613932396536 1472.2187118792717 128 127 125
90.81739577703688 13.314467921032556 1480.5713841304669 29 26 22
59.76690943356723 -4.990355490693448 1472.9034955083844 79 81 44
-42.46861366657579 -61.03490050176357 1452.2514806122501 45 31 28
-29.855204807181806 -63.9317549678724 1469.7320580617427 106 106 106
-8.218857085634468 -56.07995176344683 1479.3518063856886 146 133 116
1.3608622728731419 -32.504898860776365 1453.99287382598 29 39 31
-28.110010265552084 -62.971123033615754 1469.5854035141708 102 101 99
-27.32673467410728 -49.16052931714172 1449.5989399855864 177 161 126
-46.65254354345408 -59.66847065840957 1444.864045353301 69 69 60
25.790436225009152 -16.44051449265819 1455.2482016316576 46 49 28
57.578764374246774 9.92757548989111 1449.2514030034142 66 69 38
50.44904938993464 6.76640007186782 1446.3030314577968 90 93 67
64.76391775513075 9.808252611319334 1456.9317052271088 70 67 38
-31.206950295859606 -60.39349210596805 1466.7953122997665 24 24 26
64.48422041898952 12.837820488983304 1452.1902349835807 143 129 110
-8.839590402024552 -55.78144776458823 1478.8114400907252 56 41 37
-39.87407076014924 -57.290028764450184 1448.7708906085252 97 87 71
5.945548382426159 -31.38570534742951 1457.1157742215353 92 82 51
-2.6656213347698032 -33.0028102254445 1450.4958440719654 78 72 50
54.374328089332685 5.583574144807406 1452.3521064338058 160 162 161
38.34807807682257 -4.810551851575353 1458.9486527887063 112 120 123
-24.398675824284116 -59.44794339357809 1475.108887790623 139 145 141
-21.973404398723876 -59.88146549780931 1471.4810542689536 200 201 203
-26.045893140053625 -46.90498810002178 1447.2848650967023 93 83 49
-25.938209429000487 -60.52051470386909 1468.5405010632437 96 91 59
18.807186590087717 -16.39589008252382 1447.5132286411529 144 144 143
56.35611544077539 9.468947845844468 1448.537616049525 120 114 83
51.972450249309276 8.986893912227359 1444.0523321855412 200 197 189
-26.09030876358034 -48.75884771886663 1457.6129773149416 80 93 100
-36.76704109841869 -53.234214406194916 1445.279421016093 71 74 54
1.3995191781390686 -27.564868240483165 1446.0295541149055 163 142 115
-49.980012501184746 -74.34942494347213 1470.0527484976503 206 195 190
-39.807822792425206 -55.71536629957268 1445.9215224626466 182 183 178
-35.56205103760864 -56.14280227396915 1457.4516558473922 165 164 159
-7.821253443955984 -35.82914642939863 1449.5020633306538 200 181 143
-34.30244377935433 -70.81843189010023 1475.068144897762 106 94 80
2.542135585735684 -31.415954106949552 1453.39701020584 26 9 1
64.2885229622016 9.842977480074753 1456.8457408252364 100 93 61
14.365090167261297 -32.33516740691834 1467.4633684559353 199 194 190
19.577384516023105 -19.062873536583023 1455.6445773794123 15 17 16
84.04439604519408 14.49102072409442 1470.5569832102738 60 59 43
55.78358085693148 6.732288644095288 1452.0715008691595 22 23 24
-40.282872658392236 -58.95699359044037 1451.166951669024 69 66 45
26.181558531628276 -22.932499981800753 1464.9149024055368 176 165 156
-36.24415858808374 -52.23713693412869 1444.4652579888727 167 169 163
-23.235866427021328 -58.75685791817262 1472.753626399246 60 39 36
35.24607078802854 -7.137053393416568 1463.1447972937822 161 172 175
11.969930086035038 -20.37652108299629 1446.2844680121414 74 73 44
4.8778231273327215 -33.40438997291662 1460.789463991882 14 14 13
6.436257975538684 -22.618838683674362 1443.826304842088 187 182 179
1.7643617510026866 -25.95388211505701 1443.7386526070934 90 85 84
-2.3533337305918507 -32.82083627103932 1450.5687986517646 113 107 101
-3.252411460843024 -32.37632710974588 1448.566222776668 204 197 192
-35.57708059587502 -58.25894698523712 1455.8284997484877 63 62 60
30.313505909539842 -10.22239589735603 1458.3048273792022 143 154 156
32.44033550955162 -19.84008397461693 1466.9586896162323 166 163 146
-28.09168897713748 -47.99004008403497 1446.468011881226 89 84 62
-22.158822857867456 -46.50396493756766 1451.1107908483848 78 74 36
66.81885213110081 9.702001646044907 1459.154616874816 145 137 120
73.32481975791549 -1.746307847267414 1449.9845428131373 36 36 36
-26.068526174098583 -49.15096809636474 1461.522716638961 210 205 201
-48.81634355830877 -80.15366450913298 1473.5697748306602 36 36 34
39.71811887803863 -15.007068192114554 1467.6097399858559 246 252 254
-39.46973792222091 -62.66904100274639 1463.9602523234457 86 80 80
38.81751168632465 -4.756112119302861 1463.39379201605 142 151 156
-5.0472610765356185 -33.26126847555913 1458.2752729300098 141 141 141
-5.4132361221416145 -32.95743159801135 1460.2425682772239 138 138 136
15.572063015628581 -22.319197036839967 1454.3985709172491 27 29 31
-34.038421564632124 -51.906898368918895 1446.4308996478658 103 91 85
-27.330457214934754 -64.32792386454119 1472.3445134500607 189 193 194
32.59758391934536 -8.464537029156762 1457.0788733395955 58 65 71
-11.160926830686094 -37.47614025923678 1451.3606285677176 247 252 255
21.074526616046796 -29.14675122478688 1469.0906742341258 53 67 40
63.72827876309066 7.110036126137008 1460.5573011738734 146 144 135
45.533636958310126 -1.6139426659568248 1453.8990302488828 138 126 119
-40.01665260650744 -59.98451137420815 1453.2303246866643 57 59 49
-24.54113173306166 -47.189619622132575 1449.7387399141837 105 102 62
0.9173112020367764 -26.735277936693667 1443.8981686315078 233 223 213
-33.57330481289928 -51.624692293627184 1446.3784579060866 89 82 76
39.15006344816729 -5.7052704410574995 1455.6496492259323 196 213 221
-18.73417250639912 -41.433697470704246 1446.162856778566 187 182 178
30.057017821482575 -10.490779798290198 1459.0304755070404 135 146 150
-26.06049696447196 -60.699351981029764 1468.7543865491273 215 216 214
-33.68940429537127 -71.07122390285225 1476.0110797016928 72 61 42
-40.78959290114272 -62.25255606733003 1461.8257393000208 100 96 95
1.834610556036075 -31.546149602860478 1455.3527298902309 199 210 216
66.43914171986789 10.963411216990295 1456.9315818030311 205 201 189
51.524425567658696 -11.35115023717806 1477.0353455638476 52 49 37
12.347797688470429 -20.076752741999318 1446.2358193318064 167 155 125
-7.564385206852307 -34.197721210345215 1446.9780684920192 172 159 140
79.91957834291968 16.252201325781936 1463.333157646919 195 194 188
-2.470844129193774 -29.391411376765255 1444.1603826857308 55 48 44
2.0813231651720048 -26.193963368189937 1444.1362847145465 94 94 92
5.888551585142947 -32.27548516998462 1460.688251871677 147 147 147
-20.857866909190342 -41.5787692490587 1443.8967762881746 194 191 184
15.720096199096703 -22.376339994114353 1454.6254750098062 32 32 32
53.03101268162637 4.723803501853461 1452.2115136076723 46 42 39
45.20309233850482 0.5915197187408788 1450.0608465408582 224 224 217
-8.149561970126442 -55.59394618650374 1478.6563164799745 74 64 65
-7.46577356139413 -36.02283499512073 1450.20532756364 91 72 41
-33.143842053448004 -54.27825844604701 1456.9720371002443 152 151 147
-23.045829337227232 -47.049350078105505 1451.0758528593021 82 82 53
-11.986087638552085 -36.26493274858785 1445.2680321721743 200 197 192
38.9273251883014 -2.5168807914806406 1460.5535192256377 175 185 186
-46.369720701042816 -81.04831561933656 1477.7644517233553 21 18 18
37.119695597833626 -5.487694130017783 1457.6566835438625 155 165 167
-34.75105975421552 -73.55673731472791 1478.4869149823555 98 82 69
-17.319219519598263 -42.47452367873291 1455.7356366212841 59 65 73
50.628574656974685 2.0445457830979046 1454.6598404549904 18 18 20
-45.69900212646963 -58.551906530337014 1444.0884388528452 194 193 189
18.885648967033035 -15.766302359691426 1446.6110557030283 96 83 74
14.950340094826899 -21.99685790197761 1453.028753719794 64 52 52
10.714863871742612 -21.356125368503378 1446.4674017908605 70 62 33
56.313647968449395 7.330140277391063 1451.8153017766851 76 77 61
64.35764019582206 12.444108018293793 1452.6114063007694 44 43 28
58.758616793522314 11.396905555433829 1448.341385627846 190 192 185
1.9461851393498995 -25.99357710276938 1443.9248721553197 140 123 111
-13.421544891825025 -53.38243327463571 1470.140173016685 126 115 87
-16.92322116905001 -41.74432486169586 1448.9763328956467 98 83 46
22.490917596193793 -16.451887240581033 1451.5524405921292 213 201 187
79.98754515166249 14.899583534513738 1467.3141910041345 42 48 52
57.485544645880495 0.24526881064627618 1468.2703900286435 146 154 159
36.701198518237234 -6.540066024499313 1464.979417157354 155 169 169
16.083824579844123 -19.353516304985547 1449.2418070283986 105 101 72
-17.968931447545305 -45.6840199657796 1454.2276677816433 100 100 100
-43.76008578867643 -59.07633778966104 1447.3124168739284 131 113 97
29.791248609062094 -10.533789106147362 1458.104764114801 75 85 88
-11.995968228902045 -41.43600141228885 1453.837931330921 146 130 107
64.0933179291523 6.474512998725062 1461.184514244206 51 45 45
1.7966290913801368 -28.062466809464333 1447.3730162517772 64 53 41
54.86242410971047 10.903790473108394 1444.1494860651246 60 60 58
38.75336585726204 -5.534244481470355 1466.3861044808293 150 161 167
-53.6068010839949 -75.4132089542634 1471.4792002242543 189 188 183
39.36212368937718 -2.5242993679225836 1448.0135142853032 217 212 205
38.86709326578302 -3.1309862397921484 1461.139985725419 164 171 177
-25.938209429000487 -60.52051470386909 1468.5405010632437 96 91 59
-32.55067698940813 -75.19329191127468 1482.4454704813477 47 54 38
63.16613450209011 6.103505519381923 1460.6363602611484 89 88 81
3.9589568761009666 -27.36435636323113 1448.8020964986733 143 140 131
9.011574958518528 -22.85844018188108 1446.9868333111624 94 92 59
68.52169413292324 11.480336425772894 1457.8136443413875 97 96 92
43.997900992808844 -3.69779204144689 1455.970687342109 162 170 173
49.37754251465964 1.64590747285147 1453.3823321066675 86 82 79
-14.059244005089534 -40.89547955847136 1450.5296071232742 90 82 37
-8.699161080440799 -40.4936246512746 1463.5936482436064 199 200 196
-47.255693662528614 -65.56520744791278 1454.1586100458787 54 59 65
-15.696069097731078 -38.84957911627396 1445.2279087417428 203 196 189
46.01876333328608 0.4951567089338614 1451.1525767965775 58 59 35
20.49889474936489 -13.720109442997867 1445.0981817350676 148 132 103
-50.3354727979931 -68.23965349219971 1460.7714546095492 174 168 168
4.505618373102342 -31.911988918440947 1456.2337612628464 167 140 98
-18.132183129518037 -42.968496001024164 1455.480468053449 188 192 196
-12.046770262131275 -58.05330067265613 1478.6245970885543 134 124 120
26.001786850012092 -24.55614201604913 1467.1045299677648 174 161 151
-21.83741331029657 -43.64967450607798 1446.2409876448291 85 76 48
-23.665727292236106 -46.373450672071364 1455.1593525281835 67 74 81
38.39261363482252 -4.799960937959369 1462.293867287453 48 57 64
80.01145049877589 13.469411978911035 1469.930271930667 102 107 112
67.32889452160886 20.20303332768667 1444.5934611272069 146 147 149
51.849762478067895 6.714709592031496 1447.826585960888 107 93 53
65.21893528773181 14.41780313722446 1451.0362669996575 204 201 192
36.56121612994832 -5.948767566206407 1458.3777325451963 129 136 144
-5.010662445172685 -50.92022734718941 1477.1417667193268 50 52 42
43.30138635569035 -2.564616084961461 1467.0259957323929 32 36 39
-17.95517367106832 -41.73127603452184 1447.7695409906323 195 180 154
-20.7003430421845 -55.17826774580155 1465.6925968586877 37 44 21
15.468022583690523 -20.14802303274424 1463.1816484797862 61 62 64
-14.895681418178642 -60.76178080504915 1479.0743735454223 102 96 96
76.22288711148144 1.375934414582948 1480.942251943462 70 69 70
-7.725248394812547 -49.083118521442074 1469.4828384000737 173 173 171
14.359780451962086 -23.738206677687902 1454.5397291272086 118 109 102
36.60382933381458 -6.194685691831614 1462.5767709839668 131 142 146
36.984605104378815 -5.5039361294256395 1457.3962616776857 153 167 170
-5.166138140264504 -32.746945647721674 1460.3641854795867 166 165 163
-27.51316986663248 -62.26007182470614 1468.9675250603457 118 117 115
62.59878056400806 9.261405369632692 1455.524911364537 111 97 71
-22.357548719276604 -45.22998623696245 1448.712508801223 185 170 149
-32.94583164983263 -60.90241925893403 1467.0839639565904 35 35 36
52.148295716287315 6.622491077138624 1448.2660568707327 177 167 137
19.606685892692717 -18.640884319225655 1455.8905123485101 195 203 209
53.10711943831239 6.17570490263694 1450.0476512266541 56 55 25
56.769968939541705 7.349289785787145 1452.3687585036566 112 112 110
13.762183402042435 -19.00220707101719 1446.112674788429 102 91 72
-17.735011126852662 -45.26576754496514 1453.8494838525228 160 161 163
33.1968674504396 -8.402989743110005 1459.4301304713542 140 151 155
15.54842820487842 -23.194540165738665 1465.9370873191647 207 208 210
65.15318757143308 12.334283022305469 1453.6681986915983 30 38 15
15.238892839065915 -22.33021912438058 1454.0949415887674 178 190 198
37.13305866856435 -2.5703121588668214 1446.0921440021689 207 206 200
19.56963523314861 -19.58676251009315 1453.817902653251 29 42 17
36.373316749301054 -7.2177569020152 1466.7061641923517 149 160 163
-11.209006783779193 -56.148567519198586 1476.3705819406523 80 72 61
33.10266172911173 -8.474896642624275 1459.4953110847607 46 56 64
-8.413622579478076 -53.517171341569764 1475.0878401019256 114 104 92
5.980297550423792 -33.66347551706476 1460.260089322958 80 71 63
49.86289261226938 4.294784725162508 1449.5142689848874 80 70 43
-34.398514808036005 -52.084359501597305 1446.112038827646 181 178 171
-14.747866359927468 -40.560309142806254 1449.3046231961862 186 171 138
-6.596398691252735 -33.43106520303002 1461.7596618498023 219 218 214
12.994044325000408 -20.761835438445583 1448.1798386004446 100 95 64
32.83762222044111 -4.329873378803257 1443.8073355852596 165 162 157
35.17364214497444 -7.490264917270056 1464.4394243755683 157 166 173
40.982835753954646 -1.1149545812362964 1460.7292158071878 150 158 160
47.34697166604175 2.841866959252559 1448.9641436071415 95 87 59
-36.08830552307366 -77.09993993376438 1481.9796237627904 163 158 155
-44.793853423197795 -65.05134877109816 1464.0989726442074 194 195 200
12.203602691688914 -23.674173633419578 1455.9676173822304 206 211 214
36.275523496237696 -6.423239745721226 1463.136028302459 163 177 178
-5.636525237125418 -33.82483208869119 1457.6660219873897 149 151 150
-8.4971316764872 -34.8849333270171 1447.1731879609533 132 115 85
46.36395537086502 0.08052804999125979 1452.1698142027483 173 169 170
74.81293772823187 23.85741302242143 1446.8013588671597 210 207 200
50.43905378412994 2.9463262941276858 1452.1203458809737 51 48 48
24.02681190640727 -17.935237327922778 1457.8984357783029 115 140 165
-25.59689726620755 -46.3027594193199 1446.4950689837042 153 136 108
56.82437997996134 6.4654269797714 1459.9360168240785 27 28 30
-26.48611721674948 -45.591803429278535 1443.9093428155447 202 199 195
-19.54871734619779 -62.58362720625487 1477.7337935502396 193 189 190
-8.424511422090488 -34.355430265406085 1446.1767551767211 105 97 76
34.09862080776855 -7.458638605938817 1457.474881536029 87 96 103
-38.28719255118166 -54.912881809423624 1446.3588403935032 71 69 57
-2.7882859754054987 -31.48128724700087 1459.2326910095164 128 130 129
2.255324098021403 -25.5302332670618 1443.697793167313 82 86 90
21.269554765353515 -14.191419284316343 1446.7468560424898 126 111 69
-30.471943986038145 -62.19156234072378 1469.1075345975084 111 109 110
31.046015347069183 -9.321705550495713 1456.26705290034 87 40 23
34.83483351539082 -18.058705711967846 1467.8657844901459 150 139 118
-8.561348947766177 -48.86913786132507 1468.2049732047014 65 66 49
2.052707849508794 -42.36750865077731 1469.981057294584 185 185 182
-35.18610660450097 -77.40953529641222 1482.9206236467455 56 62 48
-7.191769828963441 -49.69466452263389 1473.5858754981102 69 52 28
-35.805103239693096 -51.95052907164499 1444.0470974195314 147 144 137
38.363732611346514 -4.344657877546636 1461.7123868408805 149 158 160
-10.520178366362181 -56.066733205702384 1477.278582170314 49 45 42
35.77298608430669 -6.455850954947883 1458.2454881951624 151 162 166
-23.394551779548785 -62.791620600377065 1476.6267766884753 17 17 16
-25.848171600483393 -61.00308556778453 1469.3999581235773 185 185 185
34.930177713867714 -7.2979342136658625 1459.9906837312967 155 168 174
85.08923697180427 13.065108677767732 1473.9043496278168 79 80 56
-16.917708164892648 -57.6927740338801 1473.284590825217 95 88 42
42.855659763434076 -2.8630324413508066 1466.9006248973508 128 138 147
-22.768937873185855 -60.13612143664577 1471.1018535389796 29 29 27
30.839638107264083 -10.029704687219448 1459.5829672531195 137 151 154
-41.62320670638122 -56.43894062310408 1445.202171304079 146 145 141
-15.791208454362128 -42.554473146759 1451.0808402437606 78 72 50
-48.17702204336239 -67.25570418917812 1462.4117694059055 75 67 67
22.369470107361987 -12.372106601934007 1445.0442879588936 80 89 58
-19.450921285194106 -47.05374078319494 1462.7572697412745 9 8 11
63.55153228885111 11.067835394810015 1453.709398319854 175 161 129
-45.41171458292329 -64.49549438808604 1462.2741978798863 82 81 79
47.339773461342325 0.7763087089717433 1452.2294547748074 38 37 38
-43.991422211451834 -59.48745953260248 1448.3323557010428 208 191 171
50.60550072174153 7.871929108419221 1444.617536805577 202 198 187
-2.4391154928199112 -29.252105876859382 1444.4452715947739 219 211 190
40.472161703402115 -3.044131606414601 1463.5136808001143 177 186 191
65.4437115088684 -1.3675034320909816 1474.1373593800715 65 72 39
38.33958254561967 -5.099480815207803 1463.4249128182653 153 165 171
66.18308098074722 8.448979782061054 1460.3954606176178 58 59 37
68.51283340349202 3.675094589323047 1469.6012567184075 155 154 152
-8.14607016188408 -53.19369753206347 1474.9355816952836 33 25 22
8.550911222040463 -21.84769483357183 1444.731207778623 220 216 205
-35.86230466006568 -52.65861892884041 1445.3537846901859 166 167 162
16.701418446483554 -32.708888288133316 1469.9399956966852 31 39 19
-39.37240452399624 -76.58907993273131 1478.3093988560354 186 181 181
-32.682712683410045 -53.31247720068371 1450.5230756945443 135 136 131
72.57498012385861 6.201766393306523 1469.7229901367389 190 179 175
37.75234872376488 -3.626889020412027 1459.9492291063377 241 246 246
46.50797743457577 2.0520753668755116 1449.2880094007783 82 77 36
51.39058305297027 -10.337434130672676 1472.9905449378834 119 119 116
80.04064751054443 21.112916176955572 1456.5066168255896 121 112 84
49.14438738909664 3.581446248350175 1458.4396424544127 250 250 250
64.41321702526047 13.07077926854957 1451.7478693628657 75 82 58
76.60029432801535 25.16964138105417 1446.4665490015338 74 74 54
62.2847842067051 9.626921443109383 1454.560582106721 188 171 138
13.953569078924609 -18.06180645822623 1444.6377267376513 133 109 94
46.54411012077464 1.0707208694175459 1450.9250202515254 92 91 71
-16.557078982439577 -44.34391599517993 1453.4270268364003 97 90 83
26.055583025810233 -24.68276560662785 1467.4232743546431 36 42 25
26.051279879573443 -27.351433873060156 1471.2959917711223 70 79 43
16.0244630747408 -18.53775502116665 1447.8109079868213 171 160 128
62.31562431358382 -7.851440242415684 1480.0164145436295 150 143 143
-26.850025718584764 -50.8590354507889 1452.8397942055649 98 96 97
17.84231182134464 -18.706435988354002 1450.1560479900852 109 98 64
-41.08541057131093 -77.23177965737766 1477.4955169218556 165 164 166
89.11940443783286 15.463624763276265 1475.72056365024 33 1 4
8.895592269188787 -21.366257269762208 1443.973748305434 119 92 75
-27.214075292834945 -49.26100916281545 1456.638166430706 127 134 145
-48.58001960966156 -80.13829606474425 1474.571434981738 58 62 36
-26.09973433687972 -50.093091575776086 1452.5082315531715 159 159 156
25.470692804483043 -17.034955491959526 1455.4572818454994 215 212 207
-8.936815692200462 -40.35475490056353 1463.3416260836204 174 170 167
56.2766284072163 6.233250059690179 1454.494710677822 151 147 138
-27.050619828648845 -63.293794145970615 1471.0770263942002 52 43 41
-32.64988132486316 -53.42464605870993 1451.1395782835646 117 117 115
36.085094721155336 -6.555824704212406 1461.5454713308352 125 134 140
38.3698194489084 -4.354055767736571 1461.7169076211605 149 158 160
32.74854699761571 -8.578236462106407 1458.5800244423092 154 165 167
81.10911039013438 15.146877992378514 1465.9394952950631 51 50 48
49.31405617000189 -0.9943171896925713 1464.2031980737336 155 160 164
-36.03696036941418 -51.305608027696806 1445.4593182507824 197 214 222
13.299818400145721 -32.75432080154553 1466.7402571785099 164 155 150
-32.76434149986472 -53.4496145116724 1450.6972628619073 192 193 188
-8.148407759887276 -55.55921643142422 1478.66161849525 73 67 61
17.39592872442443 -15.848975960352279 1445.0627348358253 160 153 143
-26.069658920993042 -45.54156329261222 1444.2273283448246 61 61 61
-23.67688439740437 -46.03820982696998 1448.3545833412095 90 78 53
-36.78833386240275 -53.86899602254068 1446.3287310816906 79 74 65
65.72179053770215 8.526133470074138 1459.7761230818028 43 44 23
50.2800085421653 3.306332499130114 1458.7129534164067 192 190 186
-9.559432159808175 -35.51678289792397 1446.9432840422376 89 81 42
-10.787012851119444 -35.29417748729751 1445.0640489479183 138 123 102
2.7744580763775 -27.69522418882625 1447.9173877076814 85 72 55
-4.344168001868558 -32.02031156806348 1460.973963544201 132 134 133
-48.465363708481114 -79.68376375357659 1473.1915956779142 103 97 97
38.23723034464186 -5.029121560583093 1462.2328150699002 126 136 140
10.88640826155222 -24.484746970655053 1451.910073900758 127 119 96
68.41385371004432 5.9763609878181265 1468.6785115731197 174 179 183
-28.626353055583746 -47.614077409813085 1445.2744485801447 188 188 186
-18.388767937338063 -41.71660424658192 1447.2320976858098 164 144 111
-9.2773439301471 -40.915646829693465 1464.5924022337024 115 104 105
30.903273981973285 -9.37705539875131 1456.2975816432536 173 152 139
38.50053425992314 -4.772497187486215 1462.4162163885917 249 253 254
69.72474235028992 -0.08492418338286828 1476.4492592147087 141 152 156
55.115521722099494 3.0517058365934573 1463.8656290587958 54 55 58
67.21842295869425 9.913752731337341 1459.464516758825 199 196 187
-25.39191225753233 -47.089516242815534 1448.2800705700486 203 185 146
65.28770562309273 16.12225794215949 1447.6256817769263 199 193 187
58.76761528718707 11.389936200112619 1448.3414044486274 190 192 185
-18.258098127954614 -42.09088791691242 1448.0579600238887 107 86 66
-10.469679266956128 -56.978869984224595 1478.6291562766085 81 73 69
-22.36551307332922 -45.49541138840689 1449.145944650618 175 160 127
37.78483644112197 -5.3824874826641835 1461.5836565923673 57 65 71
59.19754881833194 8.005402856752283 1454.3954103681858 165 155 143
-28.771328500736804 -48.526720962942065 1446.4669443006255 180 180 172
66.80002170525542 8.371426770064202 1461.148932356056 64 57 51
-25.113293993011656 -57.98816140367993 1465.666086071999 64 69 28
4.1587486418428306 -26.660237219639605 1448.3395592703018 42 38 35
3.3700696001498094 -25.185003501891163 1444.428995187578 149 146 139
-20.082619497015465 -40.99412295522449 1443.8928820667313 178 162 147
-25.713645899891887 -47.0919648214033 1447.9510462602166 82 78 33
41.17068922991718 -1.6124622481635673 1461.7527317337883 142 150 153
-14.592071914144611 -43.90962563933006 1454.8032150739011 50 44 39
-8.249093911067874 -34.87429730050886 1447.4388498662727 119 99 63
-4.6071365538898 -32.236122485272155 1446.9574110990422 210 196 164
-20.978471956263053 -47.82608887034874 1462.1773229539037 44 47 56
35.36162547775412 -7.369258361350806 1464.446611799224 146 157 161
51.99668725201561 4.415004048367058 1451.4790019796017 80 78 67
50.49318472895225 1.8140619300179266 1454.7165312147147 41 41 41
-25.691621083689874 -47.10542186326393 1447.9260408071177 61 54 24
-15.654707808984252 -59.19275015021579 1476.4755874336204 129 127 128
75.01920624582124 24.056995069639182 1446.1147573734802 93 94 96
-32.955964604597824 -53.54065881588354 1450.6836969669932 36 25 22
34.77504024361573 -6.92228554226548 1456.9814957102733 162 173 175
5.611197128839834 -33.982201423024435 1460.3367011153587 51 45 41
-43.231022521245976 -61.9185333834912 1452.8973813219436 21 20 18
35.62743870304411 -6.857783486260713 1462.2662844324523 127 134 141
-0.9013281670215931 -30.970492737828867 1449.2789497530875 107 95 72
-1.657904916082913 -30.154170806959783 1461.0537634622767 137 139 138
-27.199239533865658 -48.51808273106618 1448.6318605310514 74 65 33
56.79482033573927 12.1914406085629 1451.476697066742 68 68 68
-45.09951291231615 -58.876268019443586 1445.2252501795788 169 168 158
-1.1317734876520147 -30.71474078523704 1448.6020355160103 101 88 53
31.112774079090528 -9.860290101879608 1459.7488880222825 133 147 150
-40.895536537529765 -60.059580456039065 1458.3340636682424 81 79 79
51.569582652987656 -9.672742365965565 1471.526000009359 42 39 30
28.218459774034834 -25.73481916952887 1471.1613567935292 53 49 48
57.15534652817278 9.602677294136326 1449.2436260921738 116 102 73
6.359901149098883 -25.15591313669708 1447.7457366907706 139 136 131
-25.440068911494453 -59.71913200516804 1467.8213876946263 130 120 85
37.82566085431826 -4.843751965608283 1456.8223659491366 124 135 141
40.891767366689315 -2.529699461893609 1463.3722782675136 107 116 125
-7.894397223905302 -55.53803613027857 1478.7840633001658 58 47 47
61.0808837270598 15.303716509793484 1444.592679723722 81 77 74
16.059174838412144 -19.80720164980165 1449.8917172057254 200 201 196
-26.433756127429987 -48.682394767355056 1449.874201178773 63 58 26
-47.89261010144118 -60.758104006808125 1445.4106539432485 176 186 193
-18.821987997875482 -43.42386513785946 1449.721595010113 121 110 62
38.05963879631706 -5.352031009747872 1463.711649422661 145 154 160
9.889475876968387 -24.281320955042844 1457.138134852705 72 77 83
14.486856038982937 -18.36585214835749 1445.6939381607228 229 230 229
-33.718751020902104 -52.8953772051147 1448.218173714408 44 34 29
-22.257769871117645 -46.96202272142321 1451.7191330075764 163 155 115
88.00711138231499 14.686242904536272 1475.792121026184 69 23 28
75.4411142461657 4.718884429350374 1476.9670595294715 247 251 255
-34.70184827679442 -52.5450871101396 1446.9411995345777 65 52 39
-15.144560206016758 -57.941093447410836 1475.2050479921686 44 39 33
-34.65289227785901 -76.85777931868095 1483.1336554543163 22 26 17
-18.32885050202053 -43.32252755932994 1456.5099682242628 129 138 147
8.084345537657677 -23.028711653248493 1446.1413280328 152 137 125
21.11859950830007 -13.878104220027089 1446.1209129640067 78 84 49
-37.082013524730144 -54.09293959858525 1446.338402766184 58 56 48
65.85818539004549 11.883388141822527 1454.596952253403 216 212 202
17.314739514044984 -16.684578483584186 1446.2054973264374 202 197 191
-9.32541595659056 -33.52757824939054 1443.7514477814782 78 77 77
30.752270488374677 -9.985779823467144 1458.9533399852 39 49 56
-45.85175703535686 -58.58343406418826 1443.99838856963 63 59 58
66.06032646851111 7.773699266874443 1461.1865352874875 48 43 37
-0.8654884283609664 -31.447360845666708 1450.0808098830094 73 63 35
-39.25908299910593 -59.496149695130654 1453.2528059576491 61 58 51
42.43241909991515 0.9206675062480467 1446.4320042028282 58 62 37
-7.602178074341599 -50.43993604825108 1471.558237185758 101 92 87
-14.931170966831598 -44.00424731001952 1454.567408084272 36 36 38
70.3869603413413 -0.43941596048323617 1478.640220997456 65 55 53
34.67072734641614 -7.450343159185261 1461.3382346082326 68 73 83
58.1602056104571 6.942700875939122 1455.776056999586 126 130 134
64.70568985335731 12.817920894417906 1452.451065183999 81 78 66
5.282285486729619 -30.121349131704932 1454.5666005758994 196 181 148
-25.50433564847758 -44.73317602496071 1443.9352428859227 160 157 149
-23.077497263010887 -56.324404001370446 1465.5791771106342 75 78 59
-48.12287916467381 -60.09526638294751 1444.014024762837 60 61 61
67.47524590005054 -1.0702706907257542 1475.3775298505716 148 133 133
-26.39677148890871 -47.556124910859715 1447.9230157257966 157 146 103
45.15932066833784 3.0691019407197593 1446.2362521136959 67 69 45
-23.251234482363888 -44.747002285073414 1446.6674346244672 122 115 88
-51.30388540623654 -56.25505802396045 1453.3191930617702 136 136 131
17.620957780465055 -16.940527744640697 1447.0326005366687 148 131 114
-49.347598013885495 -59.920242916211095 1455.0806384235905 29 23 23
57.29078501309216 10.29354307175416 1448.3498123043296 177 165 140
70.90662763083161 3.3715949287146145 1473.1276293719195 227 185 187
0.6999591084564538 -29.634155442341708 1457.51377305275 84 86 87
53.55703496234336 6.738816588700785 1449.7142464742253 57 58 32
85.07492985468399 14.391209318098243 1471.2361157671867 63 54 42
5.543023478897675 -30.935469981255608 1455.9860345231773 106 88 49
51.366605161338704 6.093269162283583 1448.3280046249226 149 143 119
65.20317960114569 12.245532230340892 1453.7746387801021 120 119 87
-3.860500400221993 -118.68612825811375 1452.1917318365167 175 191 198
-29.743819355230766 -47.40620430768039 1443.8318154048616 85 84 83
42.70586266987381 -2.5865342146157024 1465.3271449889157 154 165 169
35.52794301528033 -6.310290024493231 1456.2538012206346 92 103 115
-9.521154970306291 -42.38001226317915 1464.4785177723286 75 69 69
-16.27722594521503 -58.849568427721366 1475.387669945231 85 81 74
-41.80809272831443 -57.677798296556176 1446.9609366798377 143 126 103
-7.371400748057651 -36.628743417241274 1451.3048787996497 191 173 143
87.70173072909459 13.86819488291047 1474.9871754926255 195 192 185
-3.825101145613948 -30.849488217375608 1461.9406445540096 17 15 17
-6.0392153834442075 -31.658989950546207 1444.4912035780599 206 200 181
35.44330759070212 -7.0137769636285485 1461.6967445531295 136 147 155
67.27118876643027 0.07289477493663969 1473.6792427423334 138 130 127
18.539318121894446 -32.48713968271983 1471.448421543995 51 61 41
-24.078933234205167 -57.11038281343952 1465.4219703469612 24 33 58
42.70137148258607 -2.319784561560204 1464.2093201997263 139 147 150
36.60657296597416 -6.647921883305934 1465.1142090759595 150 164 167
-6.579295070929067 -32.42269225925338 1445.119285789793 111 133 68
-35.44051595383206 -52.39295229186592 1445.4315013227651 71 70 66
86.85846767015542 14.963759439622445 1473.3971518720089 83 85 57
58.246997048687184 16.774086977827025 1448.759571196265 53 54 51
51.89053378170569 5.678476755828683 1449.4872885533875 70 71 38
66.7997368003582 -0.708366631750249 1474.2661624893465 167 158 153
84.92798443656366 14.026695675744145 1472.0777154518478 147 140 110
2.9517124860637947 -28.32921823801073 1449.1123650673144 185 176 162
37.07060806313408 -6.7482520432220605 1466.9591170762649 134 147 151
47.55982341568164 3.098696606720176 1448.7623617742945 173 158 123
-12.972863857977279 -56.79201703731735 1476.080340344869 43 32 33
84.44811285571036 15.350830313886236 1470.1043140824333 146 140 109
-44.39527029154152 -57.593531238357706 1443.992673050491 78 76 76
-41.32590340154545 -57.13804664692409 1446.6773093892305 58 53 36
85.45519711122905 9.796321238559848 1478.897499992047 215 212 205
-20.782902944006835 -43.3291147383994 1447.0129801833455 203 190 153
61.38195096033677 1.0633025040231419 1469.9311573630039 181 185 181
-27.17145682985461 -47.8001176048169 1447.5741782694483 106 90 61
65.92822870571939 10.523987061091312 1457.098181812881 149 139 125
37.13108413799291 -5.82108348117722 1462.7034112350561 123 134 140
58.86948113865101 13.934762361094727 1444.0269049572632 177 172 168
14.28534436419336 -32.92947888484851 1467.8994373076534 192 188 177
52.284107744440256 4.502331187118566 1452.6205888632876 171 171 166
-0.4939029300509392 -30.294149879780388 1457.8662024415617 131 131 131
-36.617798728025214 -77.90085965307435 1482.9666496706047 116 107 108
-9.910861884500674 -55.39577028175222 1476.4868068040678 31 29 25
-40.09060281997437 -56.8290259242052 1447.6191225950238 72 64 47
41.430892177452534 -1.9454219886794484 1451.5465969777438 173 182 187
42.06782356224479 -2.3467200608919754 1463.606255105676 169 184 186
1.9988983096824584 -41.736748775381784 1468.3221428260522 104 91 56
55.56320143921504 6.542187659873413 1452.2070823351135 49 46 44
30.625953999894758 -10.239318662247133 1459.9203943700331 35 44 51
36.272306295780105 -6.147516614040165 1458.3643751413147 157 165 168
-9.228486737817082 -35.49920652817908 1447.3273681372093 197 178 136
-44.851182715930626 -62.526559735145504 1452.2540150325478 177 178 182
39.300433292482545 -3.0270373150250274 1461.6976073168407 102 108 120
6.9013436111531465 -25.188561623309347 1448.4687759066603 91 88 83
-15.159501952548895 -41.24271178020067 1450.0571866183725 177 154 140
-33.13088472558382 -51.46698614420404 1446.6572024005595 74 58 54
-44.741935660881424 -62.9972731356739 1453.0931281874653 25 21 20
-27.849076379651322 -50.411471366891014 1459.5858075878984 117 127 131
-10.09824516394182 -55.346564236809435 1476.3056360031126 62 58 50
48.19283400628569 1.511506609778732 1452.0645608894038 183 182 175
62.31176635966174 6.208549930497029 1459.993050010946 119 116 107
38.231153359220656 -5.299295122816236 1463.9894718722674 154 168 168
-24.956153566741218 -61.934679654231665 1471.714583066043 174 181 187
78.91180101152985 21.95410446332629 1454.2086667909261 105 103 77
-24.606492407126773 -48.21519521384542 1461.5526606646638 120 71 62
54.87646060931679 5.84182718080108 1452.3386461815137 179 180 180
57.5959845043584 12.740979115238943 1444.1206776173963 67 66 65
-24.789838010689323 -46.916082991260744 1448.811186657241 90 87 44
-12.88183121229503 -36.77650504082161 1445.1072171932724 105 97 92
56.94542927845506 7.3621015404667824 1452.3687138851133 119 119 115
-26.38024979982532 -47.37979851880062 1447.6402384039723 80 77 31
-35.917883808552496 -55.589478687634944 1456.1959996811088 215 214 215
-10.592944233870593 -56.549420661760635 1477.6358947487354 51 41 40
27.38957601704825 -12.409106763063999 1460.0429387766096 143 152 160
-46.221849900018555 -61.58226059458252 1448.5926227333769 141 131 88
55.51577160695867 11.418014822238725 1444.1544485053926 58 58 58
-36.39034747760124 -52.144920100131124 1444.1446669930313 146 146 145
-19.773531396843584 -46.60593448625594 1453.9936086439948 47 49 48
-15.009776832457222 -43.72199840215391 1454.0183171061383 161 159 153
35.70701724357073 -7.389842920321648 1465.5686572759132 146 160 162
-40.205028139253315 -56.54042474671124 1447.067162878636 100 89 77
40.788413300164336 0.4517851285575155 1445.3214931531056 136 131 128
-7.144757390457585 -36.98603331062226 1452.0269989339097 157 146 113
-36.458479368372096 -52.24525502276216 1444.1572756784353 150 150 148
32.99471361589748 -8.10849261376064 1456.7360264063009 156 170 172
74.40054735176074 3.649581544577312 1478.0884671795363 32 28 29
60.20292929142545 8.408894727660918 1454.424482905362 204 195 185
-6.906914172002367 -50.215186699562054 1474.22909086367 113 113 115
23.858285625308163 -28.02949896789602 1469.945025729282 40 55 23
-18.23741387212662 -41.368610261798324 1446.7713606800626 94 86 45
51.852332119028134 6.6942070939027465 1447.8194342977035 82 73 41
9.508982926873639 -21.016257026211942 1444.3887371999874 177 173 164
-0.3383041707528914 -27.439777187367802 1443.8208203103338 211 206 197
16.159191609816943 -17.234272235387483 1445.8987970589865 139 126 107
2.795950760122841 -41.3158820472907 1468.490483439647 186 157 131
84.84183961768187 18.558269869628326 1465.9968503902724 118 105 63
-10.966036447144157 -56.33406580545123 1476.8905608115276 205 187 178
-6.150129763881264 -46.80130395077004 1471.2288084079833 160 152 150
70.18460642756023 -1.2541896533277206 1478.7731006903057 57 49 46
76.02118062969627 1.6475212719309678 1480.7987819823952 93 92 90
80.41570913668798 15.550892261108562 1464.649297831498 154 153 149
-19.429633929800247 -46.29187839761232 1461.9117232503183 225 228 234
18.747531663019824 -35.59387799622349 1476.0234975805638 137 130 122
-0.5249516445509208 -29.4626517819911 1460.7938412148321 149 149 149
21.128367474866206 -14.12198028261739 1446.433658477177 198 170 141
65.1694293195847 12.65023924833803 1453.1732373072064 199 195 186
-33.20524263812034 -61.84359817073107 1468.4322206157904 182 182 184
36.57752343144862 -7.035147721353735 1466.5552859679337 144 155 159
32.81384825728956 -8.494855420505084 1458.26863825525 147 157 159
3.183279758374999 -32.035141851965804 1455.0537471612738 193 179 134
-27.77197993619891 -49.800480896152614 1449.9975260431384 76 71 39
-41.67157917675709 -57.74693778101727 1447.402561433598 190 192 189
-43.48827703071218 -57.449025235641344 1444.7338511040002 207 206 202
-22.888626621992252 -46.713115882157915 1450.719700244275 163 151 119
35.98010099100581 -6.369835690779813 1458.5341704517011 155 166 168
-54.402643730706046 -78.0899831512003 1464.7635705717607 128 141 139
87.74554136375 10.646043373114246 1480.530300737935 67 64 61
-9.867620722614962 -54.807978682080154 1475.6270661023425 191 174 164
41.625877363885586 -0.8071338100741743 1460.4321207815976 157 165 168
15.489051987656653 -19.721206220422484 1462.3149595220336 178 179 181
-16.189942088622825 -40.60996015353422 1447.8623959028496 116 99 65
-7.912064933371618 -38.04917769886925 1461.4025635719606 139 139 139
47.24390010975918 0.07025232411239454 1455.964145391022 197 198 198
-14.067625423152315 -37.19905099268574 1444.3525445585756 50 43 40
58.51604080878287 -8.081898007454052 1476.2786855189902 51 47 42
68.75146791624343 10.879891856855263 1458.973800752884 234 233 229
-24.264757490603003 -47.35274426443891 1450.1366428976623 201 196 192
50.45269628709165 1.8650531945635354 1454.3567866566384 177 179 178
-39.5147879291487 -62.0444165227672 1462.4257186417162 220 225 228
-27.308201484396502 -47.44374007487279 1446.530379208096 142 129 102
12.188262111644764 -24.992657177296902 1454.103633051283 128 118 118
-33.039163439622094 -51.345376788714034 1446.414770086203 187 167 134
17.314739514044984 -16.684578483584186 1446.2054973264374 202 197 191
29.695176118076375 -10.704403237285625 1458.8835220799476 139 149 154
30.893829066107543 -9.916368571222874 1459.151179421002 139 150 152
51.6971695959947 7.68786255604641 1446.2203974586655 76 78 56
71.05684946551453 -0.15727002724164696 1478.9434592581852 36 32 30
-7.764178648489687 -49.18412694586812 1472.1083283804214 117 119 117
-0.5643165769264952 -30.164561435784453 1448.3639667950667 127 112 86
7.632645852050844 -22.08460154659663 1444.1969576423242 224 217 211
-16.59974290679068 -42.6705976022991 1458.7324218205592 112 121 130
-8.622300957163336 -34.60212546468455 1446.328800187205 72 73 53
50.34121140531286 15.135792673782934 1455.6148423730258 132 138 141
2.708587935875597 -32.66271554698892 1455.6826580184556 71 71 57
-25.350508416883017 -47.21108343848101 1448.6234674187654 139 128 93
-35.06128077558291 -53.03265598704984 1447.237876552183 119 112 102
18.369001041109055 -36.00973976310128 1476.4377352285824 95 90 87
23.597624566317048 -27.60660590705956 1469.398074880978 36 42 20
-51.07450809467203 -67.67169661634198 1458.763077847818 60 55 51
-52.46180663261769 -54.65731021816513 1454.0804873116363 175 175 171
56.93410893954229 7.628975482018253 1451.9587674890465 115 114 112
52.13134075020213 4.5864846355169675 1452.6119970221116 74 80 86
-1.101229909648978 -30.78096400951866 1457.6143292806403 138 139 144
-8.68152761993747 -49.3292134584394 1468.7714528504087 161 159 148
35.766830414596555 -6.6469883643788 1459.3989311163507 156 165 167
-22.81043282906537 -44.73505006266302 1447.1779854596837 102 85 58
45.07714020883679 -4.851044210558342 1463.9092407617522 34 42 49
34.576390165785405 -7.398016860475243 1458.9866768743927 154 165 167
-19.892695573081635 -40.90140322930009 1443.9873790610534 99 92 86
-5.662253716742217 -31.498954064028656 1444.5678341490632 85 87 49
-40.29174339536663 -59.569554913915624 1452.2778198500816 139 114 101
35.748860762650274 -6.184041677565413 1456.4722009102272 69 78 85
-28.517320492285254 -52.38475051040032 1453.5417209955513 94 94 94
41.95380809128495 -2.635705448089107 1464.1171235389447 144 153 158
-12.533768877519282 -40.34890767169751 1451.4624323443277 62 51 42
-39.385317535651716 -57.49608096214193 1449.7552154957116 186 187 182
-39.997540270827294 -57.56792443346475 1449.0891886524396 56 57 42
-46.598167129250605 -81.82616063686491 1479.1352166447227 57 50 33
48.496917655145836 1.696306385130992 1452.0415135337582 190 187 180
70.72692541065261 2.5252282426297246 1475.4981673228556 50 34 35
-16.03993688949053 -40.755341838802785 1448.2605856526282 141 126 102
57.80212292623827 7.483532008274163 1454.7365316862802 166 162 153
-7.293682388106704 -35.33281614261021 1449.3080372885977 193 179 149
-40.515503579207866 -63.08971086563409 1463.735705585051 166 167 171
56.70721258572426 8.76059419185446 1450.0119031129009 182 165 135
14.382648111512669 -20.461294239240747 1449.239510464614 192 177 143
72.08244499695394 1.4072049321439206 1478.3893927359054 37 31 30
-15.546734501056587 -57.42725071757184 1474.119469303784 164 150 111
-41.86660061770666 -60.87720766873223 1452.1176966876378 144 144 143
31.74450967429807 -8.978681504530183 1456.7329050734943 148 159 161
-23.088020459503927 -43.5457184226948 1444.559704288797 197 192 186
2.2824725338218768 -42.51923336716169 1469.938245632766 25 31 10
48.497719229928045 2.2416502880319618 1452.9139448172136 58 54 50
29.368695702099483 -10.96036738476774 1459.1746041829467 118 129 135
-9.019013760125695 -48.48970260240768 1467.261781820903 69 57 51
-11.458255165655125 -55.97915207690049 1475.971699101993 90 81 69
-30.599429619828765 -49.66383531934563 1446.3331661012132 89 89 87
61.23448144747711 15.524075544064244 1444.5104077424512 173 171 161
-12.740257608661683 -56.494138275055285 1475.2647073665353 73 73 73
57.960420633469816 16.65960328855625 1448.6487203378206 200 202 201
4.4259245775727765 -30.310482827077465 1453.8943526530986 206 186 160
36.15438969099158 -6.494298832351803 1462.5509099208798 119 132 140
-21.666341300219536 -56.38712124214253 1466.4286509407746 125 127 80
49.24770151147715 2.1648306843158696 1452.3758391147971 85 80 77
-40.32966574770314 -62.86772097356934 1463.4327457900738 55 53 54
50.96444587517414 2.2263776050101574 1454.389827520586 51 47 44
63.755648861820355 14.483123781810798 1448.977605738064 94 104 52
-8.614561978864767 -49.4532430849628 1468.9973345134683 182 184 179
-24.022095224385946 -46.32814858531047 1448.509485089369 205 202 195
-24.055816968980956 -49.46044545193723 1453.4563762844243 51 45 38
69.39649723696655 10.244947184721413 1460.521395035885 121 117 114
18.51883823090711 -36.99818014400721 1478.0725958605926 132 125 121
0.17639035414065793 -29.115419588867812 1460.3471701307635 86 84 85
-21.331236407831366 -44.722961965146375 1448.9593216848818 170 165 126
-26.82277141388946 -64.21266940410351 1472.8061261500982 97 93 94
54.940975114809184 11.071163531220341 1444.0499988415618 179 175 164
42.29635260978196 -1.7058413601187785 1456.0906925944105 201 210 213
15.261376299468028 -20.041460609659303 1449.423554302818 89 80 54
-41.16756294408442 -55.60197696051122 1444.541997258916 73 66 62
39.36819209439325 -4.140374343380898 1463.0890710648018 112 119 129
57.471824313256 7.364636393067732 1454.6766550726466 104 95 86
14.103307407029336 -30.156882773593026 1463.6119544989212 217 206 197
-17.226662796397733 -41.96671941186143 1449.00884075655 153 141 119
0.2534828079942373 -29.504108927331423 1458.8333964317758 133 133 133
-6.237469957471125 -33.822334856878356 1447.8476792038825 216 205 187
60.199070250622896 8.242516549395825 1454.6232566783137 28 27 25
14.752792106218616 -32.84981584349901 1468.2781622242726 205 200 192
38.80510856023741 -4.143766109564637 1450.3042338493638 176 173 165
49.81848014218075 3.7999661104761016 1459.0069170159957 245 246 244
-23.026524552930507 -46.562598731274385 1450.1341558010058 170 148 122
39.45485868620484 -2.3226862016257965 1459.877919158126 128 139 145
33.655292378109365 -7.780965518434117 1457.554405182214 87 97 106
41.00873033018744 -2.0674901901455964 1459.4075721684383 13 15 17
-3.3488134195731347 -120.02477409397129 1451.5898908102822 164 181 190
83.07321303768957 11.999553086558626 1473.1929163203058 131 127 124
35.41442618008486 -2.510490961123263 1443.7988340510935 214 209 205
-17.866652411873567 -42.80998782539743 1455.532576685652 76 86 93
12.014017558309897 -22.72843135240504 1450.4671415942241 78 73 51
-2.851600245413229 -31.335035556539555 1459.8405466489269 140 140 138
31.81285494528545 -9.173436028809803 1458.2887086022624 151 162 166
57.053090757397946 7.65381959429014 1452.086014226669 35 34 35
35.70587839215073 -6.812462463293062 1460.6855721775194 130 141 145
34.89642814843683 -6.441820409887509 1449.7048552474753 102 81 48
67.03576009071101 -0.025077061761678145 1473.4360944096838 152 137 137
42.07527801571741 -1.46115979619244 1461.9054148370649 148 156 159
-36.1287275746668 -52.72464602121053 1445.2329816959364 180 181 175
-26.03064861177945 -47.927804970266415 1449.0125030896033 162 142 117
-20.672803978875322 -55.25240190459134 1465.7256506504473 29 39 5
18.313666894998345 -32.47847106133296 1471.1841876427382 161 154 146
-36.88403569864302 -53.90704797087769 1446.2864325797088 174 175 169
62.61596465083037 9.561020478139929 1455.1040457641839 128 116 91
28.651401972517046 -11.380289582182018 1459.3454565662444 167 178 180
57.77215043773508 12.069188968857317 1446.1935012325623 63 65 55
11.992256492592748 -25.67018540975899 1455.0568738789755 154 150 142
-52.96286844511747 -74.75053849699329 1466.5107813604425 33 29 29
42.40167405928227 -3.1451671703740733 1466.8938172116805 123 132 138
8.962448471377439 -57.05569588672296 1427.358240170512 203 198 192
-30.42481009687393 -63.79994535965025 1472.0742405716285 55 52 47
-11.282572287739193 -58.00886563746227 1479.3213396356207 67 63 61
-30.409283522881495 -65.88860523752098 1471.7530024839573 44 39 38
71.35583471090996 8.089352152459986 1465.7174138175792 47 47 46
29.807736780936366 -10.776200597061582 1459.9165381434307 44 53 64
-38.19637081703182 -54.9016192893385 1446.4261172629717 163 164 159
60.88176963340585 15.145360934772045 1444.651980564679 64 63 61
-3.0534333253298582 -31.809257732464083 1458.6249020957573 140 141 143
-54.357741603617434 -74.90344950394494 1471.285026787463 197 189 186
-41.584653590740636 -57.80993996862809 1447.6399282586833 205 199 190
53.66240544907263 6.66763173627827 1449.9378477207 131 116 84
31.519658752727473 -9.10253181744228 1456.6071866365685 142 153 155
12.499663030562218 -21.703082636715955 1449.0718694470645 107 99 65
36.690047559114454 -7.058643676987879 1466.970394060303 147 158 163
81.13912885529543 14.849449017459875 1467.6279706321443 27 30 31
28.60124772682329 -11.605454048300412 1460.0170567105745 138 152 159
30.923662001890573 -9.81970515716467 1458.7144495707275 114 124 131
-7.449866104145023 -49.98839694575985 1470.5924474554513 80 79 74
39.60493761151515 -4.776588484587399 1465.6556926370072 154 165 167
55.045498210760115 4.735672103858672 1460.5397738153279 184 189 193
78.26641460774646 18.426622339354733 1458.1365788915714 98 98 98
32.56162170272577 -8.6737632628826 1458.4122434761578 133 144 146
86.03697700631348 16.949633295759217 1469.5586918519818 89 83 51
-7.2111911626991025 -37.41366664129266 1452.6968975244133 201 181 148
75.96186295837872 21.84228565563461 1450.9582714235535 199 199 191
24.493259150382496 -26.263728764293017 1468.1045950217265 53 62 18
-26.999142041442283 -59.793356507684734 1466.4857894275626 34 34 32
37.17989334909027 -5.691352110502491 1459.24079930097 114 122 133
5.979330898964957 -26.948051462976782 1455.7721147819552 139 150 71
36.73798798476803 -6.3316491768051835 1464.129364761832 162 171 177
-44.85048511327288 -62.47535108769822 1452.1179893485428 174 176 178
50.387359930187664 3.0434120729128566 1458.359466334937 189 191 190
-22.059229059694484 -59.58798359056207 1472.0813842446737 160 163 170
-22.76859703798173 -57.441732379233734 1467.0582829015295 172 169 119
-22.45551536655982 -45.90114758055193 1449.792189434507 109 112 74
2.892696703597081 -33.431642722698356 1462.3048124293343 198 206 208
3.4718897913509736 -30.677492879334665 1453.4479678737484 154 131 87
-40.03087415148786 -56.91011853482916 1447.8174833751266 73 69 50
51.17916522644472 7.415821532172477 1446.248919510604 92 92 71
-37.87139137320262 -78.63391136983576 1482.5682343895626 33 30 31
-40.584200588264586 -60.17694480386341 1452.8618505425065 86 68 62
32.85385854309689 -4.63079000402963 1444.4147051737534 222 222 224
0.009885545621705964 -30.225355149827475 1456.8625679755366 146 146 146
3.966385927029603 -26.633628498820276 1447.5814097861912 132 106 81
22.529702715474254 -28.931047909933973 1470.1283680811725 44 44 35
57.0519198640129 11.938958047342709 1445.225429670966 213 204 189
14.860002496838451 -17.598177183699626 1444.997993513647 91 76 69
-1.12030562966137 -33.48518463902179 1453.0785350988813 23 25 11
6.505066644165281 -25.417465356379946 1448.3557317609846 144 125 106
64.66729639869128 11.886149831128634 1453.8267470293106 75 78 50
9.768276291881858 -20.87540211209628 1444.4847886732077 95 101 67
-9.29642721583896 -47.89195540940273 1466.1657727369052 89 83 64
14.723155533229818 -34.23053010614204 1470.216207416577 83 79 78
-21.549503462253888 -44.92889676047271 1449.028911948753 101 96 50
-41.28737225120451 -61.499203206851725 1460.2241381126155 95 92 91
53.84747813650378 4.774048965000886 1454.674727118445 114 105 99
-27.92465948142014 -48.20226875889709 1447.1549398649777 154 147 110
79.41048816616788 14.403261969641424 1468.234841345225 14 18 19
-33.83504835156132 -69.83338188014332 1474.161795174614 82 79 62
-8.834113957947903 -48.891974354301865 1467.9693157899808 99 94 86
18.892595020969672 -16.14704808470803 1450.0601454272712 242 249 251
-5.064108544971666 -31.35704508952096 1444.991643456603 219 213 197
13.48508271781906 -31.41375791511962 1464.8393533678482 126 105 93
63.015793484605965 9.854056317341822 1455.0097071361813 185 168 142
39.62186224461159 -4.993977851283795 1466.5136897728585 152 163 167
46.90216792221033 5.249825749672975 1444.1701868053294 51 53 53
58.61011905621688 -8.296699763568858 1476.6162542025222 161 161 159
-17.090384496843186 -46.95898205174816 1463.9314983016006 17 19 23
34.780550746128455 -7.230742262099382 1458.8274881369446 156 166 170
82.87979708675073 16.770058717382245 1466.2963036343056 142 127 99
-40.49378004281827 -60.22242127966107 1459.0884436212245 205 212 218
32.92898655298551 -8.44817252127951 1458.5591222353992 136 147 153
33.92249734802777 -7.668194005193049 1457.9861909246115 148 159 161
-12.479988715515452 -56.23290077705155 1476.302492583131 52 51 49
-36.53004261722173 -71.92791852312526 1474.6466785474406 95 82 62
7.098724293985481 -26.47204429993468 1450.8471279920564 187 184 177
31.112774079090528 -9.860290101879608 1459.7488880222825 133 147 150
-43.52399025496626 -57.14948075481526 1444.1331723202163 200 201 196
43.172901295799 -1.814746707052708 1463.4915773455443 123 130 138
-28.873109628298778 -47.11914767238032 1444.5022946931158 64 54 48
37.78476548942404 -5.37751699953517 1460.5091467375566 126 135 137
-24.996760129092962 -46.80960110831153 1448.210714916303 146 124 100
-24.038844752367865 -47.027969780265956 1449.8471957854542 205 197 194
-6.687168896406916 -36.946460975827335 1452.4514048264434 162 147 121
72.47610094397736 2.5398815305156637 1476.4309975576205 203 189 180
3.6049986797364206 -27.93188051916125 1449.300896050488 94 82 66
28.26523002083969 -22.263178857843293 1466.1796186433428 57 28 17
51.46659828647 8.906949730269002 1443.734726564827 110 103 95
71.64386630019476 2.4374231000065527 1475.4983341599823 104 100 97
35.82916599916705 -6.124793685010922 1456.3152871406 93 104 106
35.01344488858956 -7.772488946490549 1465.137929265975 156 167 171
-19.20399209739633 -46.481439919690075 1454.6575577967474 30 29 30
-47.15322920968315 -86.21004658985993 1484.012455746121 47 47 38
-6.865504964553178 -50.22962988818908 1474.9668931827562 53 47 43
4.9741136605836935 -29.019584552675052 1452.5945327519096 166 150 124
38.63950894109206 -5.273414152705975 1464.9491840167177 151 156 161
-2.2233004867267656 -30.482235903443744 1461.1923321160614 137 137 137
-23.792541411968593 -48.758526647874845 1453.838773276126 28 28 29
-7.593763086156111 -34.95598425960822 1448.3133306832915 131 115 89
6.36669137820995 -32.53108753691553 1459.8135866601963 52 47 39
-34.55655313132684 -50.909285258456585 1443.9826250079107 166 165 161
-47.71729385372893 -61.727993263075454 1447.2848691382433 119 111 88
30.313505909539842 -10.22239589735603 1458.3048273792022 143 154 156
35.90284187817591 -6.679849276300125 1461.1813239668663 56 63 73
19.123467610401544 -16.922658651420473 1449.9121069003552 169 170 165
36.05955074439775 -6.556171348075272 1462.3984600269307 129 138 145
33.75257374636348 -8.087786978267827 1459.8864346788698 41 50 56
26.59473181826554 -12.857126572077588 1459.471305967337 143 156 162
-20.24438302199972 -62.51682666154021 1480.8868099426143 210 209 214
25.995586551914524 -16.58029575522463 1455.5675556257172 66 64 38
64.66061335854144 11.229884787679266 1454.8027644183435 70 70 52
52.17285385853134 4.1998041417255045 1452.1629628810822 68 63 61
-8.184371727812417 -35.64346961130266 1457.3272563358748 149 149 147
39.192960949530644 -1.9196600452248878 1460.289561046837 111 120 127
50.91509597407783 3.419016222177891 1452.2780452740983 60 55 54
36.822937708016646 -5.80159942338976 1458.3858136398328 141 149 152
55.53489386130074 6.100560623096555 1454.662832043948 50 44 40
-44.87470977400913 -58.41755277512765 1444.7817311669141 212 213 208
41.058127822290665 -1.3528587050097824 1450.5983395166586 228 235 241
40.28191437301875 -2.551721447573413 1462.6668246652791 160 168 173
-16.039102756287807 -58.5118079075334 1475.0746460082205 143 143 143
-6.173212057606178 -36.46688413671963 1452.2475779828033 143 131 106
59.71884964827145 8.28992119417742 1454.7966354442538 18 17 15
-17.590140568095734 -42.59396478186285 1449.657318384876 166 149 130
22.297292135969265 -17.977778389888677 1453.8280473455286 164 161 156
2.4123623186284227 -27.81407972875679 1447.683597929502 69 57 41
17.645989644327624 -32.35566218466191 1470.3140478668765 122 115 100
51.730839809194535 2.9733230056362157 1453.4630100655681 34 30 29
-44.98610511366968 -62.712279916823036 1452.3844816507383 31 33 21
-1.377954772076489 -28.40975825411777 1443.877932609415 145 129 124
-11.025992365758325 -54.32110424862333 1473.896327135833 108 97 67
-39.679871051411546 -58.562574134871575 1451.247180038267 81 79 59
-7.816025044527347 -34.70584361991449 1459.6484956918323 159 160 159
80.8817932171756 18.90389577069725 1460.2805110826414 201 199 192
39.775564486486076 -3.7723980944472593 1463.280203642339 180 194 196
56.803590411584956 8.54866580172962 1450.4060701418734 145 131 101
-38.74207879584682 -75.58533598165982 1477.416849906015 93 87 67
55.05940853670644 5.191006992670551 1453.773045360825 183 200 217
38.05963879631706 -5.352031009747872 1463.711649422661 145 154 160
56.19734269650816 7.132543808938845 1452.2856717148418 15 11 9
66.7783851401656 -1.8321741558147981 1475.8247601370983 57 47 46
-23.30963837965185 -43.634865369960195 1444.1229157309779 178 172 164
41.07012127040168 -0.8466429956007069 1449.9667888665945 30 39 48
-13.07747772573052 -56.5205141000844 1475.0363561075524 187 184 185
36.81856646169703 -5.7745754385384025 1458.3844164508414 154 165 168
29.909224957742982 -10.601553400221295 1459.178115223696 131 146 149
80.5319989077645 20.343887725348395 1458.1511386967347 183 169 146
-27.72114968644028 -48.268081015844 1447.6111436179235 51 45 22
34.93541273077758 -7.302419065845725 1459.9903314403778 155 168 174
58.72937083782321 13.677029519822844 1444.2720906654888 78 78 78
-24.389766431826835 -62.40750840833842 1476.4239983548453 153 169 159
67.59082516820804 13.219677030966004 1454.2803219945429 196 188 181
-19.509049487829277 -61.42384690587078 1475.9389040400915 41 36 32
24.633725058152123 -17.667663670752194 1457.7063682594805 90 90 92
18.83041036563898 -36.65862547894627 1477.8328147842044 80 72 72
-6.9010863533489415 -35.717344599547076 1450.3604087130498 145 129 98
14.445107882451026 -108.53020910538444 1452.0856744960208 34 37 40
20.536797917081994 -13.903311765225379 1445.4194798693845 112 93 68
19.929122445203237 -15.214667271737733 1450.7158955428588 250 255 255
53.783866146541705 4.745254687329374 1454.7873021459045 185 186 183
47.48847596679561 1.0130044834144798 1452.0719226136505 199 198 194
42.45282625708157 1.0539580776553696 1446.2423679272079 105 102 89
71.06959436144929 -1.212774642734153 1479.704074629749 130 130 128
-4.114938683256099 -33.49694282087497 1449.7697652321103 60 60 26
20.479619379911988 -15.640608481908492 1451.5785880794556 252 255 255
-37.14125906182018 -65.15617377665689 1470.2050826748139 220 225 230
36.41719603291259 -6.320238051034213 1460.0991976644168 129 138 145
20.49967380756056 -13.379288372446613 1444.5244545097048 101 115 46
15.786801983446278 -22.07816825484827 1454.0666729162754 136 145 150
-12.337046003113537 -49.418319626612856 1465.1508057632655 92 79 29
-24.84787264444159 -46.694358402012845 1448.226225537585 81 84 47
63.69655218538539 12.983948845942681 1451.152297377523 40 45 23
-40.053991893094924 -61.15646807916953 1460.8197474519507 216 224 227
68.23521022812581 2.437120112648471 1471.8707415557976 109 109 107
-27.493246834344426 -47.719877614518204 1446.8714639553814 177 164 129
-50.556713402474784 -56.880921913191465 1453.5302142137814 22 26 21
-6.383229805853268 -32.95675733797365 1446.1294151454074 134 117 102
-35.723190527864936 -52.215050374136105 1444.466716610244 37 29 27
-5.790708443114889 -33.75806153557981 1448.2369438611697 198 183 151
55.84611163473946 6.2754606211045 1454.5810029922616 163 156 149
66.95799659329968 8.943839830427946 1460.506139004325 128 121 111
83.20169712233944 11.339836537163912 1474.407045117414 180 179 176
19.020701447245834 -19.71320674775059 1455.4283361316568 41 32 33
55.94312818494926 6.336777886985006 1454.617278648932 167 159 149
54.03507537341361 2.7522948694261418 1462.9077671011266 113 118 124
59.270158509483075 13.97125325684008 1444.8132607867776 115 115 110
35.052573114540316 -7.173495002431574 1459.702774261029 148 162 163
1.5005937561105458 -28.39292493990231 1447.611546955494 68 58 47
-34.347586959290375 -52.17950626460636 1446.306048148069 171 172 166
5.922119826535949 -26.094831744173128 1455.8332376368394 123 132 66
-19.96896404109208 -62.63419974014046 1481.1739188958577 194 193 198
-22.83754375540669 -44.30815116514489 1446.2188641543235 102 98 70
-4.009195660535042 -51.08174638367299 1477.3050861156642 34 41 32
-43.02518556800937 -57.107631558812265 1444.3799071840645 61 62 66
4.31595827850819 -33.25137251694305 1460.9682032519972 52 53 48
9.302491980576896 -25.749020004112296 1461.2184194980427 77 81 84
19.09919829205053 -17.43241044951813 1449.4887177520832 71 70 44
-9.688006794685077 -55.00154186577667 1476.087760637442 107 94 88
48.533731788254826 -3.9279096166407625 1467.3537370716315 164 165 168
13.965389118995596 -19.208730144629264 1446.5613757513165 65 71 42
-11.394434986257744 -56.66710195472566 1477.1339662011706 79 71 64
-24.659662777115305 -46.96243275031952 1448.9659772784983 89 87 67
-7.82041816558686 -50.39245366982873 1471.3285466007592 51 43 40
33.51048206157499 -7.6972913801403635 1456.4129643003948 128 139 143
-43.15221718977757 -60.104093935971534 1450.10546665251 108 83 60
6.919531613500462 -25.197937345144975 1448.4634090477316 116 112 105
-5.578620545939967 -33.67551183742681 1458.0271503490565 142 142 142
-21.899757478070878 -47.18993337061153 1454.346436279145 27 26 26
9.908585296550205 -24.853298723411807 1451.2728288587862 215 212 204
-0.5065549151328064 -30.810543174139344 1456.0079981879023 159 159 157
15.479183358236115 -18.803085268743835 1447.4870063625185 206 204 199
37.91191994381012 -6.02604830497077 1465.9754477848574 141 148 155
12.815347421368894 -22.15719813490974 1450.286279563493 214 196 178
40.895694745283215 -5.890799474430894 1455.6890803677536 150 156 152
-2.370120855341397 -32.63545535746074 1450.2906697537815 73 70 50
-8.948813320706114 -50.05199506594913 1469.471302741848 211 213 207
-27.340310319855718 -58.89260241216085 1464.751553710684 189 188 185
49.69214935506996 6.038243152913846 1446.5396323959 214 210 198
-40.095534286183934 -57.46448307439309 1448.807919950113 48 50 35
9.092907916779618 -31.18330409815237 1460.3287300548832 59 50 43
47.784245546033304 -0.19710641181304114 1455.6958690820043 79 70 65
1.3438488217309354 -28.55751681615485 1447.6975596770974 86 81 67
54.199316633037604 5.599595289947837 1452.115226769456 32 31 29
-16.92255796421201 -43.00933845769171 1459.2494560266944 39 48 53
-10.285403001033275 -39.65536957522325 1461.3174799868111 152 152 154
13.111811094933822 -18.79169164911089 1444.993047875983 121 108 99
21.408083430377964 -14.353345774479038 1447.1952712364748 104 79 59
34.33301425047926 -7.691460030094103 1460.4795626130042 79 89 98
28.72412947730635 -16.601680660799087 1458.4472121604538 96 72 59
-9.98344979686847 -47.13184064054714 1464.0679166735108 193 192 188
32.58448531320688 -19.750332652087916 1466.9788613930466 43 31 14
-41.00270643262748 -55.77494682805223 1444.854869329535 147 134 121
40.94332658748677 -3.900199270544477 1465.7770940715213 151 162 166
35.93800790245236 -6.644399594225362 1460.2318142575002 129 140 146
49.05729812818141 5.674638564135809 1446.4735638404377 55 62 31
74.72139793623404 3.5089489620901166 1478.7399454633687 255 255 255
-3.043626477312459 -34.83983601572789 1453.1379723604066 128 104 89
36.75842744325311 -5.9177151048681385 1461.3748534344093 31 34 42
19.215073084348393 -36.643417514501124 1478.0937393164613 85 78 72
-43.40812006329793 -60.36550222291675 1450.3691954482758 208 190 167
9.519531185875792 -24.492143726056423 1457.456276475376 149 153 157
-29.31571104134297 -47.05723195443624 1443.7738187353225 53 52 52
-10.11444826075977 -35.72059767328228 1446.4467113905666 106 100 78
-24.08161371856049 -60.83181934251221 1471.6610895772965 130 136 136
61.114604054370744 6.2828538630017565 1463.4145180330918 255 255 255
6.58662068222626 -31.482606952345048 1457.8835808950528 174 160 135
13.441433399857294 -19.278159244733835 1446.1566519575151 96 87 55
57.68131825110319 13.107187647018412 1443.9895151430792 66 57 51
23.444275541600597 -27.991856618823537 1469.725704180281 40 50 26
58.30611157458012 -8.393618754038929 1476.6310563731572 155 153 149
-7.918022333456857 -34.49843911509339 1460.6411962554366 155 155 155
-37.28267198999334 -52.608132128515635 1443.9425429275918 51 50 45
-27.09556292151495 -49.52256992145478 1450.4317514307832 115 97 77
-24.484500972117818 -45.629577153050334 1446.6006972650946 197 192 189
50.204353589867914 3.117208043418701 1457.8501599217777 204 205 207
51.172914149230984 -8.159769836947422 1469.4402888870004 131 128 119
-15.534535309846094 -42.30954691997663 1451.441454270351 110 100 65
2.7829291159900884 -25.891167154059836 1445.0071737833234 86 96 43
11.809678766364446 -22.568397142889804 1456.6462681713667 146 151 157
-22.774714427480337 -62.35119615344714 1479.5500632006865 167 150 155
-19.2236686783545 -47.44228512519527 1454.132703840285 22 19 20
-46.22633759790093 -81.81697800564423 1478.8537464974404 203 192 186
42.01402220305243 -1.8355001488782245 1452.4557788708132 24 37 37
-9.57374328065406 -37.175331777917506 1449.624026137014 187 173 136
-34.709646052126395 -51.55917119170317 1444.445778121322 33 24 23
35.0476144240855 -6.6762788080415465 1456.5455916816065 127 138 145
-17.032767994664905 -41.41979866246063 1448.2883992432758 110 93 76
66.38548287826946 -2.0586895485686436 1476.2218232717662 185 184 180
-10.461878218011876 -34.74317551543213 1444.0624501704303 150 121 100
-38.17753807208017 -73.36970300679226 1475.3385052773706 158 141 124
38.46360187275797 -4.675411958357072 1458.6596121085024 123 134 136
-46.172121070583756 -59.58454890650213 1445.2457341275167 113 105 92
37.382464533631826 -2.5234074094844465 1446.3080879650022 109 94 63
-22.765064070495836 -49.04734783182915 1462.1751839330423 14 18 20
-48.2971906557021 -67.25354746483133 1463.7762125857892 241 242 246
-28.219754548520868 -49.707352947844406 1456.1129112998187 104 109 116
14.52554741000364 -20.642780516499847 1458.1500580957945 136 141 147
40.988221240687 -4.033954784576799 1466.5913168256404 111 117 123
61.76573429702977 15.903451253826232 1444.485898837624 213 201 186
-10.959948353698483 -43.20270167213267 1459.7869459917436 176 211 202
59.27954567755152 13.164821870996862 1446.197583066144 60 62 52
-47.948621900650934 -65.05008281004113 1459.9004940815082 59 59 60
58.90322636617359 11.810236638130718 1447.7813917140707 42 46 29
68.13795802380703 -0.736992104368137 1475.6799453408157 125 115 113
26.88217405950039 -12.61374886096987 1459.0539909634892 138 149 153
7.167105128511504 -26.899013208523844 1452.4407638144135 168 167 163
-45.67461622180891 -64.35629953759376 1463.2016016380069 93 94 98
-4.118886257532384 -34.039602547232896 1449.9486299242178 120 109 81
-23.22685523764161 -45.06557592030616 1447.2857299904442 100 92 54
65.80273174928365 15.29317630140082 1449.535121056435 121 112 108
83.84791492256878 16.10773277876842 1467.814756562564 154 149 119
-28.302084898525383 -49.455429086040716 1455.0494594350735 166 169 174
14.876348941337328 -34.18083698852189 1470.3849229824848 197 194 190
-23.5701689627483 -44.85528986085873 1446.4430731001928 79 67 45
14.265333528319905 -20.571998918229568 1449.1922194067065 110 108 60
-45.696546360854306 -61.619981873262134 1448.4103867654883 110 105 66
67.0766688494944 14.030412792664945 1452.6452532105723 50 49 49
2.065668392197839 -26.232204697100237 1444.6040226471396 120 124 92
-34.18808017901193 -50.685940816095574 1443.947431253291 74 68 58
50.139893554387264 3.447838830648351 1459.266849432119 209 209 202
51.56610558486869 -9.299174736035322 1469.4040731174312 233 236 242
-1.1991504592261988 -42.6656448151252 1470.4218269811493 179 155 147
-46.98717492537767 -60.908090953827084 1446.553843202176 81 74 55
2.145584811835622 -29.994502708328064 1450.989310223342 134 117 89
-40.65696443120349 -62.42810585322005 1462.221385550252 98 95 96
-34.35727353224336 -54.505356917406175 1456.155657007913 211 210 208
26.91408757447698 -18.512811958459416 1459.2914697288686 166 161 154
39.451901528237634 -4.007128670604963 1463.064485082698 176 187 188
56.40075428498974 3.473621131661094 1462.5731917972453 172 175 180
57.78885574242003 9.927816662541513 1449.4267713805912 122 114 80
-38.33534730315247 -74.20293823795296 1476.1453082913638 106 97 92
-26.760171583764688 -51.33509021402813 1453.7797188691557 33 29 27
6.866390652058437 -24.31329506192427 1446.9071807314044 202 201 196
-6.060249205725506 -51.16962216513791 1477.611595616246 69 64 64
-18.115791680078388 -45.14068630998542 1453.0854153516948 133 137 136
34.53787340813208 -7.577944003134915 1460.2620016442306 120 129 136
-35.36235781127734 -51.6718256034685 1444.0969114549525 182 178 167
-1.3528950775552342 -31.046144570191505 1457.2453255524947 140 140 138
-22.55365179007225 -47.20721810654931 1451.802088523389 74 77 50
68.6974536551522 7.223760909394942 1464.4440787307176 133 133 131
-29.214701520599966 -50.91859388219192 1450.2199236751935 58 56 57
34.083932169045816 -7.324422514830424 1456.5720984733491 156 168 170
85.30727614910867 13.589836485489858 1473.3543693522583 154 140 101
18.670977734392167 -15.895719512339658 1446.5466664211697 212 209 204
35.144450894585546 -8.394390580334726 1469.0841184874264 64 27 13
-5.636525237125418 -33.82483208869119 1457.6660219873897 149 151 150
-30.659556383168514 -51.047900761709265 1448.400437700908 192 188 185
-8.323986790282769 -49.35470428043495 1469.1713377720214 164 158 137
-48.51055435527735 -79.42814328315002 1472.9372412960622 214 207 201
14.216336903759819 -23.637515516138137 1454.0920085815408 174 176 171
-38.81686454856216 -59.053591833601246 1453.0143626269903 144 146 144
53.56305423520372 6.386606262392965 1450.0992443063874 175 161 124
35.19273482125237 -6.731195803001552 1457.5431819269686 132 145 152
49.4684893332993 3.2327381573867524 1459.2759898597935 215 219 218
80.52318066119626 19.27138896998413 1459.551621452762 208 203 193
56.530647474455385 10.445270466878787 1453.7802014940414 38 34 33
-48.030868504334336 -67.7681839975811 1463.3161088690847 181 193 201
-21.658557571231235 -47.53439063899981 1453.201853660448 43 41 38
-9.686590532866393 -55.16849900850273 1476.3353996474548 107 93 80
19.3194523131223 -16.004136985007452 1450.897196203494 246 254 255
-23.933477621518165 -46.00532909647087 1448.0436531459904 123 112 78
22.360188609383208 -28.4341611750518 1469.185427768458 143 136 130
43.34340858013155 -0.28448625801668115 1449.272305777222 118 107 95
-26.53151043872281 -48.46147213720487 1455.6640207375567 130 138 147
-4.361119700162053 -33.46547486540259 1455.772940610961 84 85 85
66.37705945966792 9.558407920658663 1458.953648085728 58 64 36
-28.764906164998035 -46.9296264148741 1443.7478616289218 95 96 97
59.106958580595105 13.990081491595088 1444.18317551113 80 82 80
75.95666123838086 21.817755182363197 1450.8358966150288 198 198 193
-6.824542668018688 -33.86668266076744 1447.275625124311 138 128 92
-3.644762751198551 -31.573041485238615 1460.9189564083306 206 207 199
60.03459674369593 8.670599913347903 1453.7816695442784 46 41 36
24.929258798944655 -19.45066159746918 1460.6454455579808 77 89 87
46.86244243555453 4.283770446780381 1446.0909020541314 214 208 197
32.98336985336935 -8.323453047941069 1458.0057538551468 145 159 162
-23.930197389989505 -49.114463420294044 1453.380580666831 29 27 25
5.542326807000482 -32.20720327735527 1460.9234686694838 129 131 131
49.998582100560235 2.687158761193984 1452.0351772128981 193 192 188
72.22362532833635 6.688129813428518 1468.7068045881445 211 202 193
66.51847000561042 14.857161860548224 1450.889683582234 84 84 86
37.470521408470326 -6.1214282300674405 1465.2552936403185 149 160 164
-26.692567176443706 -59.85727392424707 1466.8259275004436 224 225 226
45.030274867119054 -2.0608287516813597 1453.9216452975877 200 188 161
-15.817796282466784 -43.96447778518155 1453.5804694764006 60 59 54
-8.714722262362251 -38.55210984693316 1458.7628961965233 94 98 51
31.531666210679305 -9.585232961945408 1460.0096642669532 139 150 159
-33.04751137998842 -52.83626945864755 1449.1142666311355 83 85 82
37.23898124300602 -5.482029071086511 1458.3757605256742 149 159 161
-45.22127740555897 -58.91942973945904 1445.2881246979082 128 127 112
-3.860500400221993 -118.68612825811375 1452.1917318365167 175 191 198
-33.85666741825135 -51.884825219330914 1446.8076746755903 182 183 178
35.62085064431244 -6.875465068565422 1460.9682268199315 121 132 138
21.31840434657605 -12.439919815591269 1443.9429313830492 217 209 198
40.36095825062949 -2.5979581837921795 1462.8617398560548 175 185 186
42.01875549267129 -3.401517569825446 1466.7436996794765 138 151 157
80.08848733366274 13.099345038873116 1468.8677037315583 11 11 13
40.05379941373233 -3.038255198789467 1459.2319794755144 9 13 12
46.45159982607232 3.75660619778861 1446.560979056345 52 53 31
90.7732688614247 17.2551650158747 1475.3151289174752 35 33 33
52.25754600552161 3.064196516161332 1453.9935617983638 133 132 127
-35.51467710745719 -51.942426571732284 1444.6408682340784 163 163 161
17.620272710594406 -15.961341086329684 1445.4852558223672 97 80 69
33.8898271003215 -17.11116571005565 1464.618475381915 133 134 133
16.542007580621974 -17.492667444541873 1446.840055449115 88 80 53
43.292270468790576 -2.5537112574079512 1466.985073088577 74 78 84
-38.44657735637934 -72.92660754803147 1474.2356202261517 207 206 203
60.67597923374935 14.940895579647172 1444.1500097559206 57 58 60
35.24981171193474 -6.618894398264199 1457.1278374023157 144 153 158
39.00108748317801 -5.372641772195512 1466.3789241321883 145 156 160
31.232377206285094 -9.34486430134654 1456.867173493007 100 108 116
43.15820478242179 0.09249240948365278 1448.485304571458 96 88 66
38.81860461673289 -4.131702932518011 1456.8202872140212 114 125 129
-12.123872635331878 -41.627577711805024 1454.0533412687153 70 60 33
22.303267451797144 -12.056900124849891 1444.439842885896 97 75 61
46.48113570046019 2.221246075098163 1449.0441555429231 184 171 136
36.557567719280996 -6.721414148068319 1465.2686998143167 144 156 160
47.522248261419286 -0.11999959050298119 1455.8463633798751 201 202 204
-44.26148360326076 -59.405431092558544 1447.3247542142665 66 64 39
-24.676469529875934 -62.632824080870165 1472.8397766898293 132 131 129
47.51448745237276 2.41579063643731 1449.8985667338438 170 160 121
-48.71144390859297 -61.9569543375121 1446.5421076766756 161 169 171
-30.292407437326556 -65.87197011725391 1471.6979558417202 25 21 22
-3.5884553591296218 -32.395935141130984 1457.887257575817 138 138 138
0.6652091077744385 -29.549791554068207 1457.7540107774355 83 83 85
10.704587939840849 -21.845180389177806 1447.2350887966682 174 160 131
-15.351582476830584 -59.089469367828215 1476.7041570356048 36 27 28
-21.95688217064594 -44.665964336751664 1448.1473901611787 188 174 140
19.959162002006305 -20.450292723096076 1466.1705211348803 200 202 201
12.076678556605739 -22.161177949210362 1460.7206243546923 137 142 146
47.32937650063759 2.8563877330266094 1448.9716944224717 86 76 40
-9.445721547758916 -43.150697104226104 1465.0036275828204 72 69 68
-7.688075760827536 -40.78937528171835 1463.619082970672 202 198 192
-1.397903345091193 -32.98386091202328 1455.423173926277 197 208 212
-36.40974417856279 -52.99237556987193 1445.2890151039326 65 65 46
-50.09884649430101 -56.627150091445785 1453.3372949606378 153 154 147
-36.88403569864302 -53.90704797087769 1446.2864325797088 174 175 169
-42.76274769517921 -57.90591142190476 1446.328929975389 193 195 189
-2.6238050293900774 -31.19748692640428 1459.752818007874 69 67 68
-24.264063976043037 -57.2532322662626 1465.3894154893055 206 204 199
-26.08924210799504 -45.55879676369187 1444.2896541267132 73 73 77
46.73683024230083 0.4162023164255358 1452.0321703266584 178 176 170
-13.550501422463453 -39.241552381447725 1448.4660027703544 50 44 16
-27.699098776029352 -63.60585590204697 1470.9337812557721 91 80 81
9.356949884470355 -21.125792569745283 1444.5573144030777 191 188 179
5.845621151566605 -25.872572579208246 1448.3067902545672 200 193 185
67.16249443416102 9.317128342115836 1460.023225982891 32 53 14
65.85994634401317 11.575724227633401 1455.364068959531 25 45 15
-31.106925986187587 -52.184555078916375 1450.2121514697567 131 135 134
82.93999184727349 12.476584247330008 1471.8666199698446 139 134 129
22.758147639685664 -16.656245461918807 1452.2810611519903 151 132 118
64.82950846331391 12.461020815323955 1453.1063288621708 72 74 53
17.198840539960454 -18.795405919809053 1458.3665464065489 136 139 143
51.424512238968745 5.047819716368615 1449.9441791837894 224 220 206
80.96985990030056 15.582739611746305 1467.1025344502527 201 198 191
55.59651363282042 6.235043322274302 1452.457201873274 33 33 33
-22.760289211482192 -45.44119153050407 1448.5921766453398 173 159 136
2.1798047410647436 -28.306643370938552 1448.2138422255166 34 36 24
28.92336305473542 -11.37749840063019 1459.9492170094984 53 58 62
-18.15865597848025 -44.05978820915902 1460.2877833754603 119 125 135
63.171560564183785 8.73594472937015 1456.9153993949756 95 83 59
-47.67550511211151 -81.07375829668301 1476.7995773853045 32 34 29
2.316750546999765 -41.44972890141751 1468.355983457963 196 171 141
-3.790819995882012 -30.845582118315463 1462.059640684111 219 226 232
41.49963624717593 -2.4152864115481956 1457.4919846168023 104 114 118
46.73683024230083 0.4162023164255358 1452.0321703266584 178 176 170
-2.4465797762866197 -30.857446134083656 1460.4973974568488 61 61 61
-38.348161889568374 -63.083988828442266 1465.11938463664 219 227 230
-36.514589841488046 -71.5815187997458 1474.1376974959394 93 85 62
41.33243922851653 -2.2726993787251475 1463.1006841100423 154 162 165
-18.91033929495373 -44.09209279178686 1458.0644219580413 84 91 98
3.8470044776079746 -25.190351362510096 1445.0585564878952 74 67 56
-3.144686194711072 -42.51565998971391 1465.2524335334876 53 50 38
36.69293945560142 -6.138085383941193 1461.2366114888875 43 53 62
37.46166470586194 -5.596124697710592 1462.633876663865 50 59 66
13.162711492180078 -24.434805800738534 1454.2229913299618 139 136 136
-7.3476770265525575 -37.74634755388065 1453.017729001627 73 68 32
75.25406900757048 22.812931633029383 1448.855062739766 206 205 197
20.514380737925467 -18.04906868382687 1452.097449233031 49 51 30
54.199316633037604 5.599595289947837 1452.115226769456 32 31 29
-1.7472119095116456 -31.389238343274947 1457.0070879880093 128 130 129
36.748346740164415 -7.046648113395601 1467.093790444129 49 56 63
-25.706759201128538 -48.198131592968515 1449.891039225105 146 130 97
25.249454353224397 -9.845673886934199 1443.9631574252742 170 168 162
-44.53669530958101 -77.38193593032854 1473.903181805627 134 124 119
18.635371287652504 -15.796481738675906 1446.3421319621525 110 89 75
33.7641187830957 -8.436962391031779 1460.2940219113038 192 202 204
48.87287710047931 5.7264006644106455 1446.1170636880524 210 208 196
50.7040904823234 8.016231949572434 1443.8540981376366 231 225 213
-8.943886102506859 -33.82186253858544 1444.202579693936 50 49 49
54.86242410971047 10.903790473108394 1444.1494860651246 60 60 58
19.660811911133433 -14.929322199028812 1446.1260161795958 116 91 71
90.2547994732982 17.073483664114335 1476.5015434027928 209 149 153
10.924453429288913 -23.13606239025882 1449.6754452411608 71 72 31
-23.14745002893687 -45.94581199923872 1449.0397717357655 207 191 155
49.81848014218075 3.7999661104761016 1459.0069170159957 245 246 244
-35.4189501012871 -52.45745059375041 1445.5351839766452 58 57 55
-22.942001375467107 -45.99192385285124 1449.359781529017 97 83 54
22.209977337045462 -12.48388722450838 1445.0545203590746 122 116 102
22.088227032045474 -13.424213842015046 1446.3701072449035 92 86 78
-43.16661448475053 -60.78493912567596 1451.0737981088716 149 140 125
-18.758656567321815 -48.498027800017404 1463.758988683174 31 35 38
-30.703350825541776 -69.88635957410398 1477.2102131552003 47 41 43
69.49693194772613 1.9690188766660077 1475.733394742504 130 130 132
-52.54957497170736 -74.07806854338168 1465.0650003092096 115 106 105
42.25400495903682 -0.36636426681007034 1450.5499320880726 23 23 25
66.78178297151142 10.198954975550981 1458.36814497886 68 88 26
-22.544819400533978 -58.73989786273446 1474.0679569540662 35 57 45
42.94558783875498 -2.4902664057224086 1465.6077245348004 128 136 142
-16.91375969367475 -39.58154952354337 1445.1216846176683 159 152 148
-27.32673467410728 -49.16052931714172 1449.5989399855864 177 161 126
-2.3646836138420473 -42.95265802490416 1471.3515649004028 159 126 112
-1.739328260840581 -31.39576717363596 1457.0070933085929 125 125 127
-9.434568306266495 -55.50095697985353 1477.1107051552196 52 44 41
64.98332907605275 11.352094841708116 1454.8385180007538 32 36 19
38.550797606325865 -5.046730568133044 1463.8410888708368 160 171 173
-23.18957663265176 -51.972055105461415 1464.1975558019847 87 92 95
-34.584272310457024 -53.11411510954739 1447.5061336419703 55 50 47
69.20486098659977 10.951369696331938 1459.3092380354822 217 209 206
55.3143521688224 6.398646434758129 1452.097477189962 22 20 18
-9.2440829284627 -48.53291113576327 1466.8594551338472 208 208 208
66.59274269642881 9.972980989579316 1458.420573414734 89 91 65
-23.61570476547785 -47.419551889423694 1458.9679900387534 129 136 146
9.79201025633366 -21.792521023225753 1446.0451353395874 204 206 197
-20.530910812367658 -46.79423779308701 1453.0029073383876 30 27 22
-18.115791680078388 -45.14068630998542 1453.0854153516948 133 137 136
35.38775377412035 -7.015060444630472 1460.104116015268 136 149 150
-48.57044718729875 -60.85824118321826 1444.7576867590044 168 172 171
35.40420521287688 -6.632546292451677 1457.8285792528882 150 160 164
33.617015059812346 -6.98021593080207 1449.1011208998132 192 173 133
21.26425271755632 -12.861744726793297 1444.5109065778367 113 121 48
-44.17290096327635 -78.02886913808372 1475.272005541511 55 53 51
47.93195648550437 -0.1494236812488704 1455.6794620308003 184 179 175
48.31461866820047 1.21738214352844 1452.5179911826465 182 182 180
32.48081525912002 -8.783992317023745 1458.8564595772966 145 159 162
-17.969450338173584 -45.0819691270981 1453.155997086676 28 27 25
-9.186821358521959 -48.636480542548526 1467.1340906927906 210 211 206
41.990160570464084 2.11274763492276 1443.8877399305122 206 200 191
-19.501276863833557 -43.909696453503926 1455.6026024681644 78 88 96
12.261659700841514 -22.277815162289198 1449.8664967107063 220 206 188
-33.37990916467703 -50.17149500233525 1444.3116796851589 192 189 182
-46.40232656320709 -59.41044884359681 1444.762549426258 200 201 196
-33.5176493381816 -52.446717282127764 1447.9730507277807 173 175 170
16.163368584360516 -17.255222649016343 1445.8886833924257 139 126 107
-10.162674392444226 -55.72260948569237 1476.8938916513448 193 184 179
-12.010348048909167 -40.18982241194496 1451.7863710338852 156 126 105
-47.57599632864562 -81.17286193681278 1476.3903949771336 129 106 92
-15.731156644929134 -59.57573252718248 1477.9430166581922 135 124 122
-13.421544891825025 -53.38243327463571 1470.140173016685 126 115 87
35.09932805163185 -8.187702934448403 1467.2092528849269 102 115 123
53.33168531945683 -7.816898592983305 1470.804094096263 155 152 151
-5.3893334719231225 -33.40931767127717 1447.9322346100873 196 181 158
67.10148255272091 -1.2058853291536225 1475.3343166655316 67 61 61
-25.20681254641767 -61.368666716440906 1470.4373110528788 56 58 41
-39.51406678359924 -58.34125884053862 1450.987504498447 91 80 62
1.7687368577722047 -26.019924044159527 1443.8369773029594 219 212 201
36.17404369793747 -6.507062550046812 1461.8562650957476 124 135 139
-27.69368064419947 -48.28074653162385 1447.5992040798292 55 58 25
-25.939717804098418 -65.53843602720151 1475.5143130350978 87 85 86
-8.187557270270878 -35.818718875278094 1449.0972775925131 100 87 55
51.15815980488814 0.6231810002709735 1463.6890516868364 121 126 132
-43.92351899491309 -57.69741900229452 1444.7545048350585 201 203 198
-48.885158940322945 -62.0410802266276 1446.7738760762522 35 30 32
44.523954586898824 4.074296595800875 1443.7322851576716 65 64 63
31.235560561889894 -9.504081142344642 1457.8653613158444 140 150 152
-5.679250191156287 -34.26182728383759 1449.1937827653708 98 92 64
-4.262747818051445 -30.49448035998415 1444.5956564191965 129 118 75
3.0719397058821687 -27.611248651282125 1448.1395748349057 101 90 76
54.94125105550541 5.2676659255204505 1459.8079769104024 115 120 126
76.14134446758422 6.963777467305037 1473.187730051013 145 146 148
59.688305329663685 12.020070975816342 1448.4816566089582 81 77 74
-16.374381155217836 -58.821693771332626 1475.2555046068887 202 202 198
-10.981121589314851 -36.237242126471735 1446.2449918377092 162 151 127
18.065721662043906 -32.454462512668485 1470.9489374428215 53 57 38
3.4718897913509736 -30.677492879334665 1453.4479678737484 154 131 87
-26.603257454093725 -65.3382896535835 1474.5337713097192 160 162 161
56.86206253148617 11.415464496382222 1452.7239395817385 124 124 122
35.74048539100964 -3.6937058269533867 1446.232205393379 92 73 44
-21.368973043955982 -60.09723346006755 1472.5637118476618 111 110 108
61.17459092142517 7.118716184216703 1460.49020668246 26 24 25
52.5700407541513 -1.5542360560705888 1467.8009230117077 133 136 143
-40.16177024023029 -59.802470818247954 1452.7912642788312 154 154 153
-24.70081411149788 -47.069249376095975 1449.0970805756106 92 89 45
63.79076139590555 9.71873139613977 1456.1270307161246 110 95 67
-41.686328485262564 -57.689025521736106 1447.2626678075237 204 210 209
65.33231483454485 -2.9825725899322038 1476.2438823213693 77 72 69
15.167975323256949 -18.06687504162046 1446.1452808796269 28 30 16
42.29324532345259 -1.2957652378338123 1461.6852648775632 153 161 164
49.028869613442794 3.70412463786764 1449.4927598448796 94 88 56
-22.008711600256962 -48.044101187522806 1454.572010965303 12 12 14
-47.048840014067245 -86.35370711499448 1484.6105135908308 163 141 138
-35.87764283780455 -53.217644494563444 1446.3126932803027 185 184 179
33.13553704443824 -8.257496306080236 1458.2796058138167 137 150 153
43.51800446608627 1.8034469521241674 1446.4124112193483 161 150 129
-9.25343815678739 -41.50682067474695 1464.7019429749826 193 192 190
-10.958716078746917 -40.60246630887706 1459.6705039221479 135 137 136
-49.544310011314025 -80.12792954641546 1472.696190346815 115 105 103
-36.13227032855024 -64.17621410443837 1469.9063578966138 214 218 221
10.643922195478629 -22.366020664037794 1448.0731095744743 156 139 108
57.921954790333466 8.346460722334115 1451.9746926606854 147 144 139
39.3538896465329 -4.777857585179508 1464.9199738601455 88 93 104
-8.61088466643761 -39.709681460175496 1454.6272139686776 75 74 53
-11.17661307286706 -38.236799239484675 1451.864718051623 128 165 159
-34.295349597251 -69.2337380216957 1472.901371157533 51 45 27
-8.340379979803856 -40.5352946105376 1463.463551362544 99 98 93
37.938099507062965 -5.29972061009245 1463.1558614989094 154 165 168
-26.922975332892683 -49.70353011466048 1450.9713585608476 90 82 64
-11.958926991837748 -58.58287968607752 1479.4066976717356 72 61 62
0.33218844470033526 -29.63066959476758 1458.089102973444 148 149 151
44.7370680396753 -2.142644514701939 1455.787861239733 162 226 199
77.15395197736731 24.191232193031528 1449.0121139701519 86 88 57
6.2991319757014965 -22.716260886164786 1443.7892440602122 85 73 68
37.9103367798168 -5.295893302883661 1462.3862774776915 124 136 141
-22.57319107594095 -43.18894305849911 1444.129318526177 169 174 172
-47.047983269973635 -59.0870976158307 1453.0699299894081 154 157 146
-9.600006987249559 -35.34455414396214 1446.5838228633459 94 91 63
-9.77160737200592 -55.76810370792669 1477.3721365380002 141 129 120
42.214814003067076 -0.25966267691842354 1450.2953160531006 156 165 174
36.0239236672148 -6.591691043125304 1460.682659999331 136 147 152
74.74109712959657 4.521382856810723 1476.4307786955742 123 124 131
48.91436982642154 1.8139941757235079 1452.3595151809582 51 50 44
-41.013079009470616 -58.623883631552225 1449.692414766773 189 191 192
47.36535892690671 0.8262958512259269 1452.1475453072069 40 38 39
-9.865299921570248 -46.14407082807914 1463.3664748916945 13 10 8
-27.019889307696584 -48.77014954645366 1449.2590034329412 169 147 100
85.3399788667436 15.631306732252646 1470.5585519765007 82 70 44
12.108962651217322 -19.260651312283407 1444.1347127624506 55 54 51
36.292293715100584 -5.95850767548322 1457.1245205007474 144 152 155
-51.5263564892974 -55.761869571936344 1449.2791632223493 152 151 145
48.119227382193976 3.386658690373095 1449.1162946688075 104 94 58
-44.8216638551038 -58.26971939480367 1444.1347344018734 198 201 196
-13.502068053398325 -56.46556417280693 1475.9484703173707 171 170 166
-42.88649018762827 -61.13489814791883 1451.9787929728686 160 161 161
38.77865503806188 -5.6014221197569745 1466.6702478990178 137 146 153
4.182017936020755 -27.78010599049427 1449.7104461241104 166 160 153
-33.185629614605816 -54.07108383430948 1450.816462349951 141 140 135
34.63710087856062 -7.473790553018308 1459.8491229502238 140 151 153
70.595579123679 3.7763341463227493 1472.233383284008 10 8 6
16.068208879737632 -19.9228891366863 1450.1197916712772 120 111 97
11.082368838672831 -39.032506857408606 1474.3222133228614 119 169 170
-15.070336308246434 -42.009070904427084 1451.328139191624 112 91 66
14.503441680350786 -32.705770129778074 1467.2962448459211 202 191 180
3.141844126366074 -41.65212622512145 1469.7014240377666 43 38 33
23.644507001530943 -27.611319570661976 1469.4034598057722 94 96 78
43.193758902893066 -2.3455818722174206 1465.736755361606 121 130 135
47.321572762647335 3.1721400550460954 1448.4636558442594 124 109 78
52.84520182083322 4.464586250994522 1454.818969309003 164 164 161
-27.45481811941916 -47.60827886539971 1446.6215458585402 72 68 39
-37.928291861196136 -73.92942233721149 1476.1536489664288 84 72 69
-19.958747264110933 -41.286624017811185 1444.5514154453106 111 106 106
15.28067621372774 -22.39896578437546 1454.120385918207 168 179 186
-28.610202704258135 -56.6262217284876 1460.612996671189 168 165 162
-44.074729047354566 -59.253293928106416 1447.1862228480898 143 125 105
58.32500072589809 -8.437849951094494 1476.6771867997804 141 136 132
77.04168408257364 25.241578229256028 1446.7154591383119 130 129 104
23.594929387304482 -11.17991557247873 1444.429037687946 163 162 159
9.701270814523562 -20.964752054206816 1444.0856006141044 79 52 38
67.69729228416772 12.600165874432202 1455.3370283409824 59 55 51
21.66964112388115 -12.601368449726541 1444.5301512330273 125 88 57
37.45502462481917 -6.549483092673406 1466.9749285137464 134 147 153
9.922942092604297 -24.613812648242636 1450.8806010079593 106 99 59
-22.361979680356534 -45.227723853847856 1448.7135151697096 202 188 152
61.436857721755864 3.1036121089486843 1467.3274155032589 212 220 223
-4.068045160632607 -32.045162192120834 1460.3448139198733 130 130 130
-40.0361011618175 -58.81588885810708 1451.082992733965 71 64 48
38.75225102251926 -5.531572452160638 1466.3866273079666 150 161 167
-2.2932592854866556 -30.974065206212373 1459.7142910347495 151 151 154
-21.365687464631506 -55.64115547965809 1465.7076802101285 124 125 99
-39.82702879669649 -59.794802391162115 1453.052087687942 148 152 153
39.007222281821605 -17.45244319406842 1470.165022402716 206 195 173
-9.066415568330054 -38.767864642948425 1461.5670688033822 150 150 150
85.1624418769227 16.11403357141328 1469.8661924594217 77 79 49
13.540521859000075 -19.166185355816307 1446.0468161126898 227 231 230
59.12171393052864 11.644135558920889 1448.3092628615436 72 62 56
0.295334435900525 -28.73616731986766 1446.849751711594 181 175 159
36.57752343144862 -7.035147721353735 1466.5552859679337 144 155 159
51.445364338618695 4.791580002681319 1450.3384999358225 220 216 207
-2.270604968349213 -50.244471239265444 1479.4247169684663 20 25 21
65.08867636160262 7.929640168112495 1459.970574765884 60 63 39
49.495516700275 6.114947577734145 1446.211044340765 135 129 107
3.2345531574461894 -28.042650922936716 1449.0421516319027 100 93 77
14.711222789541832 -32.4997380361053 1467.827126035704 68 71 86
-36.579201178287036 -53.18206848773898 1445.2977771103917 94 88 74
-18.778183638569946 -57.59552487452317 1471.104266360858 75 74 33
-36.579201178287036 -53.18206848773898 1445.2977771103917 94 88 74
-38.52333299270425 -58.90888181080058 1453.1467028213074 66 63 56
42.683699425760715 -1.7449600731344248 1458.5902139823324 40 47 52
52.95721512554338 3.632917343800544 1453.783895336608 108 134 131
63.29791449314529 15.238867722790825 1447.2869337070304 185 185 174
52.50306661315633 4.854696161079883 1451.4050770918695 123 116 97
65.36333543266947 7.855208564277213 1462.4303810902088 194 191 182
37.76496258144528 -5.595524226298895 1463.8525706595851 153 165 166
50.1786162738366 5.142711671302276 1448.475906582064 100 95 59
-33.485760473230485 -75.36701236664491 1482.0404744938191 148 143 139
10.577121911804165 -25.607495653386408 1453.3819521505764 145 142 139
9.134088294622178 -31.56948986775109 1460.750040418732 101 94 84
13.087537560958232 -32.872128332852775 1466.735909151371 162 158 157
15.159163444762218 -22.467183826187973 1454.097787509194 162 171 177
-30.624044365442177 -51.94417954788387 1450.379654682294 133 133 133
10.84161037635187 -22.8208490940887 1448.9632820216825 189 173 147
-22.831720756008828 -60.24190652865748 1471.7504932661443 15 40 34
-17.474441040251538 -44.70530069433124 1453.0046740638973 24 23 21
4.413902764734264 -30.746154790816973 1454.5173451059086 113 97 54
10.141708379325657 -24.825195907560218 1451.492912499519 102 87 74
82.75704255550734 21.408564573876497 1459.7771942754052 100 96 66
-34.09119737951033 -52.86964236032413 1447.7841915139065 179 176 171
-47.475191377220476 -60.40940936012098 1445.3072347909397 93 85 77
-26.198614421087512 -65.66918538465289 1475.3944471744564 40 31 33
-25.78331403600864 -47.00104975696401 1447.804416691766 158 149 118
42.435450364744135 -0.7587897902037597 1460.7058485414268 150 155 158
-42.13761761774312 -61.536724167733546 1454.901117153308 35 32 25
50.044085495936464 5.297878973363146 1448.150406621845 98 97 79
16.07642970592911 -32.339934399260244 1469.162729110007 30 27 11
48.369318921685945 1.7054449378618153 1452.0278383072396 171 167 159
7.625903978786198 -23.41259157548091 1446.1728840672074 119 103 96
-24.11226017045805 -48.930339433579725 1453.059613814805 109 99 98
-10.658977779436636 -39.911179941262304 1461.3196478343634 153 153 151
-25.931595599576156 -48.9052654732878 1461.2802770829612 181 172 166
-40.515503579207866 -63.08971086563409 1463.735705585051 166 167 171
51.414584214826384 8.898136122981871 1443.636391174597 138 137 132
42.76362888320065 -2.843159418944097 1466.6024611450102 110 118 121
-10.18772616410241 -55.16062538143381 1475.789030572337 188 178 152
-40.75729595336262 -63.09933415384308 1463.8228316406683 66 62 61
60.76957681732499 0.04696019493718264 1470.4789882920938 164 171 184
50.85979015855239 2.482789906890104 1454.6671057853284 184 183 176
58.72165164237686 -13.373232765758134 1482.1717168249168 165 165 159
48.01505001842109 6.333474100113308 1443.845550381895 218 212 200
2.3928836836105996 -28.800614341990126 1449.2269786067634 86 85 57
37.88230032290776 -5.3912069861907215 1463.3274003171011 90 96 108
37.83802547271659 -5.345973997256179 1461.0810061221741 104 112 120
-39.892988654690505 -55.257940364951835 1445.2675080184672 186 185 181
-40.158641715744935 -80.66341078836501 1483.6605134139156 123 113 114
58.12119864476021 12.290055103960531 1446.3282038235193 59 54 38
39.43194489398888 -3.70571493670377 1462.652089866303 168 176 179
-14.086894296656213 -44.15209771963799 1456.060977615449 61 53 46
69.12514576782726 10.340005045562865 1460.3533414077806 223 223 221
-21.106556882768952 -59.82004774800343 1472.3593310944568 210 210 207
-17.71394073570285 -46.154545360506475 1462.495581039296 37 40 45
37.864482557479214 -5.307892827264642 1462.751898767907 53 60 67
33.29834543115144 -6.4005912903913895 1447.8124225536353 201 177 142
51.89053378170569 5.678476755828683 1449.4872885533875 70 71 38
75.32534685091582 2.2265707883124826 1479.0865426713924 216 215 213
-28.723809755267027 -56.463854219773005 1460.1419767371756 30 31 28
-32.03050605343871 -49.58305241840554 1444.8781641656094 181 182 178
-12.247192491203267 -56.006027436072735 1475.0321772725315 209 207 207
38.71656474889228 -3.156815169645148 1460.9634170852546 115 122 132
7.10753687207423 -27.54666604227445 1456.484159356828 88 72 73
68.55048154976669 11.188026627671933 1458.5765409230453 232 228 225
49.16633631289589 2.1091172823941364 1452.1711761237752 43 42 40
34.07429678959543 -7.539973920357482 1457.8304434754232 147 157 159
-3.4049459464572123 -31.316004938779418 1461.4875671759933 57 33 32
55.339165917242475 5.008294780407355 1460.3128473945228 158 163 166
13.211150115655412 -21.530510687664144 1449.7631204391955 180 170 134
-15.51230277703049 -60.109513640372356 1478.4039656140499 69 67 67
-44.55146860006553 -59.003015259499136 1446.1953730527337 194 195 190
-22.23783970586644 -45.06557770800316 1448.5655870853807 106 87 61
-9.331738880689233 -40.8841311572108 1458.583425321222 162 171 180
37.936657293131276 -3.7667719444288776 1460.3727407314689 116 122 134
0.3951295072444205 -29.127025758797448 1447.6331828722523 79 73 53
10.695708112200865 -20.16585406039286 1444.4177721269916 217 214 210
48.307480041328915 1.2931066285111747 1452.9548232176292 39 36 34
50.837236162237886 4.264030513099032 1450.5760555287104 59 58 37
37.923772735200856 -5.063124665336858 1458.7929189195224 133 143 145
-8.582504040787013 -55.88395264031286 1478.6570604256876 182 166 158
37.32406413783671 -6.643604860708718 1467.0537221909194 52 59 65
38.0157675678066 -4.913930422406121 1458.9118131660866 207 214 217
-8.739866172237852 -48.74748395386852 1467.8150095714748 190 179 161
61.31003853587908 8.97269740493191 1454.462224595958 82 74 37
-41.80827750140401 -57.75395768007481 1447.2302574734751 76 54 40
35.68071936949918 -7.618967960236005 1466.4152014953243 150 159 164
52.69567633959562 9.5029668006761 1444.50524302136 231 230 226
50.73636464285431 3.165275534278478 1452.1195342771541 71 70 68
-50.97772989872446 -75.71367807756263 1470.83255841714 51 47 44
67.61500175928593 8.894762686766711 1461.1492008258247 121 114 108
50.19440953887361 2.800980339759714 1452.13037750505 51 47 46
-21.7628738427603 -44.95650448424935 1448.9762442995107 150 136 108
-1.9233399803777766 -30.212048842068647 1461.5940319742117 103 86 78
36.708700938393164 -5.8961840773774306 1458.6695164144353 151 162 164
37.625852012876514 -5.742756647002464 1464.1372737207676 153 163 165
57.85398276543623 7.780683946242548 1454.7789887222186 157 157 150
63.478756337152205 -4.969312287123416 1476.9165853032398 185 185 183
38.37284589338526 -4.395277536160616 1456.5357823940296 143 153 161
54.57961494899044 5.915293035592111 1452.0045436247444 167 168 157
-9.28260588791192 -42.16304538626465 1465.0244028657837 113 112 110
52.1486345073257 9.059626119698923 1444.4168153103851 206 202 199
-32.45520480746767 -53.864178325526254 1451.8282404280262 197 198 193
-15.162979951930785 -37.76683893467153 1443.994498160875 201 197 188
-12.917977280053941 -57.363664694526214 1476.9779186090916 73 53 50
16.72420353740295 -20.41536308665284 1451.757814259434 56 53 36
-2.8140366274770954 -30.849450537464005 1461.5540479732124 77 76 75
58.95251139254187 7.68226135433111 1454.2550312874369 24 22 23
39.153637078022456 -3.2748388930916845 1461.7553471526564 105 114 124
-26.232311490192714 -49.041073813490804 1461.1936682005357 86 83 82
22.74776385809298 -21.142986884210927 1459.709206480709 46 46 44
-1.7359791796400237 -29.716717573797983 1446.1166860928893 126 115 94
-12.758368229103977 -42.64910005010861 1454.6018111037088 202 178 141
74.82344738472301 4.235253844335335 1475.4630527104202 27 27 31
14.711951868286295 -17.703324234453174 1444.993502142316 116 97 83
38.975515620840525 -17.41336986973489 1470.13075871433 208 196 170
38.09856331926971 -4.684182512345275 1457.0885657631457 146 156 158
66.53962181807728 8.454352682861924 1460.670708282693 83 77 74
-32.468259011954544 -49.9833131021204 1444.729481814635 187 188 185
79.66134069424407 16.464571979930977 1462.554477767291 82 69 58
-19.856585708153325 -42.28733490778098 1446.2912902368473 91 83 46
-6.772867143131882 -32.19162602019614 1444.0758184197957 101 68 49
-19.02749624783424 -53.71031780120139 1465.2893801001053 214 215 217
16.695802514145832 -32.884721032649146 1470.235064772146 208 203 197
-47.48304000447327 -60.9914317678364 1453.7812943371582 53 56 51
33.5637094312629 -8.249495518677932 1451.12834066445 206 185 145
1.4671746693277454 -27.89772568901527 1446.6044188297842 79 82 56
35.81611876897476 -6.7454019919618675 1461.1180326753354 123 134 140
35.551428885113104 -6.910450218612112 1462.7566381625327 59 69 78
66.53059653025373 8.794878010150352 1460.2292398670077 94 97 69
45.29746157830952 -5.083448251082266 1464.5754094771262 36 43 48
83.41143701813527 22.59692212808883 1458.931755195702 132 122 100
-32.506166742037074 -69.80060815473918 1475.3718329916803 130 118 104
-41.710458520489766 -58.194524415091564 1448.417377830958 140 116 100
-11.29542065392911 -40.72733324864834 1459.814076065901 136 136 136
-9.28260588791192 -42.16304538626465 1465.0244028657837 113 112 110
-35.81673000292624 -53.202606236108004 1446.2847164854495 167 168 162
79.94360360737649 20.673198610253277 1457.3894894391779 62 64 39
89.92040507864358 16.902800311895216 1476.3182985649657 119 131 128
-30.79891861595485 -56.72736026697998 1462.5311186574113 13 9 10
37.49167226903953 -19.03266966063635 1470.961569983784 29 28 24
42.08891299479014 -3.3946411237137517 1466.9058047714761 137 152 155
-26.174785258834724 -60.24641546686514 1467.8111517985326 79 78 52
-10.970475957977056 -56.25681102076946 1476.8308119587575 200 190 172
53.15002817891345 4.023283198064895 1454.2519947371934 35 31 30
49.62068879786895 3.4427613107049453 1459.1752432139008 18 12 9
37.8556506264078 -6.155544313689402 1466.5231385301292 125 136 140
-18.491568760839964 -40.287314538499416 1444.591100473346 133 124 116
-4.1297832499450555 -30.680896911431784 1445.0179865382981 106 95 67
-23.207819049514022 -44.55566110133714 1446.2155713712016 78 74 54
-10.44063485385314 -53.55621871610728 1473.2798624580053 91 89 38
37.89611791284492 -4.681343248463133 1456.2771314417425 98 107 117
58.874510150447634 7.818578355162568 1459.9445903814637 66 65 70
66.0390257394321 15.495737490108953 1449.384072111525 77 75 78
38.090768238353924 -5.805442031365219 1465.6767462364671 154 165 168
87.15905177704114 10.715938052594755 1479.7165653872696 189 190 185
-24.301354969506075 -47.42777132723878 1450.2110692221036 58 56 39
37.45284358564429 -5.610825880241581 1460.668562517573 120 129 134
2.0281428297712756 -26.150488721800485 1444.4217469349603 220 213 203
-30.342339424865813 -66.49164966179833 1472.8250326347288 140 141 142
78.74650072698135 23.698710702375948 1451.8401606113719 167 157 123
52.974392085496575 9.633318962776775 1444.1674697092296 57 57 57
-27.745044214899227 -63.79246886295159 1471.1818159844674 138 137 139
38.11736150126642 -3.4309240806648704 1448.4760234108296 99 83 50
-27.45465460873533 -58.44238516054288 1463.869863430538 63 66 41
46.84045002660078 0.0024949989570725315 1456.1830573763389 52 52 54
56.45410459470682 9.069726292089388 1449.2404590052868 121 110 78
46.57990256053151 0.026889391856865782 1452.5089527939317 147 148 144
9.602158478072823 -24.19848136967571 1449.8743328279593 103 96 67
-20.471531489135394 -46.87125589780904 1453.3812254587938 38 34 28
-23.334742130613336 -44.69554755479588 1446.4222537884586 194 180 149
-26.933374884593167 -59.47246367816661 1466.0233897312974 231 225 226
16.201669196819527 -19.62780527614853 1449.7997701746772 62 59 12
35.593913926409996 -6.882777951719418 1462.8546643686445 121 135 138
-2.3754768375180118 -31.801760452731916 1456.988847764205 146 146 148
-24.818796698270344 -47.154051732526 1455.1729844768788 48 51 56
27.66245356348513 -12.235330346714376 1460.0344466149818 139 150 155
37.82897528417601 -4.926081259822205 1457.4140190892967 183 216 230
-32.284534874291325 -54.307499894011606 1452.2590703215255 43 35 32
-46.5142355882593 -60.466538440205284 1445.8587108756217 192 193 188
-32.146550597193 -74.46106120837378 1482.0314423464476 175 165 163
-7.695781664311274 -33.82764029293375 1446.054210571935 221 214 197
57.37938315751519 7.26126805358991 1454.7291944298304 165 158 151
48.57164815028238 3.5724118240621694 1449.281213281701 174 158 119
42.7497567176133 2.3758053324102777 1444.4505873069656 235 234 230
-25.19302943437943 -46.952005260038696 1448.470493909642 144 131 99
38.15161960394987 -4.04963563765249 1461.1177356929375 121 128 136
52.054525934663864 4.291955733617976 1451.921463393135 77 76 72
37.892983809092655 -4.759512647064608 1459.0533418666919 224 232 235
-28.54465904985029 -52.36310911422408 1453.54452215191 75 75 75
42.97319820377948 -2.5442338865972713 1465.9000661175273 156 167 169
89.75559835358567 12.158685978354654 1481.117839826664 26 26 21
34.459869689413274 -7.418592883726729 1458.7076553535662 140 151 155
-7.912064933371618 -38.04917769886925 1461.4025635719606 139 139 139
-11.53463313997661 -45.450211878051704 1462.4907059080272 170 173 178
37.866144578927425 -5.264561885068115 1459.9347114709174 138 147 152
-40.96441125829032 -61.09748697928598 1459.6860200418762 103 100 100
-8.32386955681954 -34.79103007217243 1460.529275031049 142 142 142
1.1434885149098986 -28.746237104084152 1447.8129226695185 161 153 125
54.683097721751494 5.511237497358042 1454.71150968834 178 175 164
89.72057445937493 16.69367927243084 1476.6463986110036 124 139 139
-44.70025838656799 -58.583971080920925 1445.2857186406688 150 143 137
14.373299058905543 -23.73099111881524 1454.4935578398556 118 110 102
36.246805312307096 -6.095843160707601 1457.9601924648678 157 168 170
14.868186823446296 -20.196232732826672 1461.2568343795926 58 60 64
351.8690134523935 -100.69593067248888 1528.9855686523474 80 83 86
26.149672599985927 -27.16309448380883 1471.1340583460974 166 164 154
-33.67838172513176 -52.10919519134258 1447.265768193299 176 177 169
60.93384895179528 0.03786445947840936 1470.0059471198754 146 145 141
-42.74494796041835 -60.86976228146082 1455.5967273394788 43 41 42
-16.47174314930276 -42.43730194271741 1458.0345987823368 110 120 129
-19.25441641581048 -41.83157895016762 1446.2313348346108 80 77 57
-25.397671957906226 -48.56125673144773 1461.2463895796664 208 205 200
63.84949458627616 12.986444987016338 1451.2389522119556 118 113 89
14.21079367822597 -17.954629026598425 1444.8439848295927 208 206 201
48.93507624527351 2.932736137411178 1450.5519720446684 167 153 118
-8.796842703535688 -41.981470093645534 1466.2940404691783 115 114 112
26.22909780958249 -12.891555083789449 1458.0338413556462 138 146 149
70.38120259769835 10.476531206666607 1465.4486188191408 65 66 68
22.564249249329357 -18.01576053789309 1454.1043131704005 59 50 43
-0.005683924162418114 -32.516821325373314 1453.9529768587738 31 45 32
36.10627051365218 -1.9887827499780133 1443.7851803395351 130 130 129
-20.067960895600212 -61.82035362677469 1476.8214934009507 134 125 130
-7.7725586404209235 -49.1816457641674 1472.4861093306263 43 35 32
32.99471361589748 -8.10849261376064 1456.7360264063009 156 170 172
-24.339859651739065 -60.74775216893648 1471.6824568924596 180 182 184
47.710612922588766 2.974740744457329 1449.2754928752877 83 77 38
-15.086978636583535 -43.935833925284115 1454.4665047079466 58 57 56
13.440519979382238 -31.3441661130889 1464.6407821727096 219 210 203
33.05912707865585 -19.49881116730966 1467.1271796160656 55 45 29
-11.958933652920225 -36.20579056191862 1445.1802719933517 212 208 205
-9.710999924613452 -36.853294101227846 1448.9203430930015 190 176 148
53.79283973264508 6.675188571208358 1449.945504861216 78 76 43
36.4932317344478 -6.340189053042404 1463.440056175121 160 172 174
-11.188985499797164 -43.058807164158935 1457.2601278541185 169 160 126
3.3937821798452483 -47.97988925232486 1478.9096826392756 139 143 154
-7.535070929314258 -34.379344611667236 1447.3398535891479 191 177 143
59.887292328601674 -0.21786409815390642 1470.053859276541 160 167 177
-7.669501650664371 -34.74488258193292 1447.865170219464 121 108 70
-52.523304925705155 -68.66234912253297 1458.0924726075211 60 50 49
-34.53775304394767 -52.36630883571404 1447.029914218814 174 160 138
66.4577851626998 9.280675224712725 1459.395176702107 50 55 28
-18.35747135207805 -41.558046916580466 1446.8542386748443 116 97 64
-32.98789088584278 -62.10653898551111 1469.1034962383721 170 170 170
37.07060806313408 -6.7482520432220605 1466.9591170762649 134 147 151
-8.950876289870706 -33.80467051272703 1444.2100501445666 50 49 49
74.65254800288253 3.574669120855257 1476.4957380280098 159 163 166
5.859271343958711 -24.57368288972292 1446.1494848338134 100 85 76
-42.957546768414495 -58.01000117851125 1446.3988227667012 90 88 75
9.17712648020276 -23.57064432188089 1448.283342200435 134 121 95
-40.66814727229441 -58.947122597577426 1450.7342297390376 99 70 56
-45.49745227599868 -83.38672032695935 1481.4466351299072 53 41 43
-16.038883516140793 -45.173470780164934 1454.2979839504071 112 116 119
-16.31635792434886 -45.23572584939466 1454.5532642063856 26 32 35
-2.8110235452109604 -34.56605529740727 1452.9422415738075 157 158 158
-40.580450823376445 -79.2448624460939 1480.7839336835625 111 104 103
14.396567693657119 -32.93793098914272 1468.0511600709335 53 58 73
-26.389461687346884 -60.3271183777218 1467.7689628821033 221 221 219
67.95729424948323 12.53563845370099 1455.6951395431424 219 214 210
-16.32293719218958 -41.491954988002924 1449.2059826780574 87 70 50
-34.587786023684586 -52.39350963034147 1446.5104205374491 35 27 25
-3.966824895113423 -33.497827823219716 1449.768173378369 96 86 60
-21.97881459066554 -42.31924290936694 1443.8246742255335 82 78 77
19.019249204652453 -15.369534106326405 1446.134845551915 124 111 93
37.00290899764489 -5.574057406606358 1457.9503802183945 148 159 161
-44.77129094069289 -59.40603443265036 1447.0871744881235 100 99 79
79.68495394143785 14.21926891383613 1468.102968876084 14 15 17
6.889086710136062 -24.22184905755913 1446.773587456426 113 102 94
64.96026584348368 12.643109868361126 1452.9557041589376 33 36 20
69.13284415203684 10.641593999618017 1459.6500117432201 126 120 116
46.232498086993296 -1.0407411748708564 1453.8694225004906 75 72 71
11.446696081153785 -22.810324573431412 1456.710207824857 72 79 85
-16.068303962636772 -38.25758464571111 1443.9153619454692 198 194 185
-48.624315980377 -62.0985749543448 1447.0312493966144 173 185 186
-24.36636976998905 -47.44926809642225 1450.2665083512052 46 45 27
61.4410063602675 7.982044492231812 1456.3827959803943 118 118 114
-9.542621671864849 -43.038868388142596 1464.6827219031968 79 79 77
60.41613888380652 8.381231662925124 1454.6500965045714 36 36 24
-28.37043251381216 -47.04838496218551 1444.37553372972 70 57 51
-36.06544695651451 -52.248883086000745 1444.5294276610425 28 23 20
49.890341782995364 7.44114395854179 1444.0765765678839 205 202 191
37.68211910139936 -5.45329296085009 1462.3972918156176 108 123 128
78.56922561015777 18.08223009106249 1459.1536812642303 187 186 182
12.25984636797624 -21.88165897196478 1462.3673273446614 174 178 179
-32.6232291749385 -53.666624390721026 1451.2550027891537 197 197 193
65.69434551020584 15.747198379029308 1448.711743027872 201 192 183
-8.351123318290426 -38.32362350444133 1461.5529723945585 140 140 140
-1.9093306748688212 -34.041808431113594 1453.691095037966 168 171 177
79.44588747426889 14.206712109231182 1467.993521476331 134 138 148
59.68456794470853 -0.4553522055115922 1470.1374207288725 163 163 171
-6.738541563016108 -50.59707687416269 1472.627699223159 170 170 169
36.022443559212526 -12.871505613061117 1463.4863197820243 15 17 17
-39.937608924867114 -57.00677078036034 1448.0903188669697 81 68 52
-16.20247594570769 -59.167969433953004 1476.2511562084042 194 192 193
56.03889831081691 5.891981311179206 1454.4360781821226 155 145 133
75.60333775236265 4.537873261287947 1477.1231959122797 232 239 247
-15.448319036773631 -39.42861500763407 1446.6160768587981 99 97 64
-40.304740579260546 -58.87161536996993 1450.9374401105813 154 137 109
-25.54702440078706 -61.39238402006578 1470.2330133619619 198 203 206
55.736814409846836 11.595800027306817 1444.0619629302228 198 195 186
32.06423853025239 -8.839067466182552 1457.215459193082 66 75 83
35.073865077981225 -6.683982823229931 1456.6859578179306 126 136 143
35.98329418626201 -6.892813792630305 1464.290864236586 153 165 167
35.893841843088204 -7.550608019710339 1466.979140965287 118 126 136
67.39169909559786 13.45950677772245 1453.7988785646298 186 179 171
58.79945491211775 16.92114806727558 1449.9793001001444 85 80 78
35.426097340118055 -7.016141960743565 1463.153080491588 158 172 175
-42.957546768414495 -58.01000117851125 1446.3988227667012 90 88 75
40.869743654330755 -1.4280254995148631 1461.196291097942 171 185 187
-40.094611706207594 -61.78011583128449 1461.634194917362 125 124 124
55.857453060483266 6.7628177267686445 1452.1388206889737 44 40 41
-19.329958929384958 -46.366006032059445 1453.913557966025 27 23 20
62.46780886223047 3.143268783048765 1467.744363477193 37 36 34
-26.25324553548299 -49.09100405840614 1450.7975075588033 115 102 82
-34.7093982346913 -51.48519691941852 1444.4308623100048 39 31 27
72.86352411044409 5.6847174273244105 1470.8592318869037 195 191 187
-15.042354634137704 -39.012074041075365 1446.0942943596183 195 194 189
-0.08641816996726907 -29.835107125768435 1458.461862487151 152 152 152
50.235271501799666 4.386630035698689 1455.086974753663 124 127 131
23.604104058923014 -17.453229203294775 1454.3732876229835 151 124 109
-22.800909993908792 -62.27210185565148 1479.511523168778 195 187 191
-45.15813463506805 -64.6608411096714 1462.8498597584112 202 210 213
50.90034425193247 3.545296010625023 1451.7473575413217 120 116 104
22.753744066761758 -19.98482748133697 1458.6058849839196 195 197 201
55.407837070993395 11.410500163369552 1444.0987054667282 182 180 172
64.25231399134599 13.76773983533823 1450.5777546598777 97 92 87
-7.502477404232313 -36.168753766626985 1450.4430841951526 91 79 41
-23.064383805244496 -45.77116158776466 1448.988030186527 73 66 38
37.523641501816094 -5.561700220302263 1461.827343759778 130 141 147
-8.309152090078564 -41.23338471337204 1465.3818853700589 155 155 153
52.845016391511535 3.4926340483791787 1454.1762826954105 112 109 104
8.167467925088506 -21.96481300550172 1444.6837891833711 151 124 105
-3.946784922094339 -30.853015743996092 1461.8580638505189 88 79 82
9.690591333992314 -22.41210190466618 1446.8135119618896 100 100 64
-38.966498167903765 -75.21356233203292 1477.2165126945667 191 187 184
-18.973269520749888 -44.20323402000012 1458.2893471787143 60 68 77
37.87189365886465 -5.970034989342277 1465.6826310357737 143 153 163
-27.910461681808098 -50.04828216819294 1450.3301821573755 159 160 153
77.57111014095297 21.098726083295187 1454.2900343505432 218 215 208
-36.22004917318327 -71.71503786678818 1474.5428546196651 101 93 73
-37.43537236235638 -58.059758153944024 1452.824455243537 54 48 45
3.417247869024368 -48.00385561914398 1478.924365807122 139 143 154
72.1629582763091 4.880778939521334 1471.734035700578 179 175 172
-33.27824867173565 -50.234384911187504 1444.5997433887624 197 194 187
-53.768765145209635 -90.92901675233234 1484.9260595794321 73 68 64
-13.460015175037299 -42.46978660771002 1453.6091172749336 165 146 121
-4.6781997077931186 -32.984704400712594 1458.39555691876 143 144 146
-29.825527983543186 -47.509783566419074 1443.9320561064096 171 170 166
36.34284504198082 -6.4786319319498 1463.6297147058199 87 93 102
48.94390942790089 1.9285546943227192 1452.2783362210423 53 51 49
49.56314251887335 0.80750907570616 1455.5587984317237 182 178 175
66.92780124933626 14.245142607060847 1452.1898003978627 47 47 49
52.66956583073872 4.660701253450065 1451.9878668316221 181 178 170
-0.14726292337686628 -28.921352379727235 1446.5932465039539 83 77 55
8.702321129347276 -22.61022060897674 1446.2440937292133 119 102 75
-7.927891270062117 -37.781799308252026 1462.391403482349 136 136 138
36.677626766156486 -6.881023476013315 1466.2428066557277 156 167 169
-25.50762814232207 -48.09645026985312 1456.6178821889139 130 139 148
-24.55216887099277 -59.78696774444552 1474.8931291146368 174 181 192
-40.56415361585077 -55.367134027732455 1444.524826115946 181 181 178
52.790905945063 3.252526655380616 1454.047979096134 48 48 44
64.50544133698506 16.5507460465043 1446.4690319690974 93 98 63
7.358525367806585 -23.690382126095187 1446.3383932693653 151 130 117
-4.040781226185172 -30.686223896789592 1444.9209628892838 151 133 99
61.32680443103749 8.830319554339747 1454.9674560563708 44 40 31
80.66379388006274 18.905462410214188 1459.9643233758027 216 213 206
64.41277296241907 13.071411870266386 1451.7490937012055 35 48 17
40.88814114117611 -2.113901645342676 1462.5578445869764 171 185 188
47.031309129844324 0.21593087002397549 1452.6749985229405 39 40 42
35.40512767029469 -7.029677836051702 1461.2697663253732 130 143 149
-43.584680011808274 -60.88412967006839 1451.3993654917704 46 46 34
-48.648456544895204 -78.9195783780008 1471.8267039980105 213 208 205
-26.234563273970885 -60.464266114368925 1468.1761525194966 220 221 219
25.194034285467694 -17.44829775272811 1456.049054569177 120 116 113
-47.83319539396867 -60.45407727338137 1444.4226942379 54 49 43
-0.5665372157675668 -30.023508624614056 1458.9562922720395 144 144 144
-27.463392829327113 -47.5750267942512 1446.941281013504 93 82 54
39.91973346357378 -1.9793690714353733 1461.4547996967988 178 188 187
-29.02050105184244 -65.43836124748022 1472.7648519759148 144 144 145
-5.08187262647295 -32.66063550752103 1460.4903651954971 150 150 149
-2.916115761769894 -31.779665738399167 1458.5024444629055 142 146 147
58.60591109417475 12.671939495521668 1446.2064992351402 65 67 54
35.73434369613197 -6.792461093594685 1460.4761670992884 52 57 66
-1.4740146700512584 -29.79578797400378 1446.6072769418936 179 172 156
53.673179847121084 5.2419028655806645 1452.1510810646673 43 36 32
-1.0659341161919529 -31.052814282212843 1456.488525318859 146 146 144
37.12209166959325 -5.4130534151906575 1457.519298661783 140 149 154
66.07451110326721 15.405043160158485 1449.542226911493 70 69 72
-23.064383805244496 -45.77116158776466 1448.988030186527 73 66 38
-22.47962849295482 -46.701483004132776 1459.1013614192768 111 122 131
5.978922146789301 -23.048791679372997 1443.9962639562975 125 122 113
62.902820660408594 15.504034845675227 1446.6774212403077 149 164 96
-15.742716941550425 -43.669110705240705 1453.1334982268238 44 41 34
-27.509525717806692 -48.57922460984814 1448.401050696767 72 57 24
67.96113273777996 2.653471930260307 1475.4571303450132 144 145 145
1.5851533544944594 -28.653979161732796 1448.103086357696 92 89 72
-27.699408740886795 -46.22977392870788 1443.9701101619623 195 192 189
-6.186937212810983 -36.42790636675302 1452.2551287175947 104 89 66
-3.864464721045886 -30.953309258667424 1462.1578208260414 124 132 134
-21.539636317544833 -44.27587452422966 1447.928676761224 116 108 69
87.4770722620446 9.930265132490694 1481.2239781256324 38 44 9
58.048897126528196 -8.736469470813937 1476.7262171151222 41 35 35
14.10056344877781 -17.79688764907313 1444.4273977745988 216 215 211
63.11177734462282 7.385634083358856 1458.7898421922314 74 71 61
-22.505202405749422 -45.413112871096104 1448.9632082760202 166 152 126
-44.07624262356314 -58.88538147389235 1446.801807435126 78 71 50
60.166736986627626 8.257198754146042 1454.6057363525351 46 42 40
49.60593670641605 3.7254962736548514 1450.1062689935252 113 101 73
16.783920197535856 -19.02716950961711 1460.1329168356615 47 52 56
-8.090738912353702 -34.70820274129082 1460.281530647733 165 165 165
-43.719553808208474 -60.12989998190942 1449.6740542517323 94 84 55
59.39170192463056 14.24571231066201 1444.4834871262517 188 188 188
-10.7011613657139 -57.90427371305251 1479.702963040751 96 86 81
-2.227993692583725 -28.68721242954344 1443.7849976860734 147 132 117
-43.97185066040125 -78.60898508892839 1476.228165290804 31 26 26
-6.914659070163999 -50.6922509157466 1472.3556405652923 39 36 32
14.913776899101983 -20.038313966120892 1449.018809051927 82 82 41
6.707034585010818 -24.44089550027285 1446.9063186518363 109 96 87
-2.701178906737159 -31.122189523549743 1460.208369657598 155 155 155
66.52484752375454 8.253317888701295 1461.1966511271858 65 64 61
35.135952422257844 -8.373215750525766 1469.0723324096775 62 23 14
-46.75973960190358 -59.22629247840627 1444.0073782203315 73 74 75
-22.765064070495836 -49.04734783182915 1462.1751839330423 14 18 20
15.902837323337819 -19.44992188510572 1462.190931835596 60 61 65
36.562845917206054 -5.655466428338926 1456.5392122863864 154 166 168
59.06319590342327 14.065097911223553 1444.0496870046152 93 93 88
67.23094457625396 9.589359077581825 1459.7320065631552 58 71 34
41.161414512957606 -1.5099460316927433 1450.6265339209706 112 117 124
22.1951146334212 -30.39613679139735 1471.9984684812375 144 138 131
-21.498853511998234 -63.1284175833385 1480.602138768193 124 103 98
-27.379394335570797 -64.10495580091501 1472.0062996756342 55 49 46
35.30109755450335 -6.5973313059059056 1455.9080858708264 15 15 13
-14.169960221744601 -57.27213933194676 1476.2711703748146 44 40 41
33.90094848036846 -17.124031298813776 1464.6227909195215 133 134 133
68.21328415657145 11.868282697400286 1456.8806259378648 142 136 128
-11.80688054853376 -39.858771329070464 1451.4505562328088 157 145 127
37.9825148281673 -5.322573623313653 1463.4052045461085 159 170 171
41.78357636817043 -1.9610341447904374 1462.7081756775415 170 181 187
-2.199924716482364 -32.840868023280684 1450.8542158125797 82 80 56
90.08651100290584 17.081290651927997 1475.6979238165302 45 10 13
34.89642814843683 -6.441820409887509 1449.7048552474753 102 81 48
55.29493986888868 5.295537175940971 1454.3699342953278 160 149 136
-34.71791237618641 -70.51796437363706 1474.287317350584 139 124 103
70.15660728811316 4.888462618275668 1471.024626300331 64 58 58
-16.70251565349887 -38.71492446411603 1443.8211726172144 108 106 107
-8.379893041437088 -37.184153207917724 1451.0995658723093 129 114 64
-40.26394169515094 -58.0434468715112 1449.6043887353906 111 105 84
22.491710509477244 -11.985242162088111 1444.2269517346213 40 19 11
-19.917455597884278 -42.61934866833167 1446.9163629721818 187 173 140
-20.048295005760792 -40.90234389347077 1443.8560755118174 56 56 56
48.78531958030528 6.630881159640435 1444.0538301692914 180 179 172
-28.704353767838473 -60.386085225703695 1466.5751972557423 61 50 48
-29.0435306222451 -47.02774987745088 1443.9280149360761 114 118 81
38.02656857130364 -5.1914313361911315 1460.3600066128731 128 137 140
36.95141700717223 -5.925361476150963 1459.9521969858208 137 147 154
12.15862714124448 -21.88954219093292 1449.0899666025289 122 109 75
66.70878586149306 8.855867631395126 1461.415960016372 211 203 192
-39.23776487980279 -62.48657508389821 1463.853100482551 90 90 90
22.26981738684957 -17.964359256694756 1453.8295868870912 164 158 151
6.9189979806917545 -42.3327716466109 1473.5413185740301 155 142 126
-19.453168874723026 -43.439655349843655 1448.9888033357186 153 139 111
-32.96549506715943 -62.93655811887289 1469.6850050607327 179 180 180
-48.762956766369946 -79.69936094565428 1472.3494596940868 201 195 193
-10.773426325416954 -50.621550760772124 1468.5381751062507 205 188 151
14.333467893713857 -17.592790891473282 1443.9995878672676 170 166 157
7.801903428343087 -21.63107349508615 1443.8227909488642 192 187 183
45.406354850683606 1.174926494317982 1449.410490719382 190 193 188
53.688953128666526 10.110044300168118 1444.1802219093267 50 45 41
28.9892733956285 -11.322988364297483 1460.0133301175847 136 148 155
14.184910005102996 -20.53068235225979 1449.0729725056824 203 186 158
-15.375407566480183 -40.107019611075415 1447.890912815224 178 160 140
-47.80629023177257 -65.15730048717354 1460.0998807916294 222 223 227
-10.950325861323963 -40.40997328568803 1460.223754938763 158 158 160
52.72056406949254 9.323454491987478 1444.1545720834959 66 66 64
-0.8436952109777287 -28.156968293232232 1444.435240445294 221 206 187
-46.33652532372554 -66.06815637014476 1463.4075209920115 13 13 13
-5.997659142619275 -33.32603515120328 1447.1233739271754 232 209 178
-15.396709824021348 -59.92153460185779 1477.9616264937279 64 55 56
39.3538896465329 -4.777857585179508 1464.9199738601455 88 93 104
-39.78305801507954 -58.841069642946266 1451.4905228491677 32 30 14
-55.50667985159967 -82.09741167188803 1469.8214005145114 63 61 44
-7.935762559664816 -38.45319626944428 1453.6167362378926 78 72 44
38.13010599076519 -5.432706776785343 1464.2710949481923 152 163 167
50.99173838349143 8.398973570518624 1443.8577117761192 237 234 223
77.93231532067246 23.595336236351585 1450.9017889564218 162 151 121
77.68272363324999 19.712448322770662 1455.5555776753051 150 149 145
34.822305646092346 -7.8961935811639545 1470.2792109753725 31 29 26
48.8908245176249 1.9662093526355087 1451.9952685208932 156 153 146
-33.92624424495688 -54.655290823310814 1450.9780549299944 73 60 53
-19.14758831858499 -43.4150434117409 1449.268387854801 188 172 139
-5.0472610765356185 -33.26126847555913 1458.2752729300098 141 141 141
-22.36551307332922 -45.49541138840689 1449.145944650618 175 160 127
43.916024270692674 -1.3096545681391023 1451.4385195660152 212 209 202
-48.42764748121305 -61.65767507623286 1455.1056555481018 115 111 108
-48.666783907735365 -78.7158072858001 1471.5478194643704 105 101 100
-28.27720649080999 -63.31259763825199 1469.9228628047833 67 53 51
-28.890832585234808 -47.33451922157019 1444.7906736237178 150 149 145
31.879087441221746 -9.19399981502168 1458.7213080601045 146 159 165
-15.332699517693452 -46.64272719276095 1464.0443506735105 89 94 100
37.354797736265034 -5.196330470190271 1457.1054955723307 157 169 172
53.13245374959164 4.091908185467353 1454.529177380557 72 66 62
13.858812400059934 -17.993743000929665 1444.489040311877 102 122 53
-3.093824098560817 -32.001157583497495 1458.1404578888857 160 160 162
-8.415562420996835 -35.518361476134636 1448.3238890835412 104 87 59
56.50403345529672 12.133729456301975 1444.1692469331088 69 70 70
-45.505566658115825 -84.48289309689883 1483.7451511894062 22 23 26
-8.666212392593637 -36.31375513552372 1449.2450429252049 90 77 42
-49.69068091202474 -80.44253394575601 1472.7956073049645 195 190 181
-46.24218686910159 -67.14204366004549 1454.1316454898713 16 16 16
-39.601358070305515 -76.32229014245222 1477.689921875248 187 182 183
57.86465456845605 -10.359851684723438 1479.0409717346324 49 48 48
-22.779203533701946 -56.28597010202937 1465.405888366695 208 203 198
65.06398049950332 12.189976675920686 1453.6776471800229 129 122 103
40.689150290711005 -4.326855341084018 1466.831385867455 61 71 81
-42.63702836823614 -56.86888424763291 1444.731130501938 204 205 200
37.211718912345496 -5.426633371963137 1457.8039771156211 122 129 137
-43.25813026936585 -60.519972141517776 1450.686612409177 186 169 151
50.95543346080353 3.864857962476663 1452.6932892400887 41 44 49
-27.346217534633325 -47.772739105377546 1447.176290376766 77 70 36
-46.59406080830095 -59.2579427884851 1444.1191841751768 193 193 189
-2.0556376731012604 -33.89513773663651 1452.6931235715588 83 76 63
-22.455705355964383 -59.766792441473626 1471.0539325791221 39 35 35
-40.10760220539346 -55.602430818213726 1445.4895321333356 173 173 171
38.064162142211416 -5.202992089927361 1461.5197229891814 117 128 132
-41.45143672207729 -58.03133591282386 1448.141807087173 204 203 198
53.24886591236118 2.1442810396833103 1463.7618656686889 245 246 248
-38.28719255118166 -54.912881809423624 1446.3588403935032 71 69 57
62.723993153602414 15.647677099386604 1446.253437555854 191 193 185
-46.377291350756856 -86.09194717110181 1484.6944892276479 191 181 173
73.77630866733868 4.427351772572791 1473.5943083324596 181 174 173
32.56162170272577 -8.6737632628826 1458.4122434761578 133 144 146
1.447785058400585 -28.223578873707122 1447.1914602589309 43 43 26
23.381955034387143 -20.92380258064934 1460.440637401445 217 212 206
-42.12525509701206 -57.622129058834865 1446.7196205031453 85 67 42
-33.99155554508361 -52.662412050543495 1447.584143310948 146 143 138
60.482872760621326 8.17736376179628 1455.0883975144573 126 123 114
-32.93944127865504 -51.29321787927894 1446.563080862707 183 184 179
66.99783703492427 -1.91874757711167 1476.122354435877 79 70 68
-48.17702204336239 -67.25570418917812 1462.4117694059055 75 67 67
-7.873017291067273 -49.14564254588474 1472.8627385580112 52 40 36
59.09460015908318 12.039394600957998 1447.68963976054 154 154 147
-7.661708487189203 -35.431098293137715 1456.8395304081582 184 186 188
-6.626334424194053 -53.3100426663189 1477.3078005784273 139 135 136
77.38392029347429 19.664781027156895 1455.3077137241883 96 97 96
40.19750477150283 -4.459619029521082 1465.9368775529406 153 167 170
-26.579693869806196 -59.97935404627145 1467.1314130076028 225 226 228
2.180023274586806 -26.033986735623127 1444.026217884097 192 189 178
40.55289254913386 -4.430105629308359 1466.8321125820678 44 53 64
-9.77583027464428 -56.423415702933774 1478.2525380744767 74 63 61
84.66703973781532 18.43099062566239 1465.8820110032132 158 146 101
-16.869375283808186 -44.21214386573803 1452.8254030434548 55 49 45
-41.10940134263548 -60.321705680954786 1458.6300236931836 168 168 166
-19.794818975482993 -41.50471837483227 1445.1161942810425 121 116 109
-1.9234163914757032 -30.413305944472828 1447.071857098898 115 107 77
51.12545021186855 -9.605883994224545 1471.0016216176784 36 35 33
-11.054549352217043 -57.28499315836638 1478.292318193776 198 196 197
36.16125160661136 -6.486674122355396 1461.2627180013417 124 135 139
-18.739652534764623 -43.25642231653889 1449.4350955093157 148 132 105
-6.188803329628135 -50.90544808872363 1476.2689740585852 25 12 12
-39.900768946912756 -57.08179595730004 1448.2949360174389 64 65 48
-32.41219344890946 -50.258724346349965 1445.2090356468796 90 87 86
-12.23515310382675 -36.29266197387369 1445.380480154098 204 200 194
-48.15673928487314 -79.68352043014562 1473.538847428789 212 199 193
-26.774866672788168 -46.97063801230823 1446.251330084769 74 68 48
44.7967880813527 -2.3452444244620727 1453.9860084480044 156 150 147
58.97763445516869 11.647984723476092 1448.5400893704805 75 70 67
-41.20380795315407 -59.70789968614209 1451.781963150549 79 60 47
-37.444770694678986 -56.15679461942649 1450.052769690427 167 168 163
-0.48525645904419223 -29.996233421923446 1448.1556193501062 136 120 87
63.87635618706627 14.286814658631158 1449.410627409976 48 54 25
-6.147990806725841 -33.14811594663706 1461.75984153299 225 222 219
26.111137418142665 -13.098329459447205 1458.9164905551804 146 157 163
-4.511218000300985 -35.15492750089678 1463.8070131870445 148 142 136
-35.52031310595537 -58.07212061192342 1460.3839757294186 78 76 72
-44.26402123058309 -65.60119904455397 1465.6799117831044 183 156 160
42.03373358304959 -2.4957463303067344 1463.8990687841533 112 120 123
-47.264765229803515 -59.596467603440544 1443.861148151996 47 51 55
-6.261870146919751 -34.16359108994849 1448.408065073766 131 119 89
83.58303899936145 15.50565601468739 1468.3209217311637 93 93 57
51.66412785088599 8.851822207610088 1443.9299160952078 217 213 204
4.875575375127205 -33.90568457648935 1460.2807105163838 39 36 27
39.11909270871351 -5.46130220524351 1466.9582494435442 152 163 169
38.935640263840746 -2.52240027309582 1460.554785675575 175 185 186
30.517956477828402 -10.952606454708858 1460.2194136842259 179 190 195
-20.064354738380374 -41.3249911597688 1444.299277416976 211 194 176
47.93100999412525 1.0786400376458285 1452.3682124079949 47 43 44
60.94274702277309 15.282701831358299 1444.507125047115 186 180 171
23.891079319919143 -29.086895486865945 1471.730897095051 52 53 39
33.32563481989763 -5.405630764540948 1446.230799908053 99 90 53
-28.856935836074342 -56.982649503377644 1463.0267170966724 158 158 156
-35.93102298619043 -52.22985739991071 1444.6565034396629 168 167 162
-26.155580616698593 -60.79013566702612 1468.6990320101604 39 36 37
3.141988026784965 -30.71617878164891 1453.2068674986663 90 97 40
63.5903276944195 8.358543757998195 1458.006210659951 162 145 117
1.8738214672035107 -26.21673431472116 1444.0019299254684 205 193 181
56.710946419153345 7.5380965240752476 1451.8175392337378 42 43 29
34.57042397587061 -7.594931526432117 1462.5855449832102 122 135 143
6.641093778001886 -24.59481574826023 1447.0871060114432 140 118 110
42.45111475891665 -2.461495913438388 1464.112454712785 91 99 109
53.16089382300898 -11.986699464727264 1476.695662533587 133 129 126
1.3608622728731419 -32.504898860776365 1453.99287382598 29 39 31
-25.840700073057178 -48.05959630058596 1455.8806187693208 57 61 70
32.664344980659145 -8.382152271819926 1457.010195752937 144 155 159
63.0279329856162 -7.473699641672079 1480.2561202448737 179 173 177
19.24922768948443 -15.313375925613093 1446.1800264921517 127 107 80
0.34777752436686726 -27.435642462321983 1444.168858094139 64 55 54
12.705780191792973 -33.10965488677672 1466.5977370541416 155 152 147
42.505288914528094 -1.6197916722007988 1457.048630625483 60 64 69
9.442166161398433 -24.920829759071268 1450.964831648337 225 222 215
18.621614617250916 -15.748822467033218 1446.2224210837526 141 118 101
-33.43817551259478 -53.96183446013132 1450.2987333212639 72 61 54
16.045604806948482 -17.375326525259727 1445.9088254852754 208 201 195
-46.243698279440046 -63.71306869515224 1455.3934154985711 162 166 169
-8.153216751370554 -35.01219712708074 1459.4129978717438 128 128 130
-33.474690921142646 -52.21480443836797 1447.599802437862 90 82 72
48.333390878094214 5.299712849827893 1446.2520324302716 86 90 55
2.541537392710127 -27.53268181936436 1447.3930281779105 125 114 98
21.802968850507572 -28.883000259057287 1469.3346930129112 52 60 46
53.22096272107605 -11.957714753786908 1476.2795628833628 97 96 96
37.139767495597916 -5.80838761694761 1460.0899033692242 137 149 153
-24.0872193945409 -48.30900920622897 1451.9876239809244 53 54 43
9.519531185875792 -24.492143726056423 1457.456276475376 149 153 157
-20.703747023158538 -47.23019397695344 1453.8638058483718 150 155 157
69.1975525445941 -0.27172871182343755 1476.2453310772737 18 16 18
-41.32781843681067 -55.998910658926405 1444.6820995816454 192 192 190
-21.798519784216094 -47.10487040461413 1452.4686625834865 96 87 68
44.72188323107196 -2.102550088874184 1455.7920113583673 190 239 224
-22.14367887060574 -61.787756151006015 1476.9687783535649 159 174 169
-41.262258211696505 -58.51470376457152 1449.2495714279257 84 69 61
-9.066415568330054 -38.767864642948425 1461.5670688033822 150 150 150
54.66391315669409 4.972977568860624 1454.3911047821823 166 156 146
-2.5543208220734743 -32.466488646979315 1449.8224834466396 175 167 158
28.834502732024287 -17.487846883350436 1460.0546994344838 225 225 227
-7.0508841889610085 -34.5491475548467 1458.4129131762802 126 126 126
1.816698587514868 -28.077393252962057 1447.3663470629326 58 50 38
-11.091059432786144 -57.51486645411645 1478.8102266404344 182 178 175
-48.91757083919673 -57.53490749072794 1454.0783053521423 47 49 37
-10.950325861323963 -40.40997328568803 1460.223754938763 158 158 160
-7.64549849203156 -50.821724464193416 1471.9378970384278 211 210 206
-23.57682215610617 -47.52481125318873 1459.5297621377608 92 101 106
40.30538493414775 -1.7705120828305059 1461.6529246901005 41 45 54
36.95557776015566 -5.372543776224846 1456.3232566283014 97 105 111
-17.45603958099072 -58.019672071455545 1472.9871086699306 150 138 113
-17.70918045164569 -42.072202669784254 1448.634965493438 108 93 52
-41.08148631350298 -55.34030123857615 1444.1214763152911 178 178 174
55.83061632947539 -12.036153098121781 1479.8288375986172 82 73 71
-6.926716322229477 -34.957360530545124 1449.0629672002685 111 97 72
14.20544812386008 -31.702740948177585 1466.011909697735 119 103 95
-44.77129094069289 -59.40603443265036 1447.0871744881235 100 99 79
28.282338206819105 -11.786773440231435 1459.6237136673442 148 154 158
-16.515127839916584 -42.398373065678086 1450.472201086339 187 170 127
-8.555299492419355 -40.57232720563812 1463.6812065048703 87 86 84
-15.356231341531068 -59.65920146964389 1477.701451108786 159 158 156
-25.820974387903398 -46.343674013412674 1446.21783419464 83 80 68
-38.950205986316476 -59.0871591700935 1452.909672222847 42 36 33
34.372535764368095 -7.677518531814972 1460.1356031113378 131 144 150
69.34275774198454 -1.5186571827101056 1478.1337324330107 108 95 94
77.45917417316032 23.493243644000174 1450.3089250691742 212 208 202
-41.013079009470616 -58.623883631552225 1449.692414766773 189 191 192
-30.567141361031343 -69.64467716625965 1477.0493545979418 89 87 88
-44.36814749256681 -59.359958021808275 1447.2495784966036 49 47 26
-7.927337739774391 -35.71905945169641 1449.2217687397383 94 87 45
-8.629307072999215 -48.14487326415637 1467.4888860574654 169 169 168
-22.008094612836636 -61.49624115660336 1476.3452948252434 18 29 24
60.35055788710277 8.292092253298305 1454.7177146795266 212 208 207
-19.615840272022396 -61.69427408400319 1476.2411385657122 195 191 189
-23.53504950749213 -46.61369605827516 1449.753183819836 100 92 55
68.82607026450845 4.463175056747068 1468.9638843215978 167 155 146
6.445694409834113 -43.15146877844876 1474.696290644892 171 151 136
13.678788629331782 -20.989492410629342 1462.3793897648357 177 177 177
-7.007534770676582 -34.147283988395124 1459.7770533263576 140 140 142
12.520824086424154 -18.91022818926021 1444.411873710643 222 223 218
-39.70697788404391 -57.74799746244819 1449.6480866300858 96 87 70
-48.90090563097484 -61.92205769782735 1446.2663507095465 154 156 155
-15.576807444811124 -43.59793529889963 1453.2794299649877 50 46 40
3.1276542964616816 -30.716941687144594 1453.218799065952 84 89 34
-9.197746364306452 -47.17438575298907 1467.5711332488804 39 18 14
80.9362735570042 19.193031827275565 1459.9768012448953 168 160 147
68.67063763827163 1.138220523537342 1475.6651009355292 123 122 124
63.74287581120292 8.972105501794271 1457.096047178178 237 217 190
-47.55732412485376 -64.75387513364164 1460.0091158292166 14 13 18
-2.5887539499226855 -32.74731665731771 1450.0971812587993 81 79 63
-10.184757141046353 -34.19597756274361 1443.8173851657182 83 70 61
-23.056173091319824 -43.746480059923904 1444.5835641001813 204 204 204
57.60245580897938 8.056469472878412 1452.0135797558771 167 167 163
39.992551111153126 -2.12512003122734 1461.7309469981149 161 170 178
-25.82071592534813 -48.37224563089887 1456.7637384789673 139 149 158
-28.089503719831217 -47.87507452710156 1446.2882654364982 113 105 85
38.17844766521863 -5.084350688312588 1460.3537149727085 110 120 122
52.70538284382958 4.6542028423257635 1452.2202616993507 59 55 54
45.16640174874463 -1.9068978470794102 1453.8698372818396 52 49 32
37.11789057757929 -6.296678685326628 1464.9934583010404 94 98 110
10.75416519409022 -23.3743679006541 1449.878561125623 149 145 112
35.59249796134057 -6.876567544344296 1462.8525707962197 129 142 148
-30.966010997742245 -69.77718531302655 1476.762827902567 132 130 132
13.874193901245446 -18.180530605817495 1444.783048357643 215 216 210
-52.522556660856736 -74.22292537056119 1474.3550281986404 187 186 182
67.4157853908814 4.058977916264002 1468.659117882529 154 146 138
-11.248710592968054 -36.940746253994604 1448.4048285747833 54 64 69
-6.058926445699573 -33.35073946666837 1460.3736245677223 142 142 142
93.03062124683333 17.290001528189656 1479.2332901236364 23 24 23
-52.393185782716365 -55.16373840085406 1450.5324657586227 116 115 107
-14.977890662267585 -61.310210972385676 1480.022589504953 147 145 147
37.5590292863587 -2.38425288981409 1446.1950025868898 213 201 191
64.85819146948758 11.915342567904736 1453.942212066967 70 65 40
-1.4370378735196916 -30.075901833438945 1460.811617302387 138 138 138
77.21682149210909 20.014245125792186 1454.655047253912 193 193 190
-43.444672999074264 -64.32992125743282 1463.4677379208401 107 103 100
59.71347044509111 13.433856682572179 1446.1879037188723 58 70 48
-6.528598354584024 -34.09612479458767 1458.9018962686355 130 130 128
51.46200874414118 6.01382683083076 1448.7985363269606 172 159 126
38.34666097725817 -3.7121375835540342 1449.193102814641 99 72 42
42.86983042240779 -2.3313751515759087 1464.6144713593533 136 143 149
50.985316230100324 8.182498209015513 1444.1319958599909 51 52 51
-40.158641714267816 -80.66341079133062 1483.6605134068445 123 113 114
-37.951775305609374 -64.40802138518991 1468.0062450061082 102 100 101
38.22907094492401 -5.5154705283912895 1464.8459295928456 152 162 166
-9.093357921405724 -55.15349133285006 1477.116305368514 49 47 43
15.863191484041481 -20.072117969501882 1450.1301319217657 92 78 66
-33.379909165262276 -50.171495001242135 1444.3116796865638 192 189 182
36.54196706376146 -6.112865264863341 1459.285314579339 67 73 80
61.33319942194246 8.276650052170584 1455.0716319869284 53 51 30
-25.957394533165314 -60.83555691002857 1469.0140620046584 181 182 184
-19.63815914825341 -61.63248120811296 1476.2146159230008 195 191 189
84.34743175111282 9.685469805949408 1477.6039896817229 100 97 93
-26.848214529572026 -48.4204388202369 1448.9235713719206 154 133 106
32.957426515456056 -8.258022578872405 1457.4459264983127 141 156 159
-20.90296315466278 -45.45602455923391 1458.231337728534 116 126 135
-34.609934932463624 -70.64584389730594 1474.567993225417 90 77 60
-19.35726924702423 -43.86202789031262 1449.8277839209225 111 97 69
55.456674880570255 3.300159721613113 1463.8568250449398 36 39 43
2.78517275338872 -25.18800107736677 1443.7399680160113 96 79 68
-46.005535364997144 -59.39712444456776 1445.2114193945697 165 162 155
78.209307364966 22.453266154025435 1452.7258927786934 203 198 189
10.782862905046255 -23.01985030414004 1449.2603516947324 162 155 124
-27.587996334538857 -64.0038546529577 1471.6662073909874 185 186 189
-44.01266657376927 -60.143875754152646 1449.0093553116387 97 95 63
32.90843931645028 -8.548680569859545 1459.1377047341125 148 159 161
-40.903727080427636 -78.86861672516012 1479.8079001994886 70 64 64
-0.9983261669378567 -29.630335937682954 1461.1776122178976 140 142 141
63.09785714796455 5.5705114001643325 1461.7640282369239 129 130 132
-18.14406382598605 -42.8646045462436 1449.4144530389117 107 92 71
-36.6796388517105 -74.20003601333529 1477.4945180848092 90 69 49
-26.87616924747085 -51.18096437241943 1453.5400478520667 91 91 88
-32.35171625573773 -55.25698515924668 1459.306253900451 219 220 219
17.2864478375262 -34.5419555644619 1473.2096314232715 166 149 132
84.60115636424295 8.863986577436895 1479.0050855892919 97 98 100
37.52612875812312 -5.56375430336762 1461.6559272384188 123 134 140
79.92637057820184 13.50480684725083 1469.7227645614457 163 172 178
2.446582470208755 -27.493553797825797 1447.1697924851364 129 128 116
22.037656658567922 -17.993649992791653 1453.575707640389 219 209 197
22.741294895056477 -14.363411677337217 1448.714101426355 95 87 76
26.010184810372063 -12.957075448252233 1457.7490500526012 147 156 159
-39.389017872973504 -57.978780697547975 1450.525026646026 84 60 49
-19.244113480014036 -47.262993505822934 1462.6066461614512 28 29 33
-40.852532754518066 -60.09010194771915 1458.2646474645378 67 66 64
-27.061086783786305 -47.04350740445884 1446.322256798572 80 64 53
-43.30437625750054 -59.702019785745904 1449.2248608762563 194 173 149
-19.255900668660594 -40.52810100548136 1444.1745271623345 100 90 89
-48.4149111830384 -79.69461336151863 1473.5944181832822 37 37 36
10.540967637275044 -20.342924964240314 1444.5090305021467 80 78 32
-40.10760220539346 -55.602430818213726 1445.4895321333356 173 173 171
61.55791705023405 0.14240456065342524 1468.987070380154 40 43 24
13.655242644098536 -24.432132604294942 1455.1090440437908 149 150 147
-10.753182868928452 -57.36582162690302 1479.1927361338146 148 137 136
-20.214502187994952 -44.14480679286054 1449.2838549924852 81 65 44
9.432609273814295 -25.829868587699682 1461.263412833042 30 31 34
-46.72313631121798 -63.983060520956606 1460.1891510057692 28 26 27
12.876654238549566 -32.85653520695701 1466.5009256658518 179 174 170
30.28102158687115 -9.778067116954276 1456.7379088934038 178 187 188
-35.27565423374222 -52.83053717645404 1446.7308910186173 125 123 107
64.75847856676977 12.97704203491627 1452.3270957135855 62 65 46
-15.68445379071265 -42.15385386026082 1450.9336090578454 80 69 34
-43.07891757251578 -59.64083444317562 1449.5231311214636 141 122 107
-9.739514248059114 -55.889761715011396 1477.239216609867 88 78 76
-7.554782800967007 -50.4717051167215 1471.5965942480948 108 102 102
61.523161366588575 15.740362420470714 1444.5136076758242 211 204 191
-15.879408741244637 -59.41994129043179 1476.5953182632247 173 172 170
18.93714549828509 -15.839959802797422 1446.786016817155 161 161 161
15.307875463462878 -31.84229470269419 1467.354870104955 51 53 42
-11.60713513304281 -59.09789466088958 1480.6085024135823 124 116 109
68.86809226756549 11.519881882196827 1458.1573006945976 75 75 76
-46.65254354345408 -59.66847065840957 1444.864045353301 69 69 60
-46.468234906010515 -81.6306626029408 1478.8213871707849 115 95 80
18.585033782876746 -15.540099033295302 1460.1924327666159 209 202 195
-41.01974296376368 -56.79603624166779 1446.3799444318274 76 69 58
-10.529910064443309 -39.5478641850439 1462.2736573003288 172 173 174
84.2253319717506 9.95983798743243 1477.1731446384101 181 179 180
-12.280510890229309 -55.93346146755181 1474.9790757585608 207 207 202
-2.8019890218948404 -29.590136374129607 1444.1710543512622 72 62 57
-11.781213544786397 -55.96668905504912 1475.544200889492 125 117 115
-11.394258160889148 -43.965559121875195 1458.1062930773917 108 110 60
-37.94103428949749 -74.50406433692267 1476.6930853909403 81 70 50
50.02611386058836 -10.630529368305309 1474.7254647825662 53 53 48
59.612839938756494 14.386129665356645 1444.4731001971518 173 174 175
49.94403053504107 1.9327008065593982 1454.5794012576675 40 36 34
36.69062196475952 -7.056219581565531 1466.9694683139564 147 158 163
26.237478388613944 -13.155999420929318 1459.9965735366357 36 38 43
67.77955900625761 4.080246626871024 1472.8440602984058 150 148 149
-38.99827448096464 -53.92113171154541 1444.1879134482404 106 102 99
13.9561122013613 -32.0208101784134 1466.2796811925057 207 204 197
18.073614794227428 -17.98429118277452 1462.1933750150001 49 50 55
-26.99762925762396 -47.78793459310584 1447.5963430228126 59 52 23
57.14541531891181 11.188383389413175 1446.824110552703 27 35 8
83.50102264955281 12.290217849330258 1473.0422405865468 221 218 211
52.99272404299602 8.693637775322445 1446.1060522199996 218 218 207
6.353032042990087 -24.7368391442788 1446.9864603207297 202 199 194
65.30489351071834 12.481101314644214 1453.4990207917142 197 194 183
45.16890729158318 3.0655229880272703 1446.1970740333527 84 83 66
-17.70918045164569 -42.072202669784254 1448.634965493438 108 93 52
-6.418672567662043 -50.97754615415292 1477.2010615023103 210 206 205
49.37500824596421 7.391776004130218 1443.810873150593 216 208 195
55.259410272664624 3.273804276676949 1463.690154354371 126 131 140
36.451902889725986 -6.149074293300009 1459.2379157135615 121 130 137
-7.12278865180983 -37.4270186397943 1452.7112424974832 195 174 142
46.00195082040922 -1.7531699358105626 1455.4263528462914 19 21 20
39.26925288467363 -3.975917826817529 1462.6880563782954 166 173 179
-3.208856596486217 -29.76973981061701 1444.472027721595 207 199 187
86.11124081657162 16.311457831237597 1470.6621912834153 92 93 46
80.41571394572837 12.457264812655117 1469.7291556134844 105 105 106
65.2618752716385 10.13000366343597 1456.8689947789815 52 55 26
52.8688454499773 3.8160249993453883 1454.4116621783594 160 157 149
-46.633925492328565 -59.48591157948116 1444.4217962878404 63 57 53
25.764461637925667 -29.04602868613907 1473.5740490850285 55 59 35
21.36941395768838 -15.017614460135963 1448.2478441868764 112 97 78
39.738026663971304 -4.67401682395189 1465.5164662053846 154 168 173
1.7909750410092522 -27.716754655660477 1446.7519411278563 57 65 25
25.466514446629397 -16.326129218658284 1454.3521553241917 200 187 176
2.93069903198895 -31.50397992526709 1454.0352375411287 226 203 162
-9.2458059030059 -56.78697766924034 1479.302930033951 154 146 140
38.26238199817261 -4.560524796614345 1457.0903892021222 138 147 152
52.732726617788046 3.867457208513514 1454.6142969281898 156 155 152
37.45280837838529 -5.612742768938699 1460.9505105195515 110 119 126
-17.912514632089817 -43.09929988245869 1450.069127623343 206 192 160
-50.080861628222216 -56.97167363535434 1453.4816919343662 30 32 24
37.71622883749758 -5.6510828726777715 1463.8712563958923 150 162 162
-40.010579352402736 -56.33605150551246 1446.7103281875989 189 188 184
3.256307559635619 -30.976588908974325 1453.734058732293 68 77 24
61.711995789631835 15.743035294403557 1444.2848177717663 23 18 15
-41.6460507066619 -61.88547294085825 1455.0216467339371 27 14 18
38.3888798456399 -4.553984236781317 1462.0201074489096 250 255 255
-12.09591126475051 -57.8606063526703 1478.3733512520198 48 35 34
30.562728285424242 -9.89479383501511 1457.4492752283445 132 141 145
-44.14774385437818 -59.16306429375867 1447.0262075830283 171 162 141
-2.907877683253841 -31.669091304065955 1458.8664828001436 149 150 150
67.02848564545995 13.90286189889793 1452.7878920738026 201 192 184
31.58145731390053 -9.556688903864933 1459.9142521023268 34 38 46
69.51535249025902 -1.958287525826585 1479.3666423473005 114 96 96
-12.075536816344304 -55.90461413860988 1475.1082085037917 59 56 47
2.1988732690869197 -30.837177726488214 1452.3648931545579 188 171 132
53.864868523326365 -11.94356746320645 1477.4423725097524 84 82 83
56.25913697817542 7.075226887998036 1452.2589323270458 30 26 24
13.439509070501606 -21.115510188057478 1462.3633236008911 181 183 183
51.62733677344267 8.621889297118187 1444.1273965003757 52 48 45
-41.12511276409887 -55.35241482439337 1444.092337675359 172 172 166
-9.48334896350391 -47.83474831319647 1465.8271676481208 78 72 60
-14.234746844717204 -57.24594513182335 1475.0228046188452 204 204 202
-44.90448418704652 -59.59589232836241 1446.6833587815436 110 105 87
78.19190672223131 18.456496532200177 1458.1390965293108 75 76 78
37.470521408470326 -6.1214282300674405 1465.2552936403185 149 160 164
-25.97588762959325 -47.59460524948961 1448.607911402733 119 105 62
29.706979257336293 -10.797869231697351 1459.5943645613856 147 162 165
36.86156647008069 -6.009799677110066 1460.2251702080864 113 124 130
12.587002615035734 -19.899305797780933 1446.2832157827338 100 90 56
-9.436596984012168 -36.0104100184782 1447.9740624575227 197 177 141
-27.000985080847155 -50.471819161590666 1451.9502546310794 73 67 43
60.44222500968154 -0.22611765818234233 1470.4059679412321 39 40 26
-16.266731810022772 -59.28290667609116 1476.1545865851738 206 202 201
-11.742424720494052 -41.376204091783585 1454.0184744793814 174 152 110
64.83586587022758 11.996065938829165 1453.8134725218233 110 98 78
-35.72186866355865 -71.33275974201503 1474.4703025606198 150 136 119
15.204120050491852 -20.39098408843851 1463.174855529419 58 62 63
64.96289733906812 7.213331036470117 1461.1556923106732 53 48 45
-3.8689132914510207 -30.55912340477604 1445.0328235903603 122 107 69
14.012237407473654 -24.259519375956824 1455.032774427664 114 115 111
23.133037934840782 -20.83771146191751 1459.7559483705102 209 208 203
43.85892141378045 1.8036766046565698 1446.7897201238607 145 136 108
-23.00653399131632 -44.935969818677634 1446.948635449908 187 174 154
22.69694589327172 -13.842384028901709 1447.7071882762941 118 103 82
15.922181582184905 -17.684462814723645 1446.5965693078404 95 98 65
52.924183832909705 1.9999217881489824 1463.267222475005 52 47 48
54.654309066203595 2.858286966433124 1463.7488691963847 120 121 131
39.83554113841635 -3.294584095904744 1462.8996663705464 115 124 132
-5.624036671236951 -51.69587893524347 1478.2007102619286 33 23 16
-36.44788374014526 -72.76749297844954 1476.3170734630214 27 22 22
11.068341261185376 -23.1860205621455 1449.8771506540322 193 171 149
-46.458223291796344 -59.27948925521048 1444.1302892815434 182 182 180
20.97433537457563 -12.923997994791346 1443.924692377919 213 211 199
-7.527568080825221 -41.34213631140862 1465.1838233207138 136 135 131
20.35250219811633 -18.349760241916968 1452.3346029157904 66 63 42
34.55269509989347 -7.545288881633474 1462.5758827751483 131 145 148
-17.92868834955569 -41.013286499379845 1446.478828673348 189 171 144
35.10330513798058 -7.210161016928847 1462.5839989650794 128 141 147
15.11304608578849 -33.69557854787744 1470.0576105050143 242 252 252
26.178907666940276 -9.36172475473209 1444.4125195971646 188 189 191
-41.406170494218166 -58.12736809373176 1448.5102094685067 205 207 205
-24.28886877382902 -61.04721258862497 1470.9569144321322 170 171 175
34.3713872746913 -4.858207128505007 1446.501979256589 120 97 56
-5.877656276442818 -33.0456510362033 1460.9917545099177 163 163 165
17.54075544921348 -16.877200091163697 1446.8233021506417 155 138 118
90.58086599505384 13.399300462001161 1480.4465966432922 44 40 34
35.44330759070212 -7.0137769636285485 1461.6967445531295 136 147 155
-33.93262088107663 -51.7875088850134 1446.4831369038595 182 184 181
-15.120887949660931 -59.24157708699792 1478.7982363197975 50 41 42
52.206548092679554 -9.870015440493026 1472.5244903435866 51 48 43
51.67728059670496 -8.300784062632792 1469.4272240482499 36 34 29
-23.425403269992472 -56.72821075758624 1465.359061230601 203 199 194
-25.48709209464523 -46.31739599740868 1446.7009374130064 123 111 73
49.209786205465434 3.5895609987993624 1458.1913779731442 195 195 193
-22.88596407227674 -43.46148208572988 1444.2952827815388 60 60 60
35.33845402066169 -7.25015888770347 1463.8726665018933 155 168 170
-15.601991512653933 -44.24666829265562 1454.4730306401714 32 30 31
-9.782202352689964 -47.85433646053899 1465.4719622977468 198 188 180
59.72556668408451 1.4358298124336628 1467.9099642597193 196 204 207
0.2676339208871397 -28.93023218752037 1460.7126796454995 62 62 62
-33.91894473657989 -69.68441120471654 1473.9183594782141 144 133 116
-14.779188808712739 -53.16565743380713 1468.4576740495954 190 174 124
-9.053455845025338 -55.65151170025969 1478.4359218319219 154 141 132
6.371720894067986 -25.348182221110573 1448.087109047943 223 219 210
8.990759533276371 -23.320245250482323 1447.677180155134 119 108 73
-51.510868406773035 -57.279443391221875 1447.016070564851 69 74 69
-1.0126829479038795 -30.597461466759803 1448.5509364854033 184 168 143
2.1754792658027355 -26.06381758267208 1444.4250886331438 217 210 200
-2.908011250607088 -32.582884681497 1449.562263286433 103 97 75
-27.340310319855718 -58.89260241216085 1464.751553710684 189 188 185
68.79050301312323 4.7117109428914175 1469.879839354296 39 37 32
-1.9931274921552864 -30.816459335934564 1459.5890120165236 127 127 127
8.264456506547386 -27.571592431267984 1454.1560595198237 36 26 28
55.75285801505122 -13.072847507623257 1480.5055734993123 25 19 17
-18.233059782603235 -41.153955276785716 1446.2967158213241 69 69 39
-44.90778517733973 -62.37789541231902 1455.4867931755762 10 12 13
-40.08021167873176 -77.00094594304231 1478.1497681459205 43 34 34
-0.6078241875244261 -29.61421843943471 1460.4376135998843 119 119 119
30.923662001890573 -9.81970515716467 1458.7144495707275 114 124 131
32.74683751262405 -8.572968340992336 1458.5790043287668 154 165 167
85.32433627652982 8.733480999419884 1480.2912378343945 92 89 72
-8.328266544135236 -55.964126858153286 1479.2214259447028 196 184 165
-42.794405284880504 -60.00348073145933 1450.3149366734801 132 113 100
-9.23470856136407 -38.90132546174615 1452.6712595820977 123 109 80
16.900215117989696 -18.937471878262 1460.1006807925203 14 15 19
-9.150384906673363 -38.768046026725045 1461.7119266597083 139 141 140
-48.2948383460838 -77.55503523753654 1471.1658279688545 55 40 36
22.546519907574233 -20.90926531920986 1464.4665150048734 58 46 47
90.16774170552364 12.605628245936842 1480.586575133281 40 33 27
0.22821586958586365 -29.48129716071053 1458.8308555985855 147 147 145
-33.73289805080422 -69.57750831577216 1473.9281611070671 136 123 107
14.373299058905543 -23.73099111881524 1454.4935578398556 118 110 102
35.84423034598442 -6.1255092106672455 1456.4053546709022 150 159 162
18.963722804379174 -15.52386321428867 1460.9732215347708 51 24 20
-33.04529878383088 -54.317174049772966 1457.2466870839366 209 205 202
-7.259120924340343 -34.53303560844625 1459.031817614299 139 140 140
-15.624514178850527 -43.926383738203796 1453.7552850081308 146 127 116
15.198678344546481 -22.908280280858115 1454.8993309864054 187 194 202
-26.845084780311605 -59.840052724553914 1466.664507746136 86 79 79
-2.6308967707918502 -30.813941857382513 1461.0737137929214 138 138 138
54.704598459546695 5.976993625345519 1452.085097954788 33 33 32
-40.66460969453109 -63.22010987142754 1464.0662631668865 21 22 26
41.44389217561798 -3.7751491273959803 1466.6347720743315 158 169 174
34.49259962257798 -7.122246418226619 1456.9847921641342 128 141 149
-26.422330429479075 -48.711070401039144 1449.8710261131848 77 65 23
-40.99804319384911 -75.28913975347632 1475.881366207926 163 159 158
-39.86418044459814 -60.570463022160865 1460.0673273296402 141 140 138
-23.174326429658215 -61.92210856486444 1477.0511408806435 151 160 157
-20.011783210716775 -62.348415812960496 1476.9849070268692 54 47 47
50.92330144417415 3.732356099807724 1451.5118823419643 160 153 142
10.44218783170693 -23.934471850867784 1456.0975233908414 87 96 105
48.72287012002513 5.584200418284004 1446.1890511146617 59 63 39
20.732269021606257 -33.16765588770899 1474.5793520631942 49 53 35
-36.8078044912986 -52.3130820682965 1444.6123584767984 172 173 168
35.26621260390227 -6.643266838776159 1457.255902583463 159 170 172
2.1849387228004855 -41.822687886370666 1471.7893777916513 151 133 122
-6.865504964553178 -50.22962988818908 1474.9668931827562 53 47 43
-50.28566112955056 -68.25681857469252 1460.9259060133352 167 163 159
4.613036817316295 -30.04805504083835 1453.7163812044125 203 181 150
41.77507455352381 -3.5216265530298965 1466.7388308947188 111 117 120
52.781515002877725 -12.06020583161802 1477.0211245782461 11 13 12
-34.13783016288228 -54.67340883226096 1450.7404588864051 56 48 46
52.14396562714867 4.477441778185579 1451.7317767922423 91 88 75
24.16158665495685 -17.73647194502098 1455.4611563834655 214 211 206
-23.14801762405324 -45.94894314420111 1449.0246522349803 171 155 132
14.28679998320406 -18.01059621180798 1445.0874752087268 231 234 229
31.73860402696256 -8.919593813712481 1456.4421135763853 138 148 149
-39.57139418220925 -62.59048136508886 1463.6919493903392 85 79 79
-20.011783210716775 -62.348415812960496 1476.9849070268692 54 47 47
-42.99997809654278 -68.28289263278207 1470.6651090227729 17 20 21
64.21769755529866 8.332010393158091 1458.4277220703577 130 117 85
-35.47392617254948 -57.886956900892535 1460.0538981057534 69 69 68
-32.219345208706336 -49.90384867995068 1444.8989628607594 176 176 174
-40.86416819675232 -55.926996888293885 1445.1856714575595 85 79 63
16.163368584360516 -17.255222649016343 1445.8886833924257 139 126 107
56.06120509137059 6.916887755493095 1452.0857082338732 23 25 24
36.99590405441255 -5.827775109592941 1461.2302105378583 127 138 144
-11.96652184727052 -74.13048816899881 1452.640451512765 169 174 179
-7.7393340778423925 -48.83422038410142 1472.5165442170362 53 43 44
-38.9775326287735 -61.324056901085456 1462.0626886534342 213 218 221
51.98834013789608 7.781078098994437 1446.4823956302173 157 147 125
-23.14801762405324 -45.94894314420111 1449.0246522349803 171 155 132
-4.106420548612608 -33.508543717819464 1449.765509848194 68 64 29
-7.661969426596047 -35.404185753985814 1448.945060922405 110 97 62
9.885954316873253 -24.54275492439305 1450.7670301462622 138 120 94
-0.988668278855544 -29.635834157410773 1461.179289786391 136 136 136
42.70326990879351 -2.5636076577027875 1465.3211273858158 114 122 124
44.86248709114697 -2.2064193677728756 1453.9114749211133 215 195 162
-3.6605171587152703 -30.127406931666716 1444.245964717496 54 37 22
-27.481164163777464 -49.755548264610134 1458.0392955182058 103 108 113
-8.915640374252504 -49.07456190915389 1468.1325076980554 184 186 176
53.586636318032454 9.024163920168577 1446.3245989921302 115 112 89
-12.988296052965456 -49.80353298115001 1465.1756990244432 83 81 24
27.256624737590396 -12.506838823565884 1460.0414185438397 136 142 149
48.94674046861214 5.75094565901941 1446.1712142552915 46 50 33
71.35679040403745 1.7415365507141602 1477.403433126242 51 48 43
43.44232733070127 -1.8181715094616548 1452.2626538684872 20 19 21
14.386389873874714 -20.389080271607767 1449.0405429762009 105 93 60
-21.6152844709168 -63.41158257922653 1480.9438122483825 201 199 202
50.54518652048378 8.227651881093147 1443.7215270295928 93 91 91
21.654889841591547 -15.119614372322124 1448.7284520941555 89 68 46
-28.007379148917764 -63.447307168240634 1470.4168242406483 187 191 194
-17.641618121909534 -42.93061686816474 1456.7863397690505 121 133 142
49.91889061526963 2.3007880688233877 1452.629058127053 33 29 30
-41.75057198960233 -57.61488821602815 1447.0592533077465 201 203 199
71.08791754511324 -0.8943697693788509 1479.1765910001532 234 226 219
-25.24962711211376 -61.51348834775895 1470.6658601175286 175 176 180
79.44588747426889 14.206712109231182 1467.993521476331 134 138 148
34.74357403483042 -7.290671419106986 1459.105100600177 147 157 160
2.0649775655331077 -25.72661633351667 1443.835697675162 212 205 195
-6.914257856916499 -32.6333257224763 1445.045090854791 119 129 73
-2.7874443897545227 -33.733503195004694 1455.3667607805246 24 41 30
25.90183994838446 -27.208876805267415 1471.1902048972597 59 68 29
88.82828884036255 16.610328745879197 1476.206213788885 16 13 16
-1.8906690045508319 -31.30309268667689 1457.6218082776477 143 144 146
63.07114910847275 15.618402292055894 1446.6495381655045 208 205 196
-20.921155269725933 -47.35935807065945 1453.8796980013817 104 107 108
51.70389930159907 6.866414161140083 1447.6840272361785 147 137 101
42.39508893591861 -1.6736568203955697 1462.4575806338212 145 153 157
55.91919325818582 6.8976673857752395 1451.9953250402407 172 172 165
-21.791772227725502 -42.19632800244656 1443.8209427266033 54 54 54
51.1232255075633 8.140014482267901 1444.8076703929376 106 89 86
74.55888623586019 4.282694378926401 1476.2384112519503 180 193 205
-1.641021699970048 -42.172363603826376 1465.3230787312918 76 63 55
33.709196627804424 -8.008389117307111 1459.1397960043778 142 155 157
-23.57682215610617 -47.52481125318873 1459.5297621377608 92 101 106
50.52021586629731 3.8614577543493116 1451.026003584587 96 90 76
-12.769021770612179 -56.56547197638216 1475.964877393793 60 52 47
-33.67628616188552 -71.09761655483635 1476.0283879477774 72 61 42
-24.72873830746234 -61.21845782966552 1472.014847846697 19 57 48
80.84573042810227 18.846606698818015 1460.417307686133 201 201 190
50.60409795372052 7.786302828244254 1444.1008781723194 62 64 63
59.3320362248562 12.246423404653244 1447.6829246163861 41 40 41
58.479784847977456 7.547584086809065 1454.4025715195132 174 172 168
28.06699426872578 -11.963448935494812 1460.0243786279987 144 157 164
-32.67300533104914 -53.775226843665195 1451.0597217392703 66 56 48
19.054085966878024 -105.18698762700726 1452.0747918555278 198 201 206
32.0765857755173 -8.981669696048218 1458.1389729246475 126 139 142
-3.5084336782958947 -31.52958861506449 1460.758736502362 44 44 42
-11.11238149778964 -34.79713760199283 1443.8187890580125 86 91 61
58.2126211302432 7.516178236708879 1454.4455739496914 170 170 168
-23.091250939013776 -64.9948230894585 1477.8426519482375 61 61 62
-1.2489859762964128 -29.70866374447311 1461.594972900607 75 60 59
11.57783917839059 -22.636043276732334 1449.6131785518874 169 157 133
-38.144221324815696 -76.3711305195312 1479.0646569857768 72 64 54
-32.52349659413664 -55.034486864462124 1458.797844816361 222 223 222
46.57509127511779 1.836781110721361 1449.742565729082 212 204 194
10.499296425846024 -23.566660029724712 1456.1045184788416 85 92 100
-48.84798590585857 -80.77211141267615 1473.3746607499186 200 195 189
-39.1613965624281 -62.39264378497585 1463.6919913085105 225 233 237
-45.75136909454374 -59.330987413190755 1445.286000268437 92 86 79
-27.349245553598777 -50.985989282869376 1452.4788187468835 159 159 158
-22.14367887060574 -61.787756151006015 1476.9687783535649 159 174 169
-41.195753196305155 -59.356560694519516 1451.5509028080658 153 129 103
-48.00120231246992 -78.15112007595293 1471.4079846627253 200 191 186
-43.79796997635305 -61.670098468538995 1452.0902663330387 162 162 164
-38.14387339241023 -54.20014455523171 1445.2843158337114 82 76 73
-4.78870555916271 -32.64243161356443 1459.8531678112895 146 147 151
-28.763391228163407 -47.298109363747095 1444.6346861845889 207 203 200
17.49297118405594 -15.753778156648439 1445.0595093193558 158 153 149
51.967244630500026 6.4333351832850685 1448.4483263426484 139 133 105
20.309125856289405 -18.260679656610915 1452.219338245659 135 107 90
-26.320837181008844 -60.3724626679521 1467.883114710405 219 221 221
-21.57525881583936 -45.39663325567401 1449.8892038278059 64 57 33
6.377045495063977 -28.47810016914784 1453.483212437793 92 64 51
-15.019850689995685 -39.44945353453725 1447.1912779529994 151 133 92
-27.230754462106493 -47.709864385351395 1447.1522431088022 133 118 89
-21.666793335495953 -55.942389620093515 1465.78063860502 74 81 40
-47.87067359165016 -58.81206406271717 1452.4605805946169 40 43 37
-17.215449198815065 -39.58378037990183 1444.7640982427934 207 202 196
-16.8984309570663 -52.69074224529439 1465.4965087328985 203 203 197
5.472734443531007 -39.62997259643864 1468.9034161172547 142 126 111
19.92919020996908 -15.326944193777495 1450.7095177893161 249 254 255
17.848187822163993 -32.23287319312117 1470.4591202941 42 47 18
-39.72817577640555 -77.3839410659914 1478.9214679750341 147 146 145
32.16119853214172 -9.053929079920293 1459.156205351426 133 144 149
-29.299563339851257 -61.50827834330822 1469.2702248564424 30 21 24
18.905608595956803 -29.70689571712301 1467.871279429252 39 43 20
49.759310235630046 2.133653353743164 1452.6612509042905 53 43 42
59.89087148677221 14.543280826553474 1444.2092269118634 53 53 54
31.954193287821678 -9.072473148113517 1458.2884585288923 143 155 158
-49.68991522429587 -61.52076594465639 1444.3431612431173 123 124 126
-30.3973596470247 -66.426984999211 1472.3681709655102 148 149 153
37.14305967312161 -6.346827158238499 1465.291515397284 94 107 115
63.44943014807398 5.99539401107695 1461.2078398856456 41 38 37
-37.51910271930169 -59.91834211388323 1455.823662847583 42 38 35
69.06749455571375 10.270904244519851 1460.3278159904444 174 167 161
-10.729486794439763 -39.66403523247226 1462.1822391248063 108 108 108
-35.377436197515294 -58.20846156977849 1455.8256749543739 53 53 51
-43.83582612176091 -57.238549096155026 1443.8617809534255 161 147 134
22.890716137389166 -21.1055389125872 1459.931744604451 156 155 150
3.766571173665285 -27.349894318902397 1448.494843619708 59 68 42
42.970667859585674 2.5595622230169783 1444.4172574407892 231 226 223
41.16326007845328 -4.750842265944957 1453.9930045238111 179 179 177
-25.581352030209402 -47.70804928647356 1449.1815392034441 130 115 84
32.20762814980362 -6.116408990185174 1446.1368169105447 97 80 55
48.61786172694431 6.5734595092063834 1444.4603247698917 218 217 213
-9.131657728212389 -56.65374344525041 1479.4253245653867 69 57 54
0.765155584905873 -28.33219648812696 1446.7098225807367 148 141 113
48.021013880493726 -8.177057012652426 1469.7266937229172 18 16 4
-9.711317431574438 -55.199379830301744 1476.3827115795498 71 60 58
-27.126194716966705 -51.62726295165738 1453.839891179401 150 149 147
-22.60147560594551 -43.30119635892631 1444.2868995416989 55 56 53
-50.79777189793435 -55.741645745428926 1453.4145183392807 161 168 157
47.83189585527168 5.956520780978646 1444.4571126701842 223 219 210
74.96626802449542 3.1138595482846188 1479.2374469485321 72 76 79
-21.33108021486581 -60.20111631707678 1473.7585816990406 59 82 70
4.418425470157 -33.364181185707864 1460.7896868732582 174 179 183
1.063640817418149 -28.502713694360615 1447.2954060134389 73 77 51
-48.13029031267907 -79.4501288627424 1473.1083491726326 91 89 90
-25.79229271202388 -49.031087001734264 1461.77571633686 199 189 183
10.647879655844479 -21.18605801066969 1446.1461355857127 55 53 27
-7.591554674577861 -53.380842651095904 1478.2702515361425 173 157 140
-19.31480651800744 -47.16826005856346 1454.7309576053326 129 133 138
32.05580244377831 -9.16260112202714 1459.5798189522643 136 147 151
-0.9085181197753895 -30.517221223053124 1448.5694263911291 104 89 59
34.58494319071821 -7.5450413221837955 1462.4185117583852 117 124 129
-27.369517236617767 -61.685745073936374 1468.3970234885296 103 103 102
54.05254700620242 5.314429889544161 1452.519033806897 40 36 35
72.12795646098604 6.919329329397378 1468.2246080198386 52 52 52
66.80006886177044 13.883646239812348 1452.5696531456163 105 101 100
16.199648381313892 -21.793128548209438 1453.858666103011 150 155 158
24.143876213853584 -17.953590409847813 1459.1035249090687 12 15 18
14.059282603940728 -20.65044122750728 1449.1489080288577 98 95 61
25.16105431938591 -28.118488387886096 1471.7815995293938 64 72 44
-7.078414392003958 -51.283424328017745 1473.374263987847 49 35 30
-38.39583791822504 -75.84746442744489 1478.038819038713 182 174 166
36.018135546784784 -6.600260658908258 1461.1252480718044 125 138 141
-14.481514220457496 -43.82257574774959 1454.7723488990064 167 170 166
-9.333843925441997 -40.21340799548798 1463.236737285 93 92 90
10.770028905833746 -23.413366734768175 1450.0113851214649 202 193 176
14.906224692420457 -23.4850729199101 1454.5641247838055 41 30 28
81.4054596292088 15.353486701744476 1466.1597256536138 209 204 192
-6.084327544077123 -50.83128746591569 1476.701283900359 154 153 149
-39.871473627568676 -59.27464526506957 1452.164221192503 65 55 45
18.867357858675852 -16.21959166631926 1449.7498301867058 128 158 159
49.66420767251193 5.956390648938317 1446.6339822497885 71 66 46
31.78427457315674 -9.104370270098174 1457.7308749792014 137 148 151
-43.47359299265564 -61.58281980225693 1452.0609329060594 159 163 163
-41.095031081936824 -60.39389558274246 1458.419020760083 49 49 41
-52.34189469345106 -74.34412633700093 1473.9219808468326 197 191 188
35.36665993415248 -8.458257250410327 1467.7414296392303 36 37 40
49.99386080990979 3.5876980689414877 1459.445149315275 221 218 216
-6.244627457756644 -34.00491507097929 1458.53651698145 146 146 148
66.28968546582982 15.166285162845929 1450.198238938238 64 60 59
-25.280650696510303 -47.76502899624153 1456.0084587663048 59 62 69
67.10148255272091 -1.2058853291536225 1475.3343166655316 67 61 61
-27.230754462106493 -47.709864385351395 1447.1522431088022 133 118 89
0.7494571990786951 -46.17724859564453 1474.2665986350491 104 105 108
-23.823498720805386 -56.977136341276015 1465.360143944022 218 217 213
39.545720312924715 -4.741509735900071 1465.6382634018184 154 165 167
-43.99959976315041 -77.81896639047423 1474.9489779765531 74 66 63
34.890594557196025 -7.35535950378533 1461.5086465226848 64 72 82
-42.017281791857 -61.278334964395775 1453.0430495373898 125 125 121
-23.209331411143634 -60.43970008873183 1471.0908449430747 29 27 28
42.7418402229342 -2.8009975586501374 1466.3152865457532 136 143 149
83.53023638492776 15.465074605248628 1468.172311990013 56 59 28
-11.900309396630064 -36.1164031969993 1445.0810791736544 111 103 95
-33.44581316631798 -69.5568384977285 1474.1736251391324 54 49 34
-53.9572775387999 -67.85968304595237 1469.0230037165206 196 190 184
-2.010263137181779 -30.61914793301979 1460.3124063720209 142 142 142
65.14183516837622 12.69976221276292 1453.0114665032552 193 190 183
16.430362441166707 -19.387382100557385 1457.3612123966725 145 148 153
-3.1782624169734572 -31.00694503110927 1461.5880382003797 57 56 54
-27.19226704974674 -50.63639414153597 1452.0775570558335 65 57 54
15.335770372291986 -19.90200176238803 1449.3026921877702 221 218 213
-48.203907881069476 -73.56675686488192 1469.4754216979898 20 20 20
-43.29916904054099 -60.7949636160945 1451.2973062693327 48 43 29
-26.98783754831458 -47.79782074326733 1447.5900314868518 59 52 23
-8.175540548431071 -40.58012557638033 1463.4358438618563 214 211 206
65.21893528773181 14.41780313722446 1451.0362669996575 204 201 192
47.16280163209819 -7.896201653784192 1467.5007112496532 129 139 149
56.399532676795076 2.5867221491090446 1465.4905176442655 244 245 246
-27.625917227140167 -60.62991338278327 1467.1277640375172 20 18 19
-24.17724389964694 -48.06385721633516 1453.6593400623406 147 147 147
15.175520275647258 -19.914255003328478 1449.0602694010172 120 106 76
37.85725941245045 -5.510420150099773 1463.6086012033372 78 85 96
-45.13233547819702 -77.74903777872994 1479.3615115509717 19 17 18
34.920445164833986 -12.701912854518485 1462.6747825211537 23 23 25
-13.717869902591092 -41.21954031121794 1451.4252836392277 104 88 55
35.67615045722371 -6.656363769185669 1458.9595218454892 140 149 153
67.21395801768423 8.942813331583965 1461.2613558479572 210 207 199
37.45019699435346 -6.2108930333183565 1465.5454808947316 156 169 171
38.02628927365747 -4.605322698050699 1456.376207051642 153 162 164
-14.58033661615225 -37.63926976163692 1444.5210982842564 201 198 192
-33.41057499666419 -51.50119460021074 1446.3571816005817 79 71 65
65.97378508512656 -1.4720633648838686 1474.437376446866 204 193 191
37.17585902649431 -5.322985796375174 1457.108042400418 156 170 173
53.264807304438634 9.795971753403661 1444.164141673666 57 53 49
51.65367270500641 -14.222127805483403 1479.4027330395247 34 33 29
32.3749349813881 -8.909335385586688 1459.1541278075758 131 145 148
-7.664610512056343 -35.42404067398927 1456.839046561436 175 179 182
-36.35602918161877 -58.98122688293545 1461.5399346154131 206 206 204
-30.21017335764777 -66.44736771229438 1472.734419453152 39 34 31
-46.598167129250605 -81.82616063686491 1479.1352166447227 57 50 33
-40.895536537529765 -60.059580456039065 1458.3340636682424 81 79 79
-39.99876945844437 -56.08422608804221 1446.381091346399 124 114 104
30.608098837043013 -12.194147725844488 1461.5538316780605 31 31 30
-20.721282041808827 -47.00717020774668 1453.199617592474 119 119 119
35.76875169881983 -6.760563476736975 1462.8540107627944 118 129 137
-1.745313449027821 -28.463333996966394 1444.0310647840079 228 220 209
86.16077037078674 9.396550102983166 1480.2875234509893 100 81 74
-24.598126569994236 -47.06276570449621 1449.222057930684 56 53 37
8.578223897697324 -21.70034674800908 1444.1345930886746 64 42 30
-41.90752369872203 -77.94475807807471 1476.3298711949656 117 113 110
37.634487641081584 -5.483981397119868 1460.504138347999 123 132 137
59.20415408935563 14.096155020582033 1444.497742439182 201 201 199
-7.669501650664371 -34.74488258193292 1447.865170219464 121 108 70
-29.81477469431733 -55.15455387745052 1458.5736922147623 41 42 46
-21.174850924645924 -55.539174165949674 1465.69444254061 76 76 60
-13.656721706997457 -56.55587362438221 1475.9422798007577 150 146 145
19.012205294836896 -15.946478105280535 1450.3221490830213 245 253 255
-28.51227498757705 -58.63383507820682 1464.4045247738177 66 61 61
-33.08310527767162 -67.71583917565542 1471.8700190262346 36 39 30
46.94906763436412 0.6225801060699795 1452.0280064744395 171 168 162
40.424619624502704 -6.047225139232809 1455.445405366292 6 6 6
79.56682757341952 19.32652111431238 1458.4335964148495 210 210 202
-7.6613510852106055 -35.43684239341089 1456.838547575425 184 186 188
35.766830414596555 -6.6469883643788 1459.3989311163507 156 165 167
1.5851533544944594 -28.653979161732796 1448.103086357696 92 89 72
49.82016863860423 5.7462976825812575 1447.1767266030802 89 86 69
-57.754900142498855 -98.11650657268 1487.9503706276985 128 130 138
-22.52769875795587 -46.77886879620987 1454.0581050071148 142 145 147
48.64594961810239 1.8081314749745057 1452.0725364732496 177 174 167
-45.98216228936181 -64.2987363984161 1453.9458493189447 81 83 82
7.497972659494231 -29.083448595426155 1455.4880980825837 183 167 149
38.969521276895854 -5.271072121995332 1465.8097631784237 119 127 136
-34.08428281312515 -51.968912259399886 1446.2658712346708 173 174 168
-23.93199207286989 -61.051224554340266 1471.4614461676265 28 24 25
-36.051622248929576 -52.533760870022746 1445.0386858118677 186 185 180
-9.485177406626104 -41.89958636520944 1464.394726177366 92 88 87
35.762541138252004 -6.934696086525713 1463.844136468405 164 174 179
65.47100895835405 12.223164149262912 1454.0714166863984 194 191 184
-39.716466119343934 -60.05972962650776 1459.7035037535334 185 181 177
87.53052797024813 10.517119830022182 1480.567032840536 187 188 185
32.548392555825515 -8.595208354189026 1457.872727031807 87 101 110
19.6580602495487 -14.927240089649825 1446.1254167101717 116 91 71
31.31742170947612 -9.31328583330914 1457.0348395312644 151 162 166
-8.244408074023843 -39.97197479742057 1455.5541936838406 148 148 147
-43.47359299265564 -61.58281980225693 1452.0609329060594 159 163 163
38.78887052436489 -4.898550372735286 1463.9567866112466 144 155 159
8.365317362042138 -25.08615270833526 1450.1287332063712 131 119 106
-46.72629910040986 -83.88217900463528 1482.3230814735853 65 59 61
-17.38143771049655 -43.09140285803165 1458.18868271408 121 130 139
53.88779913093629 5.176079726697648 1452.2396835437735 45 41 40
39.64958891573784 -4.48738612066391 1464.5277766227953 157 171 174
-25.54648210180764 -47.00984964265342 1448.3321510299222 156 136 116
-44.85048511327288 -62.47535108769822 1452.1179893485428 174 176 178
-33.86835475904865 -52.61377611618256 1447.5658054340247 129 129 121
-47.05289048940452 -60.49473290824928 1445.4779473554297 191 192 187
-35.8683369663606 -53.484647757310185 1446.774892086853 149 149 147
38.41036898380609 -5.008506610545022 1463.2763210458872 158 167 172
14.656072760697434 -33.67255190381829 1469.4814275658737 86 80 79
-33.418946227979006 -51.58510026759915 1446.606839723319 82 79 74
45.59734526785734 0.6293689846190094 1450.4859748486413 49 45 43
34.8248866175019 -7.30712068197165 1459.7022738821129 129 138 141
-23.716789339851555 -46.0833129491446 1448.561480633959 90 89 43
-48.00451593745085 -80.52234753165828 1475.0218508878804 52 47 38
-8.349615082871216 -48.51275080303011 1468.3449492518273 145 142 139
-39.975082099839 -58.623539663611346 1451.948627684217 86 60 50
53.57180688531199 5.306160396686116 1452.0077030663456 187 187 179
0.1939327239585638 -119.47007544795724 1450.8869702710797 125 139 149
-8.131643011328059 -34.43869609606927 1461.2578857637204 162 164 163
-51.209044395850675 -66.71965418255114 1457.8904048006887 166 162 159
18.432067997110586 -15.82765921487536 1446.1463232113624 129 114 98
-40.91762555112821 -58.58622192471636 1449.7858772667796 94 88 76
19.440960771493963 -19.107842707873992 1455.7810161560615 13 16 15
28.09580430881709 -11.930593224683996 1459.7852459078254 147 162 167
51.62788794664205 3.9145976594845933 1452.1130384626058 186 183 178
-25.909360642120504 -48.40988580239807 1456.7097142404932 52 61 70
-33.21996971988774 -70.02535364663797 1475.0374115762731 152 135 119
41.99683753629516 -1.2323947737043652 1461.4338611669202 83 87 90
3.509265123961144 -24.70416384652698 1443.882588205769 188 187 183
76.44261772343856 7.115917235352605 1473.2023055342695 138 139 141
63.95078701500732 6.694803628341142 1461.4442565957072 185 181 170
45.202836379253185 -1.8918968595185959 1453.7827879029685 72 67 52
-5.337808478108049 -32.97301147383497 1460.0474945313279 62 62 60
-25.52924925252975 -46.239751864046326 1446.4838695343522 193 178 147
-12.793549559014863 -41.10428325000334 1452.3168579324238 222 194 160
43.096764178848666 -1.6967235477172242 1462.7659398774374 131 135 138
33.49206324603137 -7.999658595066827 1458.1379166282254 150 163 164
-4.679297525452067 -33.8980326971295 1449.7821982492508 146 129 109
-8.3539860091172 -49.33464880591734 1469.15653163543 207 195 179
34.61978941676701 -7.533958908814082 1460.4151748978593 126 135 143
36.02453570122516 -6.592089185315299 1460.6830260995923 136 147 152
-40.921082181247634 -77.1884825843183 1477.604634058745 51 47 46
-38.876416912652864 -53.942499457956046 1444.294441327704 159 161 158
33.638691655620235 -7.782896623874257 1457.4152353098173 149 158 160
-25.766061346830067 -46.83055255037892 1447.5797972914545 128 118 88
5.097936712217577 -30.384950370379457 1454.6920946652813 177 159 137
50.53528740901375 9.309148312955584 1455.267866990154 21 22 23
-9.060360097446397 -53.76347189571633 1475.7376623541982 117 114 106
55.05155947024334 6.342956629795946 1451.9693641831211 149 150 147
-25.09958189427023 -48.477887119512104 1461.5350141274985 162 110 92
-37.77758854870733 -72.94667976359607 1474.826293898893 61 56 35
35.93800790245236 -6.644399594225362 1460.2318142575002 129 140 146
34.11288225002194 -7.754060154109592 1459.2711464399024 155 168 171
-48.96546594627808 -79.6158850506042 1472.5267324124438 76 72 72
-36.22949879575317 -53.23519483790638 1446.0131003230622 170 169 164
-0.29036897663636213 -31.045660002534643 1450.1443727687724 74 61 53
2.710252292298826 -30.89054575132088 1452.97803238271 191 177 141
34.3713872746913 -4.858207128505007 1446.501979256589 120 97 56
-41.13233562626146 -61.70755760455775 1460.6024399404434 101 99 100
9.519531185875792 -24.492143726056423 1457.456276475376 149 153 157
46.952789356643336 -20.011782146501403 1481.310085596298 48 51 32
51.14664912008587 4.783305035123868 1450.0570137288717 228 224 215
-26.234909620559847 -49.042669568653906 1461.193702993354 86 83 82
-26.120958811696394 -60.62400434490544 1468.50273272176 182 186 184
50.20863404401824 7.817412606112922 1443.7384398386398 238 235 226
49.514523988683024 7.18349764831782 1444.049065603267 183 180 171
61.027710744173824 8.086747660288665 1455.7280006143035 24 24 17
-9.081803399471392 -47.48491502715441 1466.151732722408 154 153 148
58.15214199435684 7.652515683353287 1454.5767700854162 160 147 137
-7.930521726294416 -34.434616039711884 1460.8842274854442 166 168 167
-17.07702295009708 -39.54152104159094 1444.880235646564 127 117 107
-15.488764828624022 -43.55404760654835 1453.303396902691 47 42 37
-28.030477800810605 -48.76857576753589 1448.019246601572 156 145 117
-38.604950095721954 -79.78922275186767 1483.8752740845027 31 30 31
46.60098662960454 0.2612681131209179 1452.265644138645 57 56 54
49.78902105758445 5.339459181112337 1447.7998264722423 46 43 21
-7.185696628994525 -36.958171264215316 1452.066088004062 147 136 91
15.782009096551116 -18.973864997374715 1448.3191096730916 55 48 24
-6.809076316451896 -33.63034856187743 1461.1217444290694 148 150 152
-9.420307022202072 -43.547918432299355 1465.3434500071603 80 76 75
-6.300479460390605 -33.294053671601006 1461.123135598964 162 163 165
-49.93769718623728 -56.90486065312395 1453.4841586498987 40 43 33
-25.06050747364191 -47.907769580827 1450.3024310820472 146 130 107
38.71852930329796 -4.780758558739808 1463.1185925457135 162 171 173
21.32826050303798 -14.881121297267878 1447.995855721155 125 107 90
27.193434844654902 -22.130460832936762 1464.7848073631505 48 41 39
41.551898673762864 -0.6234505332004651 1450.2516481419102 20 27 36
37.72004553383148 -5.466436334265653 1462.8405249250445 112 120 129
-9.00354093968322 -55.3941532934966 1478.513819664793 55 45 43
-20.56026310552366 -44.71438961020247 1449.9074803523606 195 183 140
58.51274581988634 13.617576802005427 1444.4848126804554 210 210 210
5.862449465243026 -27.581967438407172 1451.1299819565365 76 66 59
34.68925487469666 -7.814050891824239 1464.1785128466427 153 164 166
-13.784780838254266 -56.52653187045126 1474.3425290250505 165 151 120
-24.593995688378147 -57.632423323293025 1465.5314995732056 192 191 183
7.085679746121053 -29.550933789124475 1456.014050648043 237 238 240
-26.008694089441452 -49.48275558720282 1461.8425299286723 197 193 190
-48.19610406118084 -61.23392587763412 1453.8723347695854 135 139 133
53.087295390454585 3.694993441985605 1453.8318412020797 122 141 139
4.44786375735916 -27.738953107978293 1449.9231980720642 177 173 163
42.451032988867894 -2.466506426753624 1464.1171178665204 69 76 84
34.86910484351458 -7.366532033695883 1460.5486387107812 136 148 154
10.440910595395641 -26.71353370142891 1455.168122897772 70 68 65
41.364016063959276 -1.3982093874499086 1461.4462284010083 148 158 160
50.225104996434766 3.3691990843334305 1459.023448677936 41 40 38
-10.356084273049992 -41.86634356193919 1457.411274715077 47 56 34
-22.277843571800826 -46.06822031546563 1450.2930763805703 57 50 32
-8.002222736203045 -41.15205679067224 1465.0315564641303 130 129 127
18.00620138983589 -35.777313901426545 1475.6484983801047 190 185 184
53.55420505026488 9.023905983732803 1446.2293922482024 87 83 64
37.78907398790842 -4.9134247446429695 1457.2376858444977 148 160 164
-52.03867821905899 -57.19266363071479 1455.1558947809272 98 99 95
14.639070508038708 -17.394321199687553 1444.398534109631 196 192 190
-38.501561439742204 -55.04127627547105 1446.3637796687867 60 52 45
40.0479233744939 -92.02857292669886 1451.6304506034355 30 31 33
-18.403606859924945 -43.31316904298402 1456.2272427702906 125 134 143
11.216736360687955 -22.986990232534477 1449.7610500048931 91 92 60
-15.019850689995685 -39.44945353453725 1447.1912779529994 151 133 92
-42.53985695043675 -60.97105169311974 1452.0122931411086 165 166 169
-42.94612636113326 -67.45995321541675 1469.7433055519336 28 26 27
-44.97467597107362 -58.07359260621325 1444.0039994407136 92 91 91
-34.29222513684117 -69.24059325432113 1472.90240856993 51 45 27
-3.6738877274527533 -51.24640466655912 1479.956344051353 138 139 142
47.15331216491042 -7.643892590247387 1467.4088888613314 124 132 143
24.655974238973727 -26.696294670476686 1469.0487685270393 49 53 28
-23.933178936361376 -45.05581118294162 1446.2675448043208 100 96 70
87.98512182082177 15.306522906867846 1475.1495174350484 82 84 88
39.637214946959745 -5.0558924998961965 1466.9083417357251 150 161 164
79.51436744136359 14.541598235001311 1467.4431257161025 16 22 29
-39.14751263973632 -55.16068365621415 1445.841086444451 185 186 181
-10.82365138521211 -58.59336244216077 1481.7578600900945 69 69 71
-33.75762141254153 -55.438521060307295 1453.2985206547535 39 31 28
65.3399164546544 16.549374827689515 1447.1860049229465 61 62 61
56.17299915673427 5.716397715397893 1454.2358310346708 30 23 22
31.639290524675477 -9.154912255807389 1457.4474859072905 130 141 147
13.819487065117452 -19.302200343108506 1461.6963434532834 243 248 251
1.4736113045036885 -42.96390749331811 1469.8642233215298 42 49 31
51.761441586539235 0.7900464379078366 1463.8155981558016 135 139 147
-9.352745257575082 -46.94266376049249 1465.593492621823 34 26 21
4.473705110886773 -33.204958668602956 1460.7444382145948 150 155 158
47.18268818384943 4.503759506561273 1446.182979413048 76 77 60
31.840424735502282 -9.28419260006784 1459.1384463730244 143 153 155
-14.034340282464514 -36.72065551627061 1443.806231097683 169 165 162
43.13441833030489 -1.2617657075663535 1461.982026347898 102 106 116
-43.13876814660173 -57.192570053746415 1444.7328494946319 205 206 200
-8.587023438269146 -55.86396745355013 1478.6487252557686 191 182 164
-9.352722450341359 -42.88105694575122 1465.1660543348482 170 168 166
-2.0632001919903074 -33.79890046598757 1452.4833090375193 50 54 36
-11.752221440960655 -39.89423502723054 1451.4417276304748 147 132 110
2.8220224579108244 -28.46576030449489 1449.168703398895 73 65 52
19.41505920147677 -15.325673640855626 1446.5021112163415 198 194 185
10.372893200849592 -25.780682310085172 1453.6496407191062 136 29 45
-24.948731533425764 -46.49772990603438 1447.7288284305146 88 90 55
-1.3404481105213093 -33.051966800630034 1455.270457121247 187 200 206
49.40731555795239 2.2074004352430245 1452.131527925017 49 45 44
-36.44099088742715 -55.89605879129674 1456.209559353835 220 220 221
52.6511601526961 7.328972433174507 1447.777450099114 121 113 84
26.3152462551359 -13.115034531765973 1460.0783020056576 150 163 171
-33.20748302902954 -51.3954536532869 1446.372524019015 74 65 56
-41.063337344893284 -58.32919704833778 1449.1585646053893 98 97 76
-19.587047856788434 -44.06516562314642 1449.9155827397658 91 89 47
-26.49457530933601 -50.70226823511012 1453.4264577521842 25 24 22
67.31157931583309 8.78049690178974 1461.0220801219543 62 57 52
13.992740588070745 -20.578986969544196 1448.9220201941816 136 131 96
44.8500730161447 -2.4268172640461625 1454.168570356437 95 88 82
39.3423528489522 -4.48130247072667 1463.6930935894004 158 169 173
11.812328896812032 -22.53508421172225 1449.7706800978006 199 184 161
52.243569763689855 3.07680372943442 1453.9906220476864 116 115 110
-1.0415032015573178 -30.12560825668035 1447.69611953081 131 115 81
13.246935323438032 -18.364738107656986 1444.3790585181614 196 192 192
65.7733182839847 11.100488669051797 1456.041656211738 154 145 124
-14.33435687381818 -59.68008260196732 1478.9704817056806 119 118 116
65.15183526597302 12.55105817355912 1453.2415444370383 45 50 27
63.37345199381614 16.02608899158287 1445.3780763569962 207 204 197
67.9468127287506 4.187864828938899 1473.3738670381756 194 199 203
-26.159274023561057 -48.35557523149702 1449.5825512171377 175 158 113
66.58705644780373 13.883854570102402 1452.3989606165464 247 248 243
-51.12539975558747 -66.83647135839746 1458.073873609949 170 162 160
-23.329478270641918 -60.39464866253139 1470.909477509949 162 164 168
-24.13498260518273 -44.18495202230176 1444.423810718974 67 67 69
-10.008495623151786 -55.38742740275051 1476.5233801898905 54 49 45
80.48360312190191 15.085795054113454 1468.5713822660348 88 95 98
-29.81727165530241 -54.422681308785286 1457.9727688883775 15 20 40
47.475591227311504 0.6091109039364061 1452.6329549342427 53 49 48
-20.003612187489328 -46.57064613206664 1453.2027274798954 48 45 38
7.247864166645113 -22.060071560793304 1443.8695850344016 191 187 182
45.47815015579676 1.3431483741386594 1449.2500401174725 113 104 71
-27.308201484396502 -47.44374007487279 1446.530379208096 142 129 102
3.908085854871176 -27.71702206422219 1449.2927756669042 182 171 157
65.18184488632859 16.630424222593124 1446.9260379580453 207 199 190
66.45628114657916 10.681351061632428 1457.3006478392388 44 62 18
-19.2275476444235 -46.438938622303525 1454.1203394039487 95 96 100
35.639038749506625 -6.765529508747071 1459.400478845955 153 165 167
-46.37718072142059 -59.7446547001447 1445.150510629137 174 170 164
32.3042611443072 -5.0673917432106625 1444.4782602879445 85 75 67
-21.989205264679722 -45.689126413628905 1455.464778026114 155 162 166
57.86227779429086 14.108102439458802 1453.3900785305716 103 101 102
57.43104878412493 10.342513087475162 1448.4472705606806 151 142 113
38.04094752151413 -4.960840458747467 1458.7732168585724 20 25 28
35.49967161275633 -7.878245429475628 1466.9986749873601 119 133 144
-43.20166525994719 -61.411720056927045 1452.0508485207451 158 162 161
9.706192533803547 -24.3339160768151 1450.2018451247254 86 75 49
-18.803605883874912 -48.28548402386048 1463.7121351881312 25 26 31
4.274083460280029 -27.520694204947556 1449.4027978156396 167 163 152
-27.40384505959834 -63.529581123526654 1471.0859721750555 99 97 99
-50.84138438460422 -55.44910037418103 1453.2636058756 91 91 84
71.30468817258577 2.5094712659285605 1474.649780405591 19 19 19
-20.10391778029281 -41.401867216141966 1444.5569540612562 215 209 203
35.494377755158865 -6.957337889478947 1461.7764293394284 51 64 70
79.59023410167379 15.077830510782825 1466.101790733936 10 11 13
-42.65554171648442 -77.14104412115572 1477.864487370118 112 113 118
59.35355784457581 11.986057971223405 1448.3276004099403 203 211 214
-3.99643286406486 -31.61050408675992 1461.6176227359606 69 53 51
21.39107472926509 -31.969331243627664 1473.4551256100767 105 102 93
37.291732828111975 -6.248316540827388 1465.268915186112 155 169 170
21.08826513661198 -13.724499844903287 1445.823994733372 201 200 198
-49.86304134531692 -79.5878325433689 1472.153222222617 101 97 98
-39.766502582120054 -55.90320567766498 1446.2960528429255 102 93 88
-40.87005799754307 -56.685153817009976 1446.3700106722783 59 57 46
-6.694938604103858 -33.92027646030595 1459.7690372971826 178 178 177
-26.863045893116578 -62.743709989811386 1470.2436673991901 120 119 119
-40.30037521478395 -57.21846111813279 1448.0864459647487 87 70 54
-53.177111434965056 -74.36238369448276 1464.846599952919 146 142 136
16.260618054436794 -108.32423778158208 1451.7105287461716 42 45 39
54.60150779438194 10.262776115112505 1445.5751744333245 223 218 211
68.45547890930706 11.280009661731526 1458.1990642049175 224 222 222
79.92442034156295 16.479925149756983 1462.8846793355676 200 197 192
-35.92929901938222 -63.408979508405544 1469.3108602863608 227 227 229
54.4414888151382 5.837965062142606 1452.0977449282561 43 42 40
49.67565463631026 7.269850750005252 1444.3868572998174 231 228 226
-9.876974307639149 -40.51044344773912 1455.6023301032878 10 14 18
52.26211974404664 -10.144094597174062 1472.9476193435107 111 109 110
-26.081425712151148 -46.718839450109435 1447.0075094350816 144 128 109
25.010989984550076 -27.811231794342305 1471.047682840263 133 130 119
-48.50288584706435 -79.36490468762678 1472.7723515080613 211 205 205
1.8543813680462853 -28.77137813339882 1448.5220771800098 73 70 48
-23.78590777334002 -43.60286704485205 1443.9284769081917 175 172 167
30.5473083551365 -10.151864249312824 1459.1679637133946 139 150 154
4.411433761814261 -32.84491511629946 1457.4669793939793 204 185 153
-9.993584493164079 -39.395154896765334 1461.482972929736 102 102 102
-11.417371035026404 -40.5601910711339 1460.7776893079 169 170 164
65.51977134066713 12.157676400714061 1454.2670984588945 203 201 189
-26.868623032005022 -48.97018770244248 1456.497851231395 95 100 108
-20.000302867913632 -41.380202388948014 1444.664620727234 130 127 122
-17.259823884941216 -41.95789173792937 1448.9906457634145 206 192 161
-18.737779677671963 -41.77472872593594 1446.9095036618087 131 122 88
36.68106221247188 -17.011065773630822 1467.419132803113 174 162 140
-40.00027709092617 -59.77694783738425 1452.8652338727552 65 51 44
-43.39510039244342 -59.41120771171797 1448.447303254579 134 111 93
-40.99120101958562 -57.237033434368726 1447.3545743776074 87 85 64
-36.22004917318327 -71.71503786678818 1474.5428546196651 101 93 73
-22.926841245172955 -56.238058265833175 1465.4908522984895 221 218 216
-48.075006671973426 -60.86062130194593 1445.4179745547392 175 185 188
-41.89092926680557 -59.48014658428293 1456.2643874365997 236 236 236
54.543433920862334 5.944048954835583 1452.0143158417716 176 175 171
-7.8707227881469715 -49.839823807577936 1471.7263490460832 99 98 98
-38.57691213593999 -73.05971021780013 1474.3798905930391 68 56 47
-49.09561642101481 -80.01469601084456 1473.0305652616707 72 69 69
33.176202945507704 -8.158884882933654 1457.8359169307055 144 155 157
12.054032096021446 -22.44102557686012 1456.2904305866448 94 99 103
50.08099341777761 2.3655614260296156 1452.6030176006975 43 39 40
-39.68767645887532 -60.12065596907407 1459.6886494563657 185 181 177
-9.67132441029962 -54.39529094809683 1475.1378196972294 144 134 131
65.36333543266947 7.855208564277213 1462.4303810902088 194 191 182
48.4259543716214 1.600392155750164 1452.2737324298114 26 26 28
36.023121417792574 -6.5875154917617005 1460.6822904241074 136 147 152
-43.59993253506023 -58.51589713697725 1446.5756785875296 182 182 174
-8.970794418963138 -38.871529004247265 1460.9449024726514 59 59 54
49.13497333194645 3.558293417139204 1458.4331499014172 243 243 241
-19.96896404109208 -62.63419974014046 1481.1739188958577 194 193 198
50.6774386175784 8.39079600781305 1443.7392378189804 74 72 70
-22.993578397030266 -56.4573197016358 1465.3713892875055 47 47 46
50.77875306616608 2.158902028031189 1454.5291806329326 23 19 19
-11.81220888904854 -40.405109371431756 1462.0810371325097 69 68 71
32.596482851212414 -8.529906592629553 1457.7007893836644 151 165 167
-32.391876120384005 -50.1534416566317 1445.1616768247136 81 80 75
-8.310708230134738 -35.899937551462685 1449.0918128463263 169 159 125
-40.97264954155122 -61.0314550943922 1459.2725666348786 144 142 136
-40.58865772624987 -59.175863140270465 1451.1999250175206 195 180 166
-10.750001547520439 -37.471529092345015 1451.6777564631882 184 190 191
-27.503748268852352 -49.24956223449906 1449.3986524706022 78 65 30
31.840424735502282 -9.28419260006784 1459.1384463730244 143 153 155
-48.257359039988906 -60.529041178869846 1446.3000420514459 154 163 168
64.3253900987963 12.766125465521283 1452.1158040386572 35 40 20
-39.57905135476915 -60.89390075489659 1460.9252886389074 134 133 130
4.548020681525321 -31.369975392116665 1455.5037027198073 84 81 41
-17.64412540264076 -53.25560721120233 1465.6272412723577 64 66 53
-27.8161356098719 -48.83705210747082 1448.430441431687 131 112 80
-23.851816734720177 -62.02993356629502 1476.3444730285837 153 167 163
-9.194982993801338 -48.295993022661555 1466.7312864510513 103 93 81
40.165164397398044 -2.3352603122480464 1462.2538149523796 169 183 186
4.439261772847014 -28.276393839289206 1450.7882862530869 180 165 147
-43.47300878962168 -60.08937169814972 1449.8549575145382 190 172 147
-38.932646721115994 -73.81069014669032 1474.9621357336619 46 37 35
-46.08643066966972 -60.237057763907096 1446.4160915689006 103 98 76
53.19165423877189 4.682432839863731 1452.547524205456 37 36 36
68.57989918153325 10.57958403675046 1461.1041709053638 124 124 122
18.11760193234361 -18.05372176172561 1460.5732024214199 75 80 84
17.67261396790903 -18.331531161594302 1462.374948428099 112 114 111
-12.104091757634958 -56.27358027723848 1476.0452874688704 56 47 45
35.33088794921168 -17.91974736235731 1467.2399609148804 112 101 83
-27.187260403334413 -48.44140027597013 1448.5580610391708 123 113 78
-15.35930974135618 -43.64145568857108 1453.6056384261854 177 179 176
33.96979812505468 -8.013172728533446 1460.1226165311432 183 194 196
-16.05720009918024 -40.96233737767447 1448.597610513089 177 160 142
53.46666879804047 5.016855654574505 1452.2737019507538 26 22 19
76.08800989330535 24.649421866110377 1448.045008775537 204 204 196
49.926537090285024 2.599838320404136 1452.5329266046347 157 154 149
-40.42144462285622 -56.40578259213676 1446.4444802300966 96 88 71
-38.26166627085511 -58.7831117545305 1453.088728110249 124 127 126
-41.18832412183801 -58.050766751536266 1448.414028409827 70 68 54
-13.744072541684917 -38.1472511080048 1446.4950167117706 79 81 67
-27.100564616427885 -63.13527493337949 1470.8249117544035 134 131 132
-13.84065886194289 -40.485876573643026 1449.9948367202437 71 71 47
-26.250055603068244 -60.45317819750276 1468.1715074200872 194 194 194
-40.489969893953614 -76.72028848803996 1477.3697719768275 165 162 163
-39.99876945844437 -56.08422608804221 1446.381091346399 124 114 104
-47.17263210397657 -61.12439877754475 1446.6854560954819 69 67 52
-7.959916565175432 -49.04292239354532 1469.9785993666612 29 29 26
15.201335441345648 -31.888553684853488 1467.4693677951168 190 187 180
-20.752680341680573 -44.59575838791166 1449.5036800426433 161 148 122
14.116810756800378 -21.657933318462685 1450.9418671353374 197 185 158
-19.531913147892684 -44.334183947077555 1450.427594198568 117 102 79
-43.85924726592003 -61.948878146705695 1452.0735124625128 155 160 160
-38.61672743504126 -56.99625703303781 1449.6530631429719 76 75 70
-37.78121632470747 -78.27651063437789 1482.368456889131 37 32 32
-18.998302649389938 -62.45694463940928 1477.9614869274885 80 75 65
-33.39262245197507 -51.711167981721836 1446.7924276479305 54 45 40
-50.68186722536034 -54.69449105418232 1453.422226780189 128 124 112
-0.1108976550699395 -32.42022778167458 1455.066319575375 30 40 22
-13.702756951758118 -56.87079558871351 1475.0364308360279 174 174 172
-39.93137401768052 -55.62811592187527 1445.6456466579443 65 61 58
-8.30489245817653 -32.84810681683543 1443.7581309757645 96 92 93
-28.57432769291205 -48.40947526869939 1446.561958249664 58 54 43
-43.32346190907569 -57.35684596946923 1444.7585687606877 211 212 207
-39.98729795335697 -62.8862077322149 1463.6024999087535 167 179 188
35.49896943924284 -2.5614635547602838 1444.2806713813964 67 64 65
-7.604657244849783 -34.274064086503095 1460.756714623977 146 146 146
-19.58769993695378 -44.016860398160844 1455.4463851307914 194 193 198
-28.11705017491131 -48.17484346254636 1446.8595734258383 75 68 49
-40.584200588264586 -60.17694480386341 1452.8618505425065 86 68 62
-40.66460969453109 -63.22010987142754 1464.0662631668865 21 22 26
31.236288658403325 -9.515582091647474 1457.8667535694744 152 156 159
37.86266963032828 -5.754494472988939 1464.8185155399553 161 172 176
16.773255997032567 -32.99273451647757 1470.5237763551659 209 209 204
41.11953133686783 -5.9751201157071385 1455.916806237264 20 22 21
22.64945571292934 -17.15546452084991 1452.9929650527977 137 126 118
-27.174355767819883 -48.83146369952807 1449.1265505357856 149 132 103
37.26810158804601 -5.633794840900657 1459.5067096220973 146 157 159
-46.73418740539337 -84.15694996768804 1481.949904989663 76 61 61
-15.87729786461628 -60.14186454555273 1477.7159616813635 64 53 51
45.33593478957168 -1.9548071728526568 1454.1167853341758 71 67 65
11.51237892442086 -22.761858794127047 1456.8032947305248 169 196 209
12.3920511128877 -25.93164943437983 1462.2776269546068 218 225 228
-25.643560197432706 -47.747741857763835 1449.3498379711293 94 81 49
-39.30519248827556 -62.4357809138415 1463.66211215621 91 90 92
-39.60734832628943 -59.74135424407536 1453.2398261033127 70 69 64
80.358569756087 14.933622656716349 1467.8431316364174 19 29 38
53.30229229003452 2.281034327488767 1463.5917919678782 240 247 253
58.81652299316875 11.232382932993383 1448.6516971327692 26 24 24
36.425798752273025 -7.2273723601059 1466.967642171257 130 140 149
23.33470505542825 -27.751819259304643 1469.2130094223414 49 57 32
-20.943961823148168 -41.7352734092988 1443.9761783297206 205 200 194
32.71724855239462 -8.65328658078917 1459.0027028967233 129 141 147
-18.706738386569416 -57.72923487964758 1471.5336917305478 79 82 39
-29.23884890494657 -57.212634153095955 1462.8640534144856 169 168 164
-40.48680139467404 -60.27345955917104 1453.1543016570406 54 51 46
-43.37648342146235 -57.77588957796325 1446.1262153782739 192 193 188
-45.373892874759456 -64.62877146359088 1462.6570616744978 64 67 72
-23.257613094507906 -47.10307795487769 1458.6906369560743 125 134 141
-44.65417541864835 -57.83202560056419 1444.0354164128282 180 180 176
8.45100872255205 -25.128722590907717 1450.0964890681291 136 126 117
-22.61005840921636 -59.86182731146026 1470.8848359581384 201 202 205
-26.033346858632132 -48.51179636650988 1456.767471716929 128 139 149
-39.23962557494503 -73.77905094701725 1474.8057394371046 70 63 57
-8.680721529021346 -37.374599102932244 1451.037407582285 214 191 156
-27.174918446221035 -64.09097294670974 1472.2227054692034 125 125 125
-49.27461691582102 -78.6154461678192 1470.8859184893831 94 83 80
-45.654256755506196 -58.98461193249154 1444.734606766979 207 209 206
-33.98486492598166 -52.35221687458664 1447.3548099457469 110 99 90
39.72015796157704 -5.070785693518736 1467.0671217264871 26 35 37
79.42966195522814 14.081107741707678 1466.351819052319 6 6 6
-36.03849172845041 -53.50873984013602 1446.6097359626567 150 152 147
-40.9959279961817 -61.90257034784244 1461.0774498898197 88 86 86
-48.56107254329485 -79.08583413530361 1472.159613248544 105 100 102
-16.98080660188159 -47.204336795530466 1463.7243115430301 24 25 29
37.83802547271659 -5.345973997256179 1461.0810061221741 104 112 120
34.788085839637965 -7.415593885848911 1460.2591628687176 132 143 149
-22.62567366419577 -61.63156874113697 1477.090038620269 135 150 144
51.65166982174049 5.639633847915749 1449.3271438295326 53 57 20
-18.88744456989754 -41.5754374487079 1446.2448267111993 91 88 72
-37.48383805683007 -78.54813534877744 1483.028315212438 46 41 38
-13.84561905736336 -44.449840482867046 1458.6509001581517 51 51 51
-42.11891522380932 -61.95751450655131 1454.2630657491243 19 12 13
-0.4934085355904236 -30.292338872736686 1457.866762343278 131 131 131
-43.20166525994719 -61.411720056927045 1452.0508485207451 158 162 161
-9.237074259092648 -48.10389161098335 1466.8572448361315 87 77 64
-28.288809420329684 -49.10015036686195 1448.206985613443 52 51 28
68.58028847825858 11.925775639794342 1457.279615052589 119 117 117
50.29440825816108 7.857273956122446 1443.957666473318 232 227 215
46.223089890589456 0.9027019828105974 1450.7245452150535 30 27 27
-39.21349470731227 -62.080076023821185 1462.951686414 176 176 176
-23.147324039415242 -56.56728098545265 1465.3348733125135 200 198 194
-39.704254846424284 -58.02300156509262 1456.2764930100689 224 226 225
-26.86063613808361 -48.70121173839171 1449.4345796620903 82 64 34
-6.215790369500231 -50.923730246280286 1477.087843446091 47 49 48
20.26922890710735 -13.466413675475286 1444.4136821554991 228 226 222
-11.556640538696199 -41.295769617850745 1454.0923435221457 174 147 108
-10.032225994560878 -48.12719654012805 1465.4908052707815 90 90 51
-52.831924493162894 -74.35264274536283 1470.4502444041423 97 94 73
-41.300649005452975 -56.02139700261376 1444.4896990355146 37 32 27
-31.038997244269 -53.835011334301896 1452.2022839253368 200 201 196
-15.51230277703049 -60.109513640372356 1478.4039656140499 69 67 67
37.86833057662981 -5.706411639855597 1464.568157523033 137 144 150
74.40111727178333 3.7371469469970067 1476.9573781907752 235 236 240
-40.499772388211795 -59.98750998167351 1452.7997648748742 73 59 51
-43.19769805890074 -58.22158745001092 1446.3815873436004 99 98 83
-26.079656719098992 -48.55414568963715 1449.8874122653995 161 138 107
-20.37989514145566 -55.63961904507751 1465.5148318590775 212 207 203
-9.230380542131916 -47.23367742169063 1469.0918606991775 29 24 21
-26.14642438408231 -48.568629875667725 1456.7151710132973 62 72 81
-39.712377317947364 -55.84127258639793 1446.2292381741408 186 186 181
-29.31875318020768 -50.04637327648185 1455.140570862273 151 158 166
-52.19859893206298 -55.98266908851587 1449.5419194476633 99 111 97
-40.921082181247634 -77.1884825843183 1477.604634058745 51 47 46
45.389983292210935 0.7595346615808344 1450.0553569574918 67 63 59
-9.608997573134864 -33.74990171606663 1443.7593081174211 78 75 75
-28.72196430105804 -57.780980927214365 1462.405810794174 125 125 125
-45.308092096432176 -63.59404798354972 1453.3998986063925 23 19 17
42.424951656898834 -2.8091285916881 1465.4671530728333 146 161 166
-44.917064973312485 -59.55075405137622 1446.7027331866955 110 105 87
-36.794743272394676 -53.861540467404566 1446.3305346751092 79 74 65
90.37687941505084 12.646078145684596 1480.408457274794 148 148 145
13.336313002141491 -24.7787350393665 1455.0249293079373 145 144 142
37.02454583622976 -15.267085996215807 1466.4492709419935 116 110 90
32.53159395657149 -8.784621744104532 1459.016947259014 147 161 164
49.47488360875823 3.2500692093316146 1459.2743445381518 215 217 216
-27.21816413162038 -58.29500820428821 1463.8119437905295 176 173 168
39.56363217582639 -1.7110499027675143 1460.5750654089077 168 178 180
-46.024958893595795 -84.74898413817388 1483.0830669618354 43 35 37
-20.640593228495522 -43.69434135262228 1448.15996661496 89 78 50
63.05210755241106 -4.857554044872105 1476.7656219137773 148 146 146
-30.14311392817735 -48.0722688811284 1444.4046767442128 168 168 164
52.583311732109 4.664588995680317 1452.459825233521 72 73 67
-32.24586748676891 -58.157265325100475 1463.5253578490956 212 220 223
-22.40771874397682 -48.28639624584984 1454.762739009056 142 143 145
40.86060154405933 -1.4221269025704864 1461.1938890750241 171 185 187
15.117534002852178 -20.47989685244977 1449.970449790721 192 177 147
-9.06389797017964 -39.0363997278434 1460.6711569375652 49 45 45
-32.728794414592066 -53.65239261138751 1450.4397941081425 47 34 34
-25.81827182956711 -61.04068263876304 1469.4211885504685 185 185 185
22.890716137389166 -21.1055389125872 1459.931744604451 156 155 150
62.436760594099425 15.432561172300643 1446.1444427425026 200 200 191
-10.926786074682848 -57.956376943889786 1479.4208212313756 84 73 72
22.834314385532487 -28.558263467026627 1469.9144799580026 28 34 16
-39.97010621737554 -79.9668718902891 1483.3716265614926 128 124 123
-27.537292969465927 -61.980767738582415 1468.6734686215968 127 127 127
-29.541113281202836 -47.55761619237808 1444.4090572600674 192 189 184
-1.9835083204292199 -30.48176817279891 1460.69480410185 146 146 146
28.611788207440707 -16.449547755591865 1458.1780087909362 93 71 58
9.063583070483359 -23.46428343020287 1448.0100420611907 103 99 60
-40.61035665040813 -57.02124688299836 1447.4657496703544 53 56 37
54.93424705528574 3.7681207439093294 1462.6953500075035 49 44 44
-47.99584029563543 -79.38417365815292 1473.1960501845847 212 202 199
-15.623321519764733 -60.12504070650745 1478.02918983775 141 139 138
-34.584272310457024 -53.11411510954739 1447.5061336419703 55 50 47
-52.5394403881145 -74.56840134560326 1474.05748441684 57 50 47
-39.869538740021255 -60.55889716023117 1460.0660741813401 141 140 138
-45.12768664265 -59.56177631145685 1446.4456592798863 86 91 62
-37.928291861196136 -73.92942233721149 1476.1536489664288 84 72 69
-40.93455445697195 -80.811264588485 1483.0659034286223 118 105 105
-21.106556882768952 -59.82004774800343 1472.3593310944568 210 210 207
-42.346963469236435 -61.978939228636726 1454.0256680225527 17 15 16
14.958417456825789 -19.253921239962914 1461.3945499768095 163 177 188
2.0497257159177686 -41.58817809651941 1471.6903705084055 79 73 65
-5.070755221356897 -51.39894817765901 1478.4249901814685 23 19 18
-7.44344743006993 -49.77879832091581 1471.03829949009 161 160 157
-23.20954976641797 -56.46902519324508 1465.4858666107984 202 201 196
-8.268302785473713 -56.816864365918946 1480.0590211224408 55 50 46
-16.32293719218958 -41.491954988002924 1449.2059826780574 87 70 50
-50.230779556633095 -68.31287159539171 1461.1148491358679 169 161 159
-30.409283522881495 -65.88860523752098 1471.7530024839573 44 39 38
45.15829834105169 -2.7314872687195604 1454.9922873273451 72 68 60
-26.535967945851677 -47.35434562329755 1447.34379948496 68 57 29
-41.44867812754448 -56.35467732782864 1445.2116265346756 104 100 97
33.83532861274664 -7.794136023479021 1458.461228529689 71 74 89
37.11789057757929 -6.296678685326628 1464.9934583010404 94 98 110
51.319396248192724 -9.109529594010112 1469.3425952649989 114 118 120
-21.69994278762361 -47.38940681055177 1452.9401951020645 139 137 136
49.994532386046686 3.7832856731961146 1450.4289961035522 155 142 109
21.862780177970908 -18.4847153915933 1455.832495335455 76 79 85
-2.036200321229212 -34.11307777290709 1452.9589679612284 160 162 161
16.950972387425388 -34.761284687462286 1473.1791303892267 149 144 141
-9.112193862133463 -42.56304515693749 1465.670338044121 182 178 175
32.12688853737908 -9.192593978827333 1459.9067508594635 38 48 57
-10.192146833237501 -55.65509885956492 1476.8538414317852 189 182 164
-35.12051262564897 -64.55188838802087 1470.0865925220285 253 254 255
-32.63659379517354 -50.302088648526514 1445.050031286638 197 194 187
-24.774001256327885 -46.57085327847109 1448.132156017278 201 198 193
-19.813896697098155 -54.5608238545191 1465.6018094861238 78 81 64
-40.20016503881649 -57.1276357855174 1448.0800084554232 35 35 24
-27.92129953839497 -58.88123187026814 1463.8991057693904 28 22 19
-9.473464652208303 -42.19766799922802 1464.5954660115242 151 150 146
-25.932474125544104 -46.51172903209713 1446.4725103109324 158 142 124
-8.641961293277069 -41.07111499789009 1465.197337032255 203 203 203
-36.8994688186194 -77.62173361200674 1482.2453014622888 137 127 126
20.731026920087338 -13.220617484210486 1444.5215442798092 112 111 46
-27.118990218024752 -62.52394706133655 1469.803726522472 129 127 128
-25.274156183227337 -44.540870990608575 1443.8635313878804 70 70 70
-41.452849888207005 -55.72253416447772 1444.0982982113335 160 148 125
14.68564624191881 -32.3107612026848 1467.3575385886097 70 62 56
-33.17732807424701 -54.02281372032626 1456.54589541335 218 214 211
-7.908576208166138 -49.815991331666055 1470.4542706954398 80 79 74
2.725460827061824 -28.560285004473354 1449.28329857762 165 161 149
-41.452849888207005 -55.72253416447772 1444.0982982113335 160 148 125
-24.36425067696923 -59.76662335548211 1474.7824118981207 72 70 73
-39.222760317240876 -59.20889132954323 1452.9014090255278 42 33 25
37.68908010949221 -2.7682835872956475 1446.9410589597696 106 85 55
37.28434455489269 -6.242306021659561 1465.2652793694435 155 169 170
-19.540811251357855 -46.3255467998235 1461.6780442896734 45 49 58
42.08804387959887 -1.483508506016436 1461.9139652472463 167 179 181
42.93493081713329 -1.6651477598376172 1452.4146727406478 33 45 44
66.59751840089115 9.666416638521994 1459.071085221825 97 94 75
-23.61921753667907 -61.8560125773987 1476.3373262829314 155 167 163
-8.864333971168529 -40.624767866227494 1464.1299410497186 111 107 104
-44.697853370655366 -62.773034691107675 1452.8185691171802 134 135 137
-8.985891257114382 -50.03576618491831 1469.4660303099415 211 213 207
-26.693020978751694 -47.00188876053577 1446.3554098851064 133 118 92
-22.071752090563283 -59.805533938096 1471.1624582843926 175 176 177
75.47231306421163 4.728306165218718 1477.4654589962677 223 227 230
-32.96549506715943 -62.93655811887289 1469.6850050607327 179 180 180
-42.35421443621606 -59.98018657198682 1456.7940158179367 114 111 112
-7.9694804706939015 -49.07044779044312 1469.6363357335695 173 174 173
-15.226795471108261 -39.39892140639195 1446.8314438112827 56 53 15
-40.056168538335214 -58.852325309257985 1451.3035013311428 46 40 29
-34.97172127295172 -51.71614771270275 1444.4525865467274 27 22 22
30.046679101013666 -10.587884227054674 1460.0066895482594 136 147 155
-22.056636516191464 -47.94362381755124 1454.248925320097 16 17 19
-40.936879158878455 -60.244099414788884 1458.412639096292 18 18 16
-47.06514969473871 -80.88756462178806 1476.4790548423946 93 84 80
35.30842644805431 -7.079655657221118 1461.9950618060598 127 137 145
-9.890104657157806 -39.74440901932419 1460.0656182104963 153 153 153
-0.29036897663636213 -31.045660002534643 1450.1443727687724 74 61 53
15.763554306120783 -33.2917550454221 1470.096747902408 205 202 197
-37.55425624375233 -77.05719358054118 1480.5944383379908 56 47 42
91.55317119095515 13.510486820269364 1481.0720675750647 141 140 135
-47.99584029563543 -79.38417365815292 1473.1960501845847 212 202 199
-27.64597416184359 -49.57090282132947 1456.876638740787 48 53 59
-41.887058805156094 -61.687384791496626 1454.0305512381547 18 14 15
31.374357544895428 -9.67882824775837 1459.7272035892697 123 133 141
-44.52755437403679 -58.4795239591815 1445.29164961153 112 109 105
-44.46838554995753 -64.87172473555727 1464.1279834839745 168 173 181
14.342172359770041 -20.0282214874339 1461.438266598612 160 177 187
6.169435031836641 -33.065075799916436 1460.2114298963136 135 136 137
0.6166812745438917 -29.516583902944017 1457.9923963156307 93 95 94
81.14912994650082 18.932857499503314 1460.6937955067665 45 49 33
-16.074362910600275 -58.68783585674584 1475.5751712717656 54 47 39
-39.749247164060364 -57.35467030408508 1448.9119525815536 63 60 41
-46.75001802014619 -64.05278887906196 1460.3938155195788 172 147 150
-49.176567685964876 -64.15390330984421 1457.998369157081 134 125 126
-40.60361654436872 -57.03469039192275 1447.4588558240532 53 56 37
0.13687044884099497 -29.709304179789587 1458.3339038731763 164 165 167
-44.08660800972107 -57.81461740664223 1444.4535389537573 61 57 54
-23.43131014384547 -62.09577289081718 1477.067710705069 148 160 154
-35.92384633123162 -55.552719354448286 1456.199640400576 216 216 214
-52.49527038271815 -56.349118911153646 1448.4261181587942 87 95 91
-41.547615530406176 -61.86497693327735 1454.7841346109956 35 25 23
-8.875242061497426 -50.2495575986074 1469.7741965115122 104 98 61
80.50563394777795 15.19867480959941 1468.1969135961333 29 31 38
-30.323697199020323 -66.5215980817887 1472.8376489085865 140 141 142
-38.04191642777025 -76.85220798797063 1479.9528382961348 189 184 184
3.312210114086331 -41.288815408816035 1469.134384756899 195 175 147
-27.666933347811607 -63.94136654135525 1471.462158928266 147 144 149
-27.64597416184359 -49.57090282132947 1456.876638740787 48 53 59
-47.37402667158635 -60.58493225396484 1445.2290233986685 83 72 67
-20.187389182512103 -44.13750701246 1449.4220325812116 142 127 106
-15.7139865126561 -59.15206208945507 1476.4485833077838 129 127 128
-42.17731135295685 -57.9254764809832 1447.5108285463173 108 92 69
-44.42336018011575 -59.2025710968864 1446.6554740647048 60 62 41
-6.815016002089619 -50.7156863505113 1472.3794356647065 53 49 46
62.19374986699005 6.196864055694308 1459.7355679940717 143 139 127
-7.696704938113847 -35.160719508878465 1457.8060039949141 144 145 147
54.96934781431351 6.971702655611132 1452.7722755362836 97 100 107
-27.84662403677208 -50.41929954728832 1459.5860037441548 78 87 93
2.3928836836105996 -28.800614341990126 1449.2269786067634 86 85 57
26.52007349284797 -12.996141736593945 1459.9718539504202 50 56 63
35.01598597977008 -7.296126697095004 1463.108149270259 27 34 42
-45.22091724434132 -64.5842447357269 1462.6322809880485 208 213 216
66.80150668205034 10.148867508051085 1458.4070683608063 46 57 18
15.524861473858243 -17.90912575738773 1446.3660446220929 133 129 110
-40.52545552207077 -59.298383484728966 1451.4837811303237 163 160 158
-26.896221746967164 -47.07506034362673 1446.236041757818 82 73 57
-27.188295690855238 -48.76343454520733 1448.9655558572285 160 141 111
-34.07052560636856 -52.12658708307674 1446.5326962272377 46 36 34
-4.901994348505972 -32.035059330886014 1446.3662992308543 107 96 61
-40.939244538397595 -58.76794515981473 1450.1729021805381 195 177 156
0.4499882579774426 -29.856085552846768 1448.9512018912365 215 201 175
-38.152015028896066 -64.09521900991919 1467.2769826383249 93 93 95
35.30483908538932 -6.681603649032504 1457.6762063450042 160 170 175
8.69066025592821 -21.747835431271554 1444.3055944632997 241 236 227
56.10067977842052 6.553699922865804 1454.7164816039776 50 51 51
-49.033307511038856 -80.33082459739356 1473.769471286989 36 36 26
-39.972350955314326 -55.47259873962615 1445.3438283816708 89 84 80
54.767224514929424 6.866464707094249 1452.7294177443262 71 67 66
64.170390679553 8.388430118312796 1458.4272348685133 100 91 63
-34.60993493356194 -70.64584389362378 1474.5679932272715 90 77 60
-41.66051999448233 -61.005813649194195 1459.0982767811624 79 76 77
16.472431327637924 -16.595398959990074 1445.2245983369583 144 134 122
-38.00919164227301 -73.49989928726723 1475.4083477639888 213 208 204
-6.496497917204441 -50.53062751307077 1475.652021465802 36 20 13
-32.866057395968824 -54.538553072314535 1457.6349342510673 220 220 221
11.561878620967951 -22.427654980988997 1461.9230016191575 43 53 63
-36.58250095553588 -53.08486291498147 1445.3185451843167 75 72 55
30.70385667486361 -10.124643502122582 1460.007734958609 138 151 158
-2.6308967707918502 -30.813941857382513 1461.0737137929214 138 138 138
55.42324460870606 11.39784055307783 1444.1582467200988 72 76 75
-24.800599351978082 -59.9002514927255 1474.9851248093314 70 68 69
-40.304740579260546 -58.87161536996993 1450.9374401105813 154 137 109
-27.72710288320568 -49.81381121745902 1450.0037247038194 47 44 27
11.809678766364446 -22.568397142889804 1456.6462681713667 146 151 157
50.56530247307277 3.1915304390939863 1451.9954299658757 170 168 162
31.571402482907526 -9.319301999896263 1458.1595481859986 143 155 157
-14.675874040189003 -43.81974663278038 1454.5389149138023 39 38 34
-25.653992295275714 -48.069298291368916 1454.863673000228 51 47 47
65.229174385907 -3.232089021121086 1476.262855271518 65 56 55
0.9050396674192455 -29.004755606574324 1448.0243831422665 70 73 47
-47.81043699797769 -61.57671887857885 1446.900444786292 110 99 76
48.64687504498627 2.039919592826356 1452.5083497406408 193 190 184
-41.40211771912219 -57.884003866606285 1448.0005197483629 47 40 26
-21.20797088920452 -43.591573258737114 1447.0520399809245 120 105 84
-20.640593228495522 -43.69434135262228 1448.15996661496 89 78 50
-32.51349463161483 -54.02666295608219 1451.668104570821 70 58 53
-41.8673307215763 -56.31511257079257 1444.3740625281898 45 37 35
-7.311490602422879 -37.720591162369075 1461.1185040342245 121 121 121
-27.09556292151495 -49.52256992145478 1450.4317514307832 115 97 77
35.90190914772752 -4.879385884475212 1448.344604302993 181 159 127
10.809225284147884 -25.885778839214968 1454.1051632547837 100 91 82
-46.82563624683016 -80.81584329925144 1478.05185240307 218 214 211
19.39845394046081 -15.21785336420788 1446.2890310185796 205 202 194
-54.46288116328168 -78.39282119793243 1465.3505140567975 29 25 24
-32.46494346849859 -54.087975369288614 1451.8403848564624 49 37 29
-44.972606885586366 -62.206198398823226 1455.4471809661184 30 39 38
-27.839313059396734 -63.18688621858358 1470.106723459983 124 124 124
75.56159361391595 23.78069521655144 1447.194387764921 207 205 199
-32.58513841234923 -74.83874028296499 1482.0824529536071 161 157 154
-9.197187751611985 -47.07082998431858 1468.8881183989452 197 203 199
-46.32672950531216 -60.929827088207375 1455.6581192346446 180 182 186
36.2874809824242 -5.784726195056663 1456.2798056757351 115 124 133
60.95734709003272 15.112895362611924 1444.9290097634785 122 121 117
-21.145063299208047 -44.947689238140654 1449.5077708020171 47 49 27
-27.264025091803173 -59.0052546061745 1464.99038768796 193 192 188
25.94481634129396 -27.08316640739739 1470.917236164592 26 31 13
-24.14228500556844 -62.464288505845765 1476.7791325354845 133 145 138
-22.11009775088944 -42.50102235789487 1443.8978573914644 173 172 167
-37.717042103953105 -64.73643332753623 1468.7998734998723 90 88 89
-40.90784223626293 -78.85194613321529 1479.7997711014923 70 64 64
-9.84862487262716 -47.81827430964377 1465.4788641319583 175 168 156
-42.04721452324582 -60.40336216807229 1457.7206985983362 106 100 100
-6.879378392904871 -33.76654423568806 1447.058270467385 218 199 164
34.9461567501075 -6.835248168834519 1457.0593147519808 47 56 65
-2.3169691634709033 -30.531628948182565 1461.253937369127 98 100 97
-39.30624952567433 -55.59272746778801 1446.342837323583 84 77 69
-38.45096491169336 -75.9880226333631 1478.2523841558218 76 69 53
-27.346217534633325 -47.772739105377546 1447.176290376766 77 70 36
36.31894399777443 -6.390991178375737 1460.4444253921147 55 64 73
-6.5863600035052885 -50.814380883867706 1473.0305101469392 154 153 151
-8.412811470830878 -40.929120179508175 1464.6512381847454 90 90 90
34.924459481363144 -7.04359121097369 1458.2686756393953 150 161 164
-30.505790416455962 -70.20610414330409 1477.9270883195213 34 32 31
-39.39569597798215 -54.124046655156796 1443.9991244939663 41 38 34
-25.897583386316168 -47.571437734631985 1448.7531893370385 161 141 114
87.7695398245216 14.932834397697793 1474.191788051221 48 48 34
-38.501561439742204 -55.04127627547105 1446.3637796687867 60 52 45
-23.84585795068871 -46.22413969462013 1448.921063270824 90 79 51
-29.959375032304333 -52.28901174091956 1458.2048915834464 52 56 65
-42.63905744724355 -59.622341011425846 1456.1615266167194 110 104 104
-18.58428875639693 -45.34080407870971 1453.0014850362036 38 41 22
-41.13521475897479 -55.93330121114454 1444.4617527393978 31 22 22
-46.53743334171913 -76.21228747427823 1472.0153518909983 30 25 22
-32.25645517658826 -50.00106862002087 1445.0237684799201 181 181 179
-23.01158250400552 -45.43540618358044 1448.2856405735822 94 87 58
-41.529053529110286 -57.64001355946744 1447.252760475806 72 73 51
56.148798157454145 9.84310285462238 1447.7850404135959 136 126 105
41.742748549456714 -3.534707870052005 1466.471424103036 135 143 147
-36.110213588624816 -58.04319105634426 1459.819083650009 197 193 187
-28.12775406294533 -49.29114214419458 1448.5464287144223 102 90 44
-33.936440607054294 -70.78131981371293 1475.4330225738297 73 66 48
56.88045344346602 7.484941826014782 1452.090493135083 29 32 33
-40.92045983860413 -58.94495002608887 1450.7745545959035 86 66 55
-0.7931032730821606 -30.14162169974754 1459.0896422727787 141 141 141
64.9551682445584 3.8394811004455556 1467.6529231926957 236 239 244
-28.11705017491131 -48.17484346254636 1446.8595734258383 75 68 49
-23.88054315457951 -56.867270418189314 1465.5026294388447 195 192 188
8.106661123413062 -27.51936980165755 1454.114901523756 175 194 208
30.339102278247633 -10.155671453049017 1458.021186939498 148 162 164
-4.189136902730265 -33.35062344252463 1455.953109339569 78 73 71
-36.989778695068516 -53.30160189659118 1445.2442952164588 190 191 186
-39.715421844111475 -59.59873031780967 1452.9025039146345 57 50 40
-7.872166546372038 -50.01541957967311 1470.487695551624 106 107 102
42.77644474080373 -2.6052701305345276 1465.6127175133886 155 169 172
-34.038421564632124 -51.906898368918895 1446.4308996478658 103 91 85
-16.971166506153306 -42.86892221093284 1450.8080720854616 62 54 38
36.42717377828191 -4.3127022476476515 1448.0085835733153 114 91 58
-39.60058329704307 -55.169895719696875 1445.3053264590171 82 73 68
-21.852594879445835 -48.902351563433996 1454.6994306604438 104 108 110
-25.458153755833656 -47.74159700845253 1449.3847192598087 112 97 67
65.64408781849318 -4.4004050911154025 1478.3469386411152 114 99 99
-34.84567535918799 -51.629745894693244 1444.462447677059 37 27 25
42.358053608137254 -2.697749922365655 1464.9018205795924 131 139 143
34.41663782903515 -7.493023011418521 1458.9884293471061 154 165 169
-36.44788374014526 -72.76749297844954 1476.3170734630214 27 22 22
-39.20799903295332 -76.74958962602062 1478.7888842670602 173 168 170
52.810599603492435 -12.147259584767419 1477.0172682967839 11 11 11
48.717453707301416 1.745658852828834 1452.1824839931326 29 28 26
8.05562752801668 -23.09687787006755 1446.1813301386082 155 142 125
62.60966502967674 9.2428309714111 1455.5269126484857 129 113 84
0.0025116530116196514 -29.183428208983443 1447.311765975524 75 74 46
-25.34135479820684 -48.573656207975695 1461.4030372575098 186 177 170
62.309241550387604 9.051673603150943 1455.5885393416038 95 84 57
80.92944426220988 19.169606986792772 1460.239831289133 168 160 149
-38.4558010335531 -76.28595565538718 1478.6746150194617 206 200 200
-45.194033987707606 -64.611591303445 1462.7681100953473 205 210 215
-44.00661033436781 -58.79766392683881 1446.4211507865305 125 119 102
-32.762080849586326 -62.48728263274258 1470.0018632549707 218 224 225
-7.467557177749225 -33.86216843791227 1446.4125052049494 88 80 59
-48.91334187123434 -61.15518773122738 1455.0150284930714 22 20 19
31.83124019765846 -9.182129117217963 1458.4398746948978 136 147 150
89.80952100881214 17.00882904290212 1476.6643666223035 30 17 17
-43.12368371288193 -61.353817045900215 1452.0537498762862 152 154 156
-27.393572216680695 -48.51418862108342 1448.416413800158 109 94 62
-7.046171790047589 -50.324611392845334 1472.138350610298 165 165 164
-29.853004416216073 -54.693397818963945 1458.342164336014 40 41 43
9.590047410152442 -20.993956488948335 1444.4646111115092 91 74 61
20.553789544752963 -14.330142091486834 1446.1363024354318 145 127 109
34.026296478710044 -7.697139548929392 1458.3418204954908 51 58 66
-8.189157088473388 -53.78799817048255 1476.5823486497998 122 107 98
-48.54793704417014 -78.75585294300633 1472.2025500487862 214 208 208
15.46435150216245 -31.655803686552815 1467.3388308158312 15 16 11
54.34091036087501 10.558144466050253 1444.1387688435366 52 54 53
-15.236052503577584 -59.74196529307441 1477.766880508426 159 158 156
15.55518217191941 -19.594778286175696 1448.9248152891246 217 216 211
-52.0881325610874 -74.94737471403997 1474.5937416087136 60 58 56
63.40350614664103 12.206982381819445 1451.6495707362244 128 125 119
-43.242773252267405 -57.553246004002666 1445.29422889594 94 94 86
-30.966010997742245 -69.77718531302655 1476.762827902567 132 130 132
58.39172141526604 12.1420039126665 1446.7949230454253 22 34 14
-7.149606506766214 -34.00357667109079 1460.6313395295228 150 151 152
-24.484500972846636 -45.62957715211358 1446.6006972588584 197 192 189
35.639038749506625 -6.765529508747071 1459.400478845955 153 165 167
-29.855204807181806 -63.9317549678724 1469.7320580617427 106 106 106
-48.87709252156623 -80.13897165629656 1473.8363591728184 140 133 127
-40.21836202289189 -76.31207903849604 1476.448073583058 162 161 158
-47.80629023177257 -65.15730048717354 1460.0998807916294 222 223 227
-36.81924592039494 -53.722549897722764 1446.0387468083313 172 172 168
11.245009915518157 -20.12195914882031 1445.020399608494 138 142 120
-45.83374979040795 -63.98682568118309 1463.444809027264 245 249 250
-44.13916812177823 -57.79535676314185 1444.7309543652307 204 205 200
-8.07720025794998 -34.53009764111351 1460.8870034998524 155 157 156
67.02545008553155 -0.6696455550564292 1474.5597609124131 66 56 54
-27.127623702270963 -48.023280881639224 1448.0320822693163 42 41 11
35.56307787895765 -6.925526253892934 1461.5493685387323 112 124 130
-26.994670331920393 -48.27243326911098 1448.535323547459 82 73 40
5.689210881117218 -45.68219871718428 1477.4751193177444 152 141 118
-44.99070249678437 -59.878784662099086 1447.2712558403198 55 59 36
3.0291440121481488 -41.678166993330606 1469.366961692168 70 59 43
-28.831581163170462 -47.236098065574076 1444.471451017917 60 49 48
-33.58919717305282 -65.44661043483947 1472.4787222297064 65 58 48
81.01483394545963 19.28904549622283 1460.0241049638314 74 76 52
-44.49192651990315 -62.08703223348961 1451.9703674530065 45 41 30
-7.007031031229491 -50.30723862765818 1472.6071639674187 126 126 131
41.946898410224534 -0.34304625484234846 1459.693512957845 146 154 157
-16.466291329625953 -52.12864130593221 1465.2204360821688 51 55 32
27.468586356863824 -22.442402436078655 1465.5543386038719 167 169 124
-33.812306335209065 -51.73830839859517 1446.2669188456298 160 166 166
36.31104744379418 -6.2350060959129605 1459.108340786757 150 161 163
37.52941981642821 -5.32544204440398 1458.425050597889 73 82 90
52.68962878039189 8.950703421363977 1445.3272495925837 171 164 154
-23.15889842519797 -46.78788276668082 1450.4867715409707 93 78 55
-35.26209342401653 -75.12763986459731 1479.89825766224 126 104 90
-44.760415109998334 -61.15774591840693 1453.4386533173754 60 52 50
-33.092926130662484 -75.19056750662816 1482.0806936554395 153 144 144
-50.43757440750962 -57.33182955389647 1453.9557782643587 30 35 25
22.84151815897646 -19.794346657241093 1458.3380057237011 174 184 186
-20.06775934265962 -41.40458235411396 1444.4099581743124 24 18 18
-9.418786681071856 -54.82134443691603 1477.1087703848427 110 101 96
-18.262385608728273 -43.69755006635298 1450.660094986607 161 154 107
41.48073750709638 -2.2954821286565603 1456.644884934718 91 101 109
66.79674744353497 14.466327661778994 1451.7464240553022 60 58 62
10.770028905833746 -23.413366734768175 1450.0113851214649 202 193 176
36.99994264775966 -5.907426439805945 1462.8421353752562 136 147 152
-39.77043770252172 -54.46500201424751 1444.1522360209929 157 161 160
42.930363467231054 -2.3125554151732715 1464.89474218665 155 169 172
50.69335004306252 2.269800939202946 1454.5288966564854 30 26 25
-40.41047595471689 -59.46256631556377 1451.8368386850811 144 140 138
80.20703061227921 14.10444191618496 1469.9146640765225 178 188 195
38.45124799024756 -12.32261239019293 1462.7331447042798 201 205 210
-20.312448477133046 -64.89222137958394 1482.3464161487036 24 22 25
19.123467610401544 -16.922658651420473 1449.9121069003552 169 170 165
-46.87320078010364 -59.34412142243912 1444.1933392840908 175 177 175
68.46471901462687 10.788662216765655 1459.1029151983123 114 111 104
-22.181012009282238 -60.72849227787942 1476.5722943210806 30 45 40
-8.241980241058236 -40.806471284346046 1464.0642983953585 177 174 170
-28.5385670944821 -48.70647122546816 1447.196224726745 63 60 37
-45.52148449065798 -58.7425538703008 1444.169684474901 189 193 189
2.7191243890768484 -27.38021427969154 1447.3705573466025 110 97 84
-8.774152924479855 -39.42993357695149 1454.0234720401193 82 75 50
-27.409413635212275 -48.64694905047511 1448.6148364813587 159 143 111
-40.47656527610894 -60.261233961051744 1459.0881027686617 205 212 218
-38.63988237612666 -76.26624293536909 1478.5205711150727 139 131 129
-28.76795065881603 -56.6095184853764 1460.0479213391557 58 55 55
-23.56848768219324 -60.533422954951384 1470.928098105775 157 161 164
88.37379002931196 19.872500900267855 1472.1965032041633 154 154 152
-7.3676312458927615 -52.86894952723786 1476.8175480336365 99 95 92
36.47620093117143 -6.212921614797307 1459.6796167530185 135 145 149
-20.83417192839611 -61.327739062905 1479.4994792980065 118 86 89
-24.47142479441007 -57.513001955778705 1465.7938182351406 151 154 154
67.58572997824851 -1.5780163473699347 1476.0075749871157 63 59 56
-50.31617122049314 -57.87957492451229 1449.536852149413 89 98 97
-3.830606270212152 -31.68597592694313 1460.9427251926445 194 196 190
78.7675110305313 23.680804171133868 1451.8032781890251 184 168 134
-48.71144390859297 -61.9569543375121 1446.5421076766756 161 169 171
46.33103052320766 0.881652834023614 1450.8532332911113 225 221 210
-51.514377660235056 -56.27019795481087 1453.2523835093336 131 133 127
-48.383302449202525 -78.05807207168053 1470.8506641040815 43 43 42
-36.03696036941418 -51.305608027696806 1445.4593182507824 197 214 222
-41.314684370299815 -57.013887189463475 1446.3323065761845 86 80 69
50.03696038222329 3.4757391936097317 1458.8016178164019 198 197 195
-0.7721010356955443 -30.527433757209167 1457.73747301818 152 152 152
-42.27929527124497 -59.58545395777048 1456.1684002153374 230 235 241
-24.91535271266663 -44.37452706026789 1443.9727920396306 207 203 198
-8.356986400849008 -35.181621469014786 1459.3054137006268 108 108 108
-19.378311991260333 -47.211041125476875 1462.5845158037016 28 29 33
37.69868179844685 -12.980317311145047 1464.9893337939618 65 63 61
31.646818339110414 -9.203170626901333 1457.7148026276382 147 158 159
51.751409557860235 8.666763793983456 1444.1354699197327 56 55 53
-28.122497289996193 -49.51186183352273 1448.9965671581126 195 188 178
-31.171109109442796 -48.93126132565083 1444.7068676600832 192 191 187
-29.384760947888914 -50.13044785335651 1455.1992948923041 76 85 94
-26.63063604896399 -49.11144618911628 1449.9239259385404 163 149 110
58.9950557586511 11.625028824860626 1448.1261414520966 48 40 37
-48.77277777375737 -78.42228566239586 1471.247673683006 199 194 194
-22.2982267722667 -56.132592339153476 1465.4457533504835 210 203 197
-17.180150382588174 -43.29762918230554 1459.725861723906 113 123 133
-6.909616720902528 -35.701535864729365 1450.3626606386797 159 142 108
-6.865011417924617 -33.87437515268629 1460.4293866751377 91 91 93
-41.09530926657565 -77.17335523980465 1477.47417407211 165 164 166
57.56929154841143 7.718663561446966 1454.8006081134142 180 179 174
-18.14209081712933 -62.354468542002195 1478.8943821396012 124 103 85
-48.525734671214494 -78.3108398944199 1471.2026751984783 208 194 189
-42.058537848999954 -56.78280430664848 1445.2318408923243 82 77 73
2.410597191374063 -41.63409033113395 1468.621771440097 174 155 119
-40.10000487442415 -77.86490028079189 1479.8821371096576 66 56 57
-44.760415109998334 -61.15774591840693 1453.4386533173754 60 52 50
45.26413143402629 0.5719313887753612 1450.2196731238275 227 224 217
34.08390091351863 -7.57948956587364 1458.2679197465789 116 121 134
-35.19443370718039 -51.27912541476777 1443.9174273548463 46 41 41
-41.40766071014501 -59.15795766350351 1456.2583560045161 206 205 201
37.830846989328386 -4.931313758293748 1457.41448942913 183 216 230
-46.7990941739119 -63.982138807997664 1460.207024536538 18 18 20
-6.990951684465916 -52.08376741459707 1474.3420044425006 116 98 96
13.29976169805198 -24.74697374691617 1454.892206655168 142 140 136
62.89920861471046 5.261613102170911 1463.41242697076 118 127 132
-33.13773950616014 -49.84350125578534 1443.879203646508 160 161 156
-22.408844695254015 -57.05678972762794 1466.8344883020034 78 85 29
-34.1568018460519 -70.29124023853167 1474.6905990779258 77 66 48
-39.95630366219665 -54.56145744823653 1444.1207004236476 153 153 150
-39.11034704186519 -59.70327700217274 1454.7737697143168 32 33 27
-43.17850062250318 -60.73230192278855 1451.174090641299 153 145 134
-40.41023658305417 -58.77702412280725 1450.7369018289078 94 79 63
-27.085224684405233 -64.05098376730184 1472.2284214343017 121 121 121
-42.371791623078266 -59.289464211343706 1450.0816442000191 195 194 190
-28.323417731757505 -49.94257934301771 1449.4508607554296 196 193 184
7.801903428343087 -21.63107349508615 1443.8227909488642 192 187 183
-6.399783854819144 -34.550319556515596 1456.934724012846 147 149 148
13.345440601388338 -18.37594801603361 1444.5089412407244 127 113 88
-47.644643284803436 -61.57045541557429 1455.492869078417 151 155 158
10.862698663519707 -26.43089761809288 1454.996765501456 38 25 25
-42.927221917993656 -59.63109064099966 1449.3763723289835 121 102 85
35.854691991426 -6.705831899815751 1462.1019586913549 130 141 145
-29.378840118125197 -65.1957257001329 1472.4899870032139 57 45 45
18.744277129142123 -15.401631418080873 1445.8177284353017 166 156 147
-33.20343272480813 -53.56027202655978 1450.4059864563294 105 85 74
-44.07624519866857 -62.104802044814676 1452.2204575979592 25 20 17
41.81244756980426 -1.5742846874708607 1461.9713182766711 166 177 181
-37.77016963406872 -73.57913874267615 1475.697165787764 105 93 68
88.19990917950763 15.276294686867397 1475.251586180533 91 95 94
-30.250100222583438 -53.85154928216734 1454.201410640917 94 93 91
49.414671085123196 1.8600844493263142 1452.7668945628127 115 108 108
-39.326519959066076 -74.69481967033191 1475.734228898763 63 49 44
-34.090538607859195 -54.44553206145909 1456.1430646015683 220 219 220
-46.69148769498757 -81.59877621973187 1477.9565665620978 63 59 55
-14.7172934977478 -57.85496866312756 1476.1567614448368 137 131 132
-26.79042654060498 -47.169934047832996 1446.7003659413913 59 49 27
36.83578231127681 -5.827255530141211 1458.8042118647154 150 164 166
54.712394295723286 5.543436877842395 1452.5438545150594 40 36 35
-23.792541411968593 -48.758526647874845 1453.838773276126 28 28 29
-45.36115757436966 -62.74278785249251 1459.369542676335 89 80 81
-50.23931848280792 -70.58564097095406 1463.034507449258 34 29 31
-2.4191161091987037 -118.78351898772969 1451.9820359371654 15 15 15
50.026029761150596 3.4022391310729394 1459.6322719419804 250 249 250
-28.124420374242224 -49.30085448638831 1455.104054320443 181 191 200
-27.190038628282608 -49.611232388849736 1458.0385396470313 129 138 146
-16.13027060581729 -59.06682748994499 1475.8903503880456 107 93 85
-43.98060476697757 -57.7578986522829 1444.2390049967573 186 189 188
-8.78433185378052 -56.016908608228476 1478.8068263816733 79 65 56
-43.18913798329617 -60.0921846783463 1450.0771852173307 76 54 32
93.62171629599577 16.098740615464767 1479.6419160900846 10 9 8
-11.324942632761863 -57.13281855818441 1478.1336802101948 172 171 169
85.20356808791828 13.36105747213439 1473.6693556235527 50 55 25
65.68052177028406 7.913476589289532 1461.3253666614253 185 186 180
-14.883848113446165 -58.42906206737656 1476.368552480989 133 131 132
-43.19769805890074 -58.22158745001092 1446.3815873436004 99 98 83
66.36913212319428 10.03731135248769 1458.063785708897 158 151 123
-47.48304000447327 -60.9914317678364 1453.7812943371582 53 56 51
-51.477802103061826 -56.20930523143636 1453.198056548777 48 50 39
7.206942192158331 -29.14329105381354 1455.2593761772598 114 87 75
-32.572194923097705 -53.885348479827336 1451.372870819376 59 59 45
-15.015901769328849 -59.66386678750247 1477.9759082627777 62 53 54
35.46131093697578 -6.369320775420746 1456.3877143487402 133 143 148
34.58494319071821 -7.5450413221837955 1462.4185117583852 117 124 129
43.172901295799 -1.814746707052708 1463.4915773455443 123 130 138
-49.4055876893015 -58.26641494741771 1451.7389555007016 78 63 53
14.705374016177393 -30.75625788587016 1465.2720851692184 59 60 40
-17.287465477390754 -43.00366398994159 1458.1350870888623 34 38 46
-45.515138273286695 -82.94260081577707 1481.0412020948736 135 124 118
-2.8346712662429887 -31.989285723825226 1457.505671648358 134 134 134
36.710182352487614 -15.493359549012178 1465.5039503301168 97 96 97
-15.535331583123828 -59.46538020166092 1477.321139652534 36 24 24
-39.18868835213872 -57.3728262540155 1449.64819683553 98 91 83
-34.390106992343895 -55.12495626351021 1451.1600009703893 53 49 46
51.32695427184993 8.619586686486464 1443.8866405635672 224 220 211
-51.80919952243083 -55.31894197301372 1449.049822804117 111 121 115
-44.90448418704652 -59.59589232836241 1446.6833587815436 110 105 87
-27.085224684405233 -64.05098376730184 1472.2284214343017 121 121 121
-20.808669933901935 -55.062561127782494 1465.3493105523874 212 207 203
-42.508500105059554 -59.72045433182082 1456.2207230851302 121 118 116
-47.46765667473629 -80.92307334818477 1475.936524133574 134 112 98
42.56895353025786 -1.7781390565441806 1458.8218090988344 46 55 64
66.97573120788623 14.168425482735804 1452.3583452281641 52 53 55
62.62015303158563 7.2617217772700995 1458.4842107847105 47 45 34
56.983754675627125 7.818662012206944 1451.775060643458 54 52 38
-6.983562316516151 -51.36577607685321 1474.6095776993948 71 65 62
4.815064327849099 -33.219757172985666 1460.9593356996452 178 179 182
74.94365534806302 4.602890536520602 1477.2909848251575 50 53 65
-40.26394169515094 -58.0434468715112 1449.6043887353906 111 105 84
38.13010599076519 -5.432706776785343 1464.2710949481923 152 163 167
-33.08268632014335 -54.2437409772504 1451.2485251693042 28 20 17
-27.189641527477384 -48.822436876715656 1449.1279122374285 149 132 103
51.576834965152 -9.694279570283078 1471.5340818000727 42 39 30
-27.11542357970513 -51.39069151285695 1454.722537868996 53 46 44
-19.35726924702423 -43.86202789031262 1449.8277839209225 111 97 69
-3.282392615846386 -34.9408507481802 1453.4111134519374 118 120 119
-42.14313425331911 -61.43137446347563 1455.1618915045672 132 132 132
-30.3973596470247 -66.426984999211 1472.3681709655102 148 149 153
-34.39006712612654 -69.78822928613397 1473.5766968095459 125 109 94
-3.9487781135276268 -30.85091012455114 1462.25024395032 255 255 255
-46.5142355882593 -60.466538440205284 1445.8587108756217 192 193 188
28.46142961774371 -11.6873345755962 1460.0229216456653 142 154 162
49.4074386850379 3.226146458350496 1456.2107551161212 41 44 49
-48.773228045555456 -76.8846995469111 1469.2579128466648 209 209 205
-27.13276125776766 -47.28658854190541 1446.490173474188 79 77 55
-1.6806547666449816 -28.395800006960066 1443.8666840789765 225 216 207
6.359901149098883 -25.15591313669708 1447.7457366907706 139 136 131
-46.72629910040986 -83.88217900463528 1482.3230814735853 65 59 61
-15.647132363613668 -58.257880308203504 1475.0731236808847 140 138 138
-42.49194313273075 -57.59345604729471 1446.4841771268618 131 121 110
-19.577051764787917 -54.515036159103424 1465.5492720974746 201 197 193
-49.357247077901654 -81.38367424408933 1473.3837321780293 172 159 151
-27.187260403334413 -48.44140027597013 1448.5580610391708 123 113 78
-40.84849205839656 -78.340893002036 1479.278220546696 117 113 112
36.314616578310456 -6.328284417247883 1461.378854638474 106 113 119
-10.128227411883605 -45.02516145400163 1462.259139482599 131 132 134
53.825167625951046 4.3231442344701945 1454.4361308913828 167 155 143
-24.551887756486057 -61.18031094011212 1470.914074241917 158 161 165
-30.88909955025801 -57.28248818477234 1463.8278192474038 222 222 220
-12.100880135951597 -42.71962152751239 1455.4846587589693 129 114 85
19.173499652625377 -15.615687692089724 1446.7614362075133 121 111 105
49.63569945597342 -7.649875666383542 1470.7059065051653 47 37 31
50.91739517068234 6.039832492296676 1448.0816275440322 115 106 77
-15.920241633482329 -59.8208079970256 1477.2509172707275 154 153 152
37.86581941361926 -5.3260877347765385 1461.379347168834 104 114 120
48.4259543716214 1.600392155750164 1452.2737324298114 26 26 28
-28.684890759861712 -56.573360698956755 1462.8318154114784 173 168 163
-43.938971419240076 -57.40540376023085 1444.0372422232306 138 127 116
-32.39723926770272 -54.00719525842104 1452.1238365316156 198 197 193
-44.74103624216832 -62.45254901778501 1452.202989724674 50 46 47
-8.849485312953576 -55.10030492040337 1478.6961075188049 146 132 121
-14.610497450936604 -57.658551031235085 1475.5081832941228 38 34 29
-47.63929175370514 -59.86885837461645 1444.1072571399952 176 178 175
-44.32743157544401 -59.07400485837819 1446.8826158027603 190 183 160
12.072879491948738 -20.437952720127704 1446.5363318085247 50 54 29
-27.02804556245464 -49.11080363372792 1449.8509330232266 91 81 41
-49.78067012637632 -79.89956959338974 1472.874091049747 51 51 30
-34.08101143418705 -55.305554146441175 1458.1408433647102 220 224 225
-28.285670030352904 -49.087616067130476 1448.0024352724456 89 84 42
-51.02521293476305 -66.78163382609674 1458.1611245086126 118 109 110
33.71744911080497 -7.864515696126585 1458.2831420356415 151 165 168
4.11317570364847 -34.57840891587131 1460.2451638889952 37 35 33
-27.15570321117289 -64.37757114689788 1472.6683306121952 82 82 82
5.918633060805259 -23.03127182473304 1443.867208860806 192 191 187
-40.80627462182226 -57.564373075336874 1448.115551185317 41 40 25
-8.07720025794998 -34.53009764111351 1460.8870034998524 155 157 156
-22.425701442863126 -45.36433803415741 1448.8522927401136 117 110 65
-47.609788734263766 -81.0331481832686 1476.1352809492862 122 96 87
-37.09449663430166 -53.48010271338825 1445.289372852484 80 75 63
-27.551102830861304 -47.486404353518985 1446.2893884562088 121 111 84
-38.626175028582026 -55.114486417681526 1446.241352395932 188 189 184
-24.406816298302825 -47.72977157122907 1457.9991930046858 129 137 146
-16.443770370727048 -58.74848723637471 1475.091367577981 180 180 177
11.977516873105294 -38.46072866545845 1474.4420076815768 86 139 139
-7.26149965892429 -34.302150695950296 1459.90056765366 163 165 164
-48.93209830312293 -57.4639544629436 1453.9864949071005 155 155 146
-41.98264022348239 -57.81951298722377 1447.6268287679077 201 183 161
-35.59281540449417 -51.946640054835726 1444.4338221290498 31 27 23
49.145422621772184 5.70666380254628 1446.3348409207765 112 115 85
-40.966307618493424 -55.615197068452154 1444.6879350383492 200 199 194
21.669397998720097 -12.61017890956567 1444.1532739844015 49 34 34
-0.6243359020884081 -30.19412622060992 1448.3672059961937 103 87 61
37.67733149748649 -5.56642511570714 1463.5688760374685 157 168 171
-22.976080826572744 -51.86385672599777 1464.1883052458186 91 92 97
-20.892597417718438 -43.00771616487674 1446.271283859258 102 92 63
-40.90371988829601 -58.74011872893037 1450.343849268395 196 184 167
-13.981382670308625 -36.6297815105803 1443.7344733984678 82 79 74
-44.752654882249445 -62.15400720860999 1455.6361459018626 169 172 178
36.99692340385039 -6.074869540097572 1463.7237691974058 156 167 169
-23.618384501206812 -57.985314264545124 1472.7987530322794 54 36 34
-44.745734982179975 -62.86980599699423 1452.9359197705153 33 29 26
-44.00135042952647 -57.6670640950557 1444.1513218515147 184 187 184
-35.6618640875867 -55.421212749438034 1456.229169506956 219 220 215
-52.84285775432251 -76.77651295066579 1470.6899373638753 31 27 24
5.165829276645684 -23.543018142065282 1443.814581370634 195 196 194
-21.681060582642072 -45.76381561576305 1450.3179040604998 198 186 148
66.44639547882096 14.101290026427355 1452.053388511055 247 246 242
-52.417812778696785 -74.04098934809791 1464.9062504975561 161 163 166
-44.1947739765199 -59.54081008933092 1447.7050338976558 61 57 32
34.617767008743044 -7.302054110585734 1458.5472164251867 158 169 173
-39.688602169645705 -57.52277533407595 1449.316563255993 75 69 53
-43.16262870937795 -78.46986228932343 1474.8431685102871 127 123 121
-35.22670808799183 -72.6578313083473 1476.8800276310428 179 161 147
-47.89124842049198 -79.69437933817183 1473.7139661859876 209 204 201
-25.766061346830067 -46.83055255037892 1447.5797972914545 128 118 88
82.75100119411037 16.409465943153048 1466.2937801531216 90 84 62
-51.02521293476305 -66.78163382609674 1458.1611245086126 118 109 110
2.594562163297055 -28.300092411976063 1448.634252894955 81 74 58
-45.09951291231615 -58.876268019443586 1445.2252501795788 169 168 158
49.998582100560235 2.687158761193984 1452.0351772128981 193 192 188
25.68945942351455 -9.663139332540817 1444.4313259749865 133 135 135
-22.680824521725228 -49.09191174376421 1462.2426784039083 11 13 13
-8.526011297873945 -39.58658064525551 1454.6422609805363 83 73 51
-27.565928928019463 -48.98631326543805 1448.998595623999 138 123 89
-2.8030351986206954 -32.81621396307985 1450.005085405078 80 78 56
-38.426207332855974 -62.593273352457516 1464.382743511012 141 140 138
-45.16784292097022 -59.84099356374406 1446.8696072126866 110 107 92
-48.40593974437015 -58.59742539383537 1450.5244096465954 52 59 54
-43.85347777246354 -60.28900385955879 1449.2464269538082 111 101 75
-45.28986227246781 -64.31604051228396 1454.1707870366938 71 78 86
10.969226331225398 -23.273348734003314 1449.9990014973757 165 156 131
39.62186224461159 -4.993977851283795 1466.5136897728585 152 163 167
13.840779614378732 -24.309725493690944 1455.1683148126135 52 51 54
58.43937628540204 13.535613243798874 1444.3962324800764 106 103 101
-49.017069928580284 -78.58124767133698 1471.101983769253 43 25 20
14.644731898241126 -16.962666734777585 1443.8332117154016 203 198 188
39.61665243681716 -4.9189491367819445 1466.2295339599127 134 139 145
-38.63988237612666 -76.26624293536909 1478.5205711150727 139 131 129
-6.983562316516151 -51.36577607685321 1474.6095776993948 71 65 62
16.210511424315197 -32.616022705729044 1469.5560992506043 195 191 180
-32.6078466509866 -69.43045099709472 1474.8050380001455 137 124 115
-25.500844549146397 -48.308887456462 1450.2793602380405 71 63 36
-35.97726281846822 -55.614625356851704 1456.1913043941383 221 220 217
-28.665460226029634 -48.472267145386915 1446.6073970031416 57 58 44
-23.811424867888647 -48.840884251358084 1453.5895736078478 122 122 124
9.773298188729717 -25.81772975641176 1455.6290815865598 179 192 201
44.892596909969974 -1.4827011332781208 1454.2765048123595 41 36 33
-22.127827576492 -47.51659787021019 1453.453522681372 134 134 136
1.4388051702699325 -29.40722704765962 1449.2975274879022 102 95 68
-10.430451088608736 -56.41064399660562 1477.9620468487492 109 98 92
57.89438016956322 10.014546353519883 1449.405146026661 140 138 108
58.05738500129088 -10.271833386663781 1479.378950239164 156 156 154
3.6995918601424367 -31.89354551813477 1455.4393004477379 185 167 121
-12.72814966253313 -56.290099378954714 1475.0096990309814 193 192 188
-21.3901180590015 -64.20866165178354 1481.3908373405043 210 210 212
80.91852065410077 14.535099057881277 1469.6681966454853 49 52 57
-48.93209830312293 -57.4639544629436 1453.9864949071005 155 155 146
-24.387153076803518 -49.09642817323723 1453.5187540325553 51 45 38
-39.48303742248982 -59.43941204242487 1452.9161137700817 48 43 32
83.59062679153999 14.845864771444031 1469.5496106453322 208 205 196
-9.094302277401383 -39.4984915323889 1453.8085888705045 211 208 201
56.70721258572426 8.76059419185446 1450.0119031129009 182 165 135
28.534466952874343 -14.387550256627383 1462.0004699417414 117 125 133
47.612677142969986 4.809830291239914 1446.2513335361953 99 98 72
-41.99258669746915 -59.51870867917662 1456.170742834575 65 60 60
55.82243695255403 6.386851712594345 1454.788539215144 141 137 127
-8.16977597478155 -35.5918056233906 1457.7600452430838 96 98 97
-48.90337204618806 -60.65398405099512 1444.9893819938213 142 146 147
12.880218062696446 -20.194131774009342 1447.143470744785 148 139 110
3.171604714823009 -32.64415897649474 1455.8561389922938 63 64 35
-34.642829799901925 -76.75463256852578 1482.936665394827 36 38 28
-34.53775304394767 -52.36630883571404 1447.029914218814 174 160 138
-26.008694089441452 -49.48275558720282 1461.8425299286723 197 193 190
-31.033815519496176 -57.032076349682164 1463.1308058848376 181 181 175
-50.00319639991803 -56.6433355489909 1453.365255811342 170 171 165
-28.60805237273158 -47.26668651207867 1444.4766987314447 40 31 28
34.724370506868986 -5.695409559708524 1448.355183981195 129 115 81
-18.829717194014645 -43.62967103537895 1455.4236544723688 107 108 110
-10.739867420192232 -34.70651695263708 1443.9730970461396 202 198 187
-26.805071617506574 -45.56590535973796 1443.8423847652195 64 65 67
47.78962524078386 0.9819344246432246 1452.457539080696 184 186 185
4.325352804075321 -46.72559087876581 1477.774318197914 165 154 145
67.10825436698806 -1.4740749718743993 1475.7315492896116 119 105 102
61.47522810149789 0.7532147811561631 1469.882010239527 164 164 162
-52.18265936333906 -55.83442280585077 1449.5495297092964 163 169 159
50.47551949724545 6.791842019317715 1446.3257728924257 91 98 72
-48.824263918734104 -72.35192991639143 1467.2922310909892 213 213 212
-13.98047913379001 -38.15136542166415 1446.2226411726467 51 53 36
74.5053212201679 3.259605699820038 1478.1578458218216 220 220 220
-52.960272687169095 -71.88127352201344 1472.0584770101484 69 64 61
-0.3441768670554171 -28.08009347902906 1445.0461363931033 125 118 78
11.129417066102787 -22.89194633816322 1459.3725345503071 69 78 83
37.12557518052381 -12.427978539550649 1462.6728877395617 226 222 221
-45.03660020503653 -60.86917761023152 1449.1421165456777 100 95 66
-38.59700671651859 -54.53070943060676 1445.404236487407 163 162 157
15.27124889099609 -22.585081538257164 1465.095970864276 148 149 153
-25.350812375798693 -46.0087374179355 1446.3198797750608 94 88 74
64.34088536121537 11.776046462898695 1453.5897311431281 39 42 18
-20.487363918327674 -41.493778097702794 1444.0041775839343 213 209 202
49.45690051619665 -2.8621374207845913 1466.5613919305506 160 163 170
17.97723949648948 -32.23634438598379 1470.6234207437183 151 145 137
6.760739683873473 -23.978075454127453 1446.1691502244623 133 123 113
-22.412499992961006 -58.43750638297464 1468.919148538722 139 128 96
-22.17998175663218 -59.897954095792294 1471.2457396269322 26 25 23
54.681026964465126 10.793942201350207 1444.174867878703 66 58 48
31.10420654014117 -9.840086779615763 1460.0039147081902 136 151 159
-29.81727165530241 -54.422681308785286 1457.9727688883775 15 20 40
-25.734586427823977 -48.985448900727896 1461.6454663616823 148 109 98
-40.651200391943064 -58.148597514033625 1449.4144137763133 88 83 63
-10.63586215190026 -40.51035725635783 1453.703192785267 173 172 168
34.459869689413274 -7.418592883726729 1458.7076553535662 140 151 155
64.4011714038811 7.8035687152386775 1459.4042810500646 71 73 50
-41.158945263701206 -58.460433719667996 1449.2288233076072 206 210 207
-1.85936094737758 -30.90315059035529 1458.9720001808323 133 135 136
-30.584707618152834 -69.73290027125171 1477.0894264245112 81 80 81
-46.19583189262347 -60.23572200599239 1446.3707588949496 198 199 193
-40.29620201069744 -60.73748864762656 1459.7546711594136 81 79 77
-13.438597293167977 -36.60162607290375 1444.2207651011654 215 215 207
-15.71294798439694 -44.65960577346905 1454.6663437396837 109 106 101
-21.027936234644034 -42.13383327522221 1444.2406369915964 74 75 77
63.83121673984378 3.8808061224260624 1469.489086989268 146 148 152
-42.52101044729167 -61.22455482613737 1452.4249394903632 91 71 65
-22.88521971323908 -48.96848497773557 1462.430027507908 159 165 173
-36.07455007544184 -58.768536729074775 1460.994584925862 135 132 127
-23.498537115548498 -45.176162325058655 1447.1044135201607 176 168 132
-46.587077855036284 -81.78501402976447 1479.006091383752 101 93 79
-38.26267032631074 -53.36046776039453 1443.9569708375022 42 39 36
45.75638623682915 -21.477759070687995 1482.399366712585 124 130 114
-23.45766353537817 -46.80673489619206 1450.40076201618 69 64 50
32.166324279660735 -8.88360623207727 1457.9887347040392 158 168 170
-47.09947250495182 -59.801231896390235 1444.4341040739093 69 69 71
-41.998888385768375 -58.02385392860901 1447.2229707413655 135 114 100
-6.612456536648397 -33.94860441479733 1459.5302949451266 172 172 172
15.543327745441665 -17.172407919921344 1445.068715736455 162 144 130
-50.97223834308594 -55.50486000136636 1453.2137414013555 29 36 27
16.753126509205888 -33.19928175990011 1470.7699217549998 200 196 189
-34.54451927519182 -70.07452622659501 1473.8070751176895 57 53 33
60.24654509450231 8.232058496586426 1454.8254568917314 27 28 30
64.56900327992994 12.6198083835968 1452.6057446655527 29 32 16
41.101023851005486 -0.9965320012380681 1449.6648923509165 218 230 242
-48.00877846605167 -60.81999301007199 1445.316640953965 74 64 60
-43.605969449870834 -58.511412374791675 1446.3634830393185 102 96 80
11.181779143701595 -22.414820875113428 1448.756432681837 80 80 49
-47.63218568471319 -59.03564329727325 1452.7763378039508 164 171 163
-23.425403269992472 -56.72821075758624 1465.359061230601 203 199 194
-42.95163474967845 -57.124262287364644 1444.8189649282874 120 120 112
-5.7591192678541505 -50.573429878654196 1474.2242035421955 226 220 220
-48.719525478048354 -77.76270966755688 1471.275386893225 82 79 80
-38.33909932947719 -74.21583873444176 1476.1427308724074 86 73 67
56.422306648409815 8.821747522218994 1454.9910275007785 82 85 84
-41.55518897414307 -61.77413088396287 1454.9687525393751 18 17 15
49.0773117512992 5.825984469572939 1446.2033176267714 51 60 33
25.068190578373915 -19.38815002229971 1461.0686909910103 247 251 254
-49.82510827467259 -78.9465493964273 1470.6216332494062 199 191 188
-51.439172504119306 -76.89540277333083 1469.0674170079494 37 34 29
-50.59470981635288 -67.77121607773262 1459.940488229286 163 157 156
-25.29271748244272 -46.652073444286 1447.9357199506255 145 134 105
-48.925456273530436 -61.682172786842855 1446.5527159366225 64 53 49
48.869702471987644 1.57861265614998 1452.9116148679523 45 41 38
-27.038986020771873 -48.85087332189544 1449.3546487132817 65 53 21
-35.22670808799183 -72.6578313083473 1476.8800276310428 179 161 147
-28.117223236014556 -49.3996394987987 1448.9154355917326 93 85 64
-44.651663994806114 -63.05735817452071 1453.2799912129656 121 125 126
-4.040781226185172 -30.686223896789592 1444.9209628892838 151 133 99
-21.149787033060445 -59.93314230249342 1472.4141977167496 187 187 184
-22.13148357862153 -48.08762988821397 1454.4012131634875 14 14 16
-49.239680899777795 -59.99643384660592 1455.8579848061775 49 52 49
21.39765398819639 -14.4768989501625 1447.328773736485 127 101 88
5.489315469230529 -31.096351518239928 1456.1438682789214 198 168 131
-42.96694331691823 -67.51069991491022 1469.9472661526127 179 152 155
-34.955264866111456 -70.43504900152939 1473.9788561422222 44 40 20
16.33185088433148 -19.67362855661699 1450.4231737395764 75 75 54
-21.682610631445105 -63.335608893198874 1480.8983072708343 214 212 215
18.775203948508995 -17.511519456043505 1462.2878526632503 181 185 186
38.3578340585952 -4.131031628066586 1461.494104606739 181 189 191
1.6897655162252212 -28.346553993005024 1447.7074859901204 76 68 57
-23.86091151813449 -46.12781815242159 1448.4186898408893 94 83 63
70.73017302979001 3.9172064732898213 1472.4405915567277 252 251 251
-41.85313507001234 -59.282727873704204 1456.014821513373 26 26 28
-13.36905958673871 -56.72784404559097 1475.0579306924785 189 188 184
-3.6982803265175597 -32.48183253385949 1456.0415138643534 223 238 245
15.378762269483211 -19.843236597631087 1461.2223555604594 28 33 36
-50.67048571120682 -72.64682492291566 1474.0761889136866 35 31 28
-28.03768048484085 -46.58067259106797 1444.0668988188752 184 177 171
38.83156456364889 -6.596366935185519 1453.765156667589 60 53 35
-26.622260687969412 -59.55968156640966 1466.3033859158631 119 127 74
68.37050373981143 3.6042536924414708 1474.671162447843 200 203 208
-24.592703390760107 -57.63385197104663 1465.5245333755756 192 191 183
12.760473013801573 -20.33353046514459 1447.141043447874 89 87 49
-1.789543737170135 -30.68755892893606 1459.5864471679683 161 161 161
-25.815681637115613 -46.989404839573 1447.817495430049 159 145 118
-39.22215816567156 -62.02030818180842 1462.8218458412098 177 176 174
48.67666014798881 0.18235730727147867 1455.7128973503475 188 187 185
-41.148969566853594 -58.805698710483455 1449.6406544245478 54 42 38
-23.82784384725138 -48.65560650522833 1454.702496132573 28 28 28
-39.60058329704307 -55.169895719696875 1445.3053264590171 82 73 68
10.878476388059003 -21.638434207665544 1447.2193490855136 88 90 44
-35.41551641973708 -58.51103768831771 1455.9784371218063 57 54 47
67.4387780758829 4.655303703307712 1469.1308043887786 40 35 34
49.851464714784 8.149702014087417 1446.171649192102 218 212 200
68.78700121125385 3.0139149207164957 1475.96563193987 206 207 211
-51.750900988121074 -55.48295518116172 1449.2380479817823 84 93 88
48.07593228771589 1.3352093852595557 1452.1540506561066 29 29 29
-9.013970668537311 -39.26831758814894 1459.7783742889978 139 137 138
62.966944287311385 15.518621432691399 1446.7712768522035 31 49 12
-0.4686740254581754 -42.569082685231606 1470.6993711578848 104 90 89
71.12019297447479 2.2769292360390656 1474.6950396727916 219 216 214
-51.62726159835943 -56.14296870795078 1450.0890635595138 100 100 92
-8.133810317389429 -36.90361793668782 1450.9187379888278 132 117 78
66.2333595936852 15.150348188011636 1450.0845925883684 192 183 175
-8.839590402024552 -55.78144776458823 1478.8114400907252 56 41 37
-38.61672743504126 -56.99625703303781 1449.6530631429719 76 75 70
-41.116058913690914 -55.76426590598225 1444.6986664762362 187 187 184
51.028029750563086 5.580314051267841 1448.7252945176258 230 228 216
-43.98656530549009 -59.82544904902419 1448.4519556678968 89 89 65
-10.59478849287284 -55.97341715438357 1476.6890214400032 70 62 59
-43.78546494000151 -59.93287471819735 1449.1173981142817 194 176 150
-5.254040914836501 -51.642675828197795 1478.2252342650816 144 142 145
34.636842192204455 -7.475878515916855 1459.848597509875 140 151 153
16.67610565261121 -20.32392119161011 1451.5250835399559 72 65 45
-35.08985845610007 -75.08451615532303 1479.9652697628655 167 143 131
-43.07685995461541 -56.78367773731752 1444.0123066825859 180 178 172
35.09824214240225 -7.224934028406612 1462.8562176211958 120 134 142
37.83794456155293 -3.591634671657777 1460.0773250341747 143 153 157
-3.0719536528493845 -31.071805694599263 1461.2083582694781 123 124 123
-39.70721911676328 -58.0353030797362 1450.2544156925849 77 75 56
-44.92071040797166 -58.756279730911366 1445.2933746137821 95 92 77
66.87534061848801 5.46350106278335 1468.009027356576 189 182 172
33.48360484218035 -8.20239205023225 1459.42604395859 147 161 164
-10.661309285771958 -58.72100117515134 1481.8393447147705 104 102 105
38.19204804997299 -5.107608584662243 1462.8252557054848 129 138 143
-21.149787033060445 -59.93314230249342 1472.4141977167496 187 187 184
46.60924082122666 -7.056728484941536 1467.4504372671045 20 24 25
-9.080591523561793 -38.97985552799599 1460.8762019902042 142 142 140
8.268527531234684 -21.885407573464118 1444.6049420919041 194 190 178
9.966483892284483 -24.15204677442767 1458.093710781417 129 132 137
-27.75170371294984 -63.78242856120139 1471.1801300158043 147 145 149
24.591752749882595 -24.84994064317785 1466.078075368722 26 36 16
-7.644565813171409 -49.670663602500056 1471.1335718893506 174 176 175
34.850021062282856 -7.273806222846239 1459.4168861932137 144 158 161
-12.935560368660745 -57.747183750324275 1476.8154266691797 50 40 42
-33.75762141254153 -55.438521060307295 1453.2985206547535 39 31 28
52.89728526509534 9.615056491078684 1444.4864919064603 229 227 223
-9.733815640276553 -35.2814271476472 1446.236523144792 194 173 136
-30.06053916076076 -65.84850103829734 1472.1646740129356 26 21 21
50.86852230719734 -9.33467229509665 1471.617495295241 46 27 22
-39.82702879669649 -59.794802391162115 1453.052087687942 148 152 153
29.378591576425784 19.646601872472147 1456.566572418902 255 0 0
29.19468618970926 19.521859274289717 1456.5656729831203 255 0 0
29.010780802992734 19.397116676107288 1456.5647735473385 255 0 0
28.82687541627621 19.27237407792486 1456.563874111557 255 0 0
28.642970029559688 19.14763147974243 1456.5629746757752 255 0 0
28.459064642843163 19.02288888156 1456.5620752399934 255 0 0
28.27515925612664 18.898146283377574 1456.5611758042116 255 0 0
28.091253869410114 18.773403685195145 1456.5602763684299 255 0 0
27.90734848269359 18.648661087012716 1456.559376932648 255 0 0
27.723443095977064 18.523918488830287 1456.5584774968665 255 0 0
29.378591576425784 19.646601872472147 1456.566572418902 0 255 0
29.379594768518345 19.646725167330583 1456.3443524952827 0 255 0
29.380597960610903 19.64684846218902 1456.1221325716633 0 255 0
29.381601152703464 19.646971757047456 1455.899912648044 0 255 0
29.382604344796025 19.647095051905897 1455.6776927244248 0 255 0
29.383607536888583 19.647218346764333 1455.4554728008054 0 255 0
29.384610728981144 19.64734164162277 1455.233252877186 0 255 0
29.385613921073706 19.647464936481207 1455.0110329535667 0 255 0
29.386617113166267 19.647588231339643 1454.7888130299473 0 255 0
29.387620305258825 19.64771152619808 1454.566593106328 0 255 0
29.378591576425784 19.646601872472147 1456.566572418902 0 0 255
29.503333383337715 19.462694327639266 1456.5670335167997 0 0 255
29.62807519024965 19.278786782806385 1456.5674946146974 0 0 255
29.75281699716158 19.094879237973508 1456.567955712595 0 0 255
29.877558804073512 18.910971693140628 1456.5684168104926 0 0 255
30.002300610985444 18.727064148307747 1456.5688779083905 0 0 255
30.12704241789738 18.54315660347487 1456.5693390062881 0 0 255
30.25178422480931 18.35924905864199 1456.5698001041858 0 0 255
30.37652603172124 18.17534151380911 1456.5702612020834 0 0 255
30.501267838633176 17.991433968976228 1456.570722299981 0 0 255
50.815769241053935 34.37170345502204 1456.5776194947625 255 0 0
50.63283789340554 34.245540299520194 1456.5763170774944 255 0 0
50.44990654575714 34.11937714401835 1456.5750146602265 255 0 0
50.26697519810874 33.9932139885165 1456.5737122429584 255 0 0
50.08404385046034 33.86705083301465 1456.5724098256906 255 0 0
49.90111250281194 33.74088767751281 1456.5711074084224 255 0 0
49.71818115516354 33.61472452201096 1456.5698049911546 255 0 0
49.53524980751514 33.48856136650911 1456.5685025738865 255 0 0
49.352318459866744 33.36239821100726 1456.5672001566186 255 0 0
49.169387112218345 33.23623505550542 1456.5658977393505 255 0 0
50.815769241053935 34.37170345502204 1456.5776194947625 0 255 0
50.81732607251141 34.37174011926335 1456.3554027290113 0 255 0
50.818882903968884 34.37177678350466 1456.13318596326 0 255 0
50.82043973542636 34.371813447745964 1455.9109691975088 0 255 0
50.82199656688384 34.37185011198727 1455.6887524317576 0 255 0
50.82355339834131 34.37188677622858 1455.4665356660064 0 255 0
50.82511022979879 34.371923440469885 1455.2443189002552 0 255 0
50.82666706125626 34.37196010471119 1455.022102134504 0 255 0
50.82822389271374 34.3719967689525 1454.799885368753 0 255 0
50.829780724171215 34.372033433193806 1454.5776686030017 0 255 0
50.815769241053935 34.37170345502204 1456.5776194947625 0 0 255
50.941929513615214 34.188767474693044 1456.5784731795484 0 0 255
51.06808978617649 34.00583149436404 1456.5793268643342 0 0 255
51.19425005873777 33.82289551403504 1456.58018054912 0 0 255
51.32041033129905 33.63995953370604 1456.581034233906 0 0 255
51.44657060386033 33.457023553377034 1456.5818879186918 0 0 255
51.572730876421616 33.274087573048035 1456.5827416034776 0 0 255
51.698891148982895 33.09115159271904 1456.5835952882635 0 0 255
51.825051421544174 32.90821561239003 1456.5844489730493 0 0 255
51.95121169410545 32.72527963206103 1456.5853026578352 0 0 255
36.559819046414205 24.551981964220573 1456.5322224294616 255 0 0
36.37616852324685 24.426864563987074 1456.5313072526758 255 0 0
36.19251800007949 24.30174716375358 1456.53039207589 255 0 0
36.00886747691214 24.17662976352008 1456.529476899104 255 0 0
35.82521695374478 24.05151236328658 1456.5285617223183 255 0 0
35.64156643057742 23.92639496305308 1456.5276465455324 255 0 0
35.45791590741006 23.801277562819585 1456.5267313687464 255 0 0
35.2742653842427 23.676160162586086 1456.5258161919605 255 0 0
35.09061486107535 23.551042762352587 1456.5249010151747 255 0 0
34.90696433790799 23.425925362119088 1456.5239858383889 255 0 0
36.559819046414205 24.551981964220573 1456.5322224294616 0 255 0
36.56083949033205 24.5521095674311 1456.310002586826 0 255 0
36.56185993424989 24.552237170641625 1456.0877827441902 0 255 0
36.56288037816773 24.55236477385215 1455.8655629015548 0 255 0
36.56390082208558 24.552492377062677 1455.643343058919 0 255 0
36.564921266003424 24.552619980273203 1455.4211232162834 0 255 0
36.56594170992126 24.55274758348373 1455.1989033736477 0 255 0
36.56696215383911 24.552875186694255 1454.976683531012 0 255 0
36.56798259775695 24.55300278990478 1454.7544636883765 0 255 0
36.5690030416748 24.553130393115307 1454.5322438457408 0 255 0
36.559819046414205 24.551981964220573 1456.5322224294616 0 0 255
36.68493563238085 24.368329205119018 1456.5326915134833 0 0 255
36.8100522183475 24.184676446017463 1456.533160597505 0 0 255
36.935168804314145 24.001023686915907 1456.5336296815267 0 0 255
37.06028539028079 23.817370927814352 1456.5340987655484 0 0 255
37.18540197624744 23.633718168712797 1456.5345678495703 0 0 255
37.310518562214085 23.45006540961124 1456.535036933592 0 0 255
37.43563514818073 23.266412650509686 1456.5355060176137 0 0 255
37.56075173414738 23.08275989140813 1456.5359751016354 0 0 255
37.685868320114025 22.899107132306572 1456.536444185657 0 0 255
-14.194036217032679 -9.667647400661206 1456.9243377943067 255 0 0
-14.379456213458472 -9.790130625186801 1456.9243116284126 255 0 0
-14.564876209884266 -9.912613849712397 1456.9242854625186 255 0 0
-14.75029620631006 -10.035097074237992 1456.9242592966245 255 0 0
-14.935716202735854 -10.157580298763586 1456.9242331307305 255 0 0
-15.121136199161647 -10.280063523289181 1456.9242069648365 255 0 0
-15.30655619558744 -10.402546747814776 1456.9241807989424 255 0 0
-15.491976192013235 -10.525029972340372 1456.9241546330484 255 0 0
-15.677396188439028 -10.647513196865967 1456.9241284671543 255 0 0
-15.862816184864823 -10.769996421391562 1456.9241023012603 255 0 0
-14.194036217032679 -9.667647400661206 1456.9243377943067 0 255 0
-14.19402487800852 -9.667617093153757 1456.7021155744405 0 255 0
-14.194013538984361 -9.667586785646307 1456.4798933545742 0 255 0
-14.194002199960204 -9.66755647813886 1456.257671134708 0 255 0
-14.193990860936045 -9.66752617063141 1456.035448914842 0 255 0
-14.193979521911887 -9.66749586312396 1455.8132266949756 0 255 0
-14.193968182887728 -9.667465555616511 1455.5910044751095 0 255 0
-14.193956843863571 -9.667435248109062 1455.3687822552433 0 255 0
-14.193945504839412 -9.667404940601612 1455.146560035377 0 255 0
-14.193934165815254 -9.667374633094164 1454.9243378155109 0 255 0
-14.194036217032679 -9.667647400661206 1456.9243377943067 0 0 255
-14.071552990237056 -9.853067396456293 1456.924318755807 0 0 255
-13.949069763441434 -10.038487392251382 1456.9242997173076 0 0 255
-13.826586536645811 -10.22390738804647 1456.924280678808 0 0 255
-13.704103309850188 -10.409327383841557 1456.9242616403085 0 0 255
-13.581620083054567 -10.594747379636644 1456.9242426018088 0 0 255
-13.459136856258944 -10.780167375431732 1456.9242235633092 0 0 255
-13.336653629463322 -10.96558737122682 1456.9242045248097 0 0 255
-13.2141704026677 -11.151007367021908 1456.92418548631 0 0 255
-13.091687175872076 -11.336427362816995 1456.9241664478106 0 0 255
-43.41204894907942 -29.012166170365763 1457.1469938885405 255 0 0
-43.59815261782495 -29.133607602477543 1457.147338990664 255 0 0
-43.78425628657049 -29.25504903458932 1457.1476840927871 255 0 0
-43.97035995531602 -29.3764904667011 1457.1480291949106 255 0 0
-44.15646362406156 -29.497931898812876 1457.148374297034 255 0 0
-44.34256729280709 -29.619373330924656 1457.1487193991572 255 0 0
-44.52867096155263 -29.740814763036433 1457.1490645012807 255 0 0
-44.71477463029816 -29.862256195148213 1457.1494096034041 255 0 0
-44.90087829904369 -29.98369762725999 1457.1497547055274 255 0 0
-45.08698196778923 -30.10513905937177 1457.1500998076508 255 0 0
-43.41204894907942 -29.012166170365763 1457.1469938885405 0 255 0
-43.41235532247658 -29.012328158362195 1456.9247719365542 0 255 0
-43.41266169587374 -29.01249014635863 1456.702549984568 0 255 0
-43.412968069270896 -29.01265213435506 1456.4803280325814 0 255 0
-43.41327444266806 -29.012814122351497 1456.258106080595 0 255 0
-43.41358081606522 -29.01297611034793 1456.0358841286088 0 255 0
-43.41388718946238 -29.013138098344363 1455.8136621766225 0 255 0
-43.41419356285954 -29.013300086340795 1455.5914402246362 0 255 0
-43.414499936256696 -29.01346207433723 1455.36921827265 0 255 0
-43.414806309653855 -29.013624062333662 1455.1469963206634 0 255 0
-43.41204894907942 -29.012166170365763 1457.1469938885405 0 0 255
-43.29060741308709 -29.19827008858328 1457.1469621191538 0 0 255
-43.169165877094756 -29.384374006800797 1457.1469303497672 0 0 255
-43.04772434110242 -29.570477925018313 1457.1468985803808 0 0 255
-42.92628280511009 -29.75658184323583 1457.1468668109942 0 0 255
-42.80484126911776 -29.942685761453344 1457.1468350416076 0 0 255
-42.683399733125434 -30.128789679670863 1457.146803272221 0 0 255
-42.5619581971331 -30.31489359788838 1457.1467715028346 0 0 255
-42.44051666114077 -30.500997516105894 1457.146739733448 0 0 255
-42.31907512514844 -30.68710143432341 1457.1467079640613 0 0 255
22.007225137071913 14.670148016744294 1456.569271001515 255 0 0
21.823072725123442 14.545770313227344 1456.5683810066876 255 0 0
21.63892031317497 14.421392609710393 1456.5674910118603 255 0 0
21.4547679012265 14.297014906193441 1456.5666010170328 255 0 0
21.27061548927803 14.17263720267649 1456.5657110222053 255 0 0
21.086463077329558 14.04825949915954 1456.564821027378 255 0 0
20.902310665381087 13.92388179564259 1456.5639310325505 255 0 0
20.718158253432616 13.79950409212564 1456.563041037723 255 0 0
20.534005841484145 13.675126388608689 1456.5621510428957 255 0 0
20.349853429535674 13.550748685091737 1456.5612610480682 255 0 0
22.007225137071913 14.670148016744294 1456.569271001515 0 255 0
22.008213652629586 14.67027454356424 1456.3470510139412 0 255 0
22.00920216818726 14.670401070384184 1456.1248310263672 0 255 0
22.010190683744934 14.67052759720413 1455.9026110387933 0 255 0
22.01117919930261 14.670654124024075 1455.6803910512194 0 255 0
22.012167714860283 14.67078065084402 1455.4581710636455 0 255 0
22.01315623041796 14.670907177663965 1455.2359510760718 0 255 0
22.01414474597563 14.67103370448391 1455.013731088498 0 255 0
22.015133261533304 14.671160231303855 1454.791511100924 0 255 0
22.01612177709098 14.6712867581238 1454.5692911133501 0 255 0
22.007225137071913 14.670148016744294 1456.569271001515 0 0 255
22.131602096593905 14.485993497635487 1456.5697194223565 0 0 255
22.2559790561159 14.30183897852668 1456.570167843198 0 0 255
22.380356015637894 14.117684459417873 1456.5706162640395 0 0 255
22.504732975159886 13.933529940309064 1456.571064684881 0 0 255
22.629109934681882 13.749375421200257 1456.5715131057225 0 0 255
22.753486894203874 13.56522090209145 1456.5719615265639 0 0 255
22.877863853725867 13.381066382982644 1456.5724099474055 0 0 255
23.00224081324786 13.196911863873837 1456.572858368247 0 0 255
23.126617772769855 13.01275734476503 1456.5733067890885 0 0 255
-28.775499318382316 -19.37050836106932 1457.0471880018326 255 0 0
-28.961359076140127 -19.492322994666235 1457.047436068839 255 0 0
-29.147218833897938 -19.61413762826315 1457.0476841358454 255 0 0
-29.33307859165575 -19.735952261860067 1457.0479322028518 255 0 0
-29.51893834941356 -19.857766895456983 1457.0481802698582 255 0 0
-29.70479810717137 -19.9795815290539 1457.0484283368646 255 0 0
-29.89065786492918 -20.101396162650815 1457.048676403871 255 0 0
-30.076517622686993 -20.22321079624773 1457.0489244708774 255 0 0
-30.262377380444804 -20.345025429844647 1457.0491725378838 255 0 0
-30.448237138202614 -20.466840063441563 1457.0494206048902 255 0 0
-28.775499318382316 -19.37050836106932 1457.0471880018326 0 255 0
-28.775732817692273 -19.370604637192205 1456.8249659231403 0 255 0
-28.775966317002233 -19.37070091331509 1456.6027438444478 0 255 0
-28.77619981631219 -19.370797189437976 1456.3805217657555 0 255 0
-28.776433315622146 -19.370893465560858 1456.1582996870632 0 255 0
-28.776666814932106 -19.370989741683744 1455.9360776083706 0 255 0
-28.776900314242063 -19.37108601780663 1455.7138555296783 0 255 0
-28.77713381355202 -19.371182293929515 1455.491633450986 0 255 0
-28.77736731286198 -19.3712785700524 1455.2694113722937 0 255 0
-28.777600812171936 -19.371374846175286 1455.0471892936011 0 255 0
-28.775499318382316 -19.37050836106932 1457.0471880018326 0 0 255
-28.653684655990375 -19.55636825943887 1457.0471405278406 0 0 255
-28.531869993598434 -19.742228157808423 1457.0470930538486 0 0 255
-28.41005533120649 -19.928088056177973 1457.0470455798566 0 0 255
-28.28824066881455 -20.113947954547527 1457.0469981058645 0 0 255
-28.166426006422608 -20.299807852917077 1457.0469506318725 0 0 255
-28.044611344030663 -20.485667751286627 1457.0469031578803 0 0 255
-27.922796681638722 -20.67152764965618 1457.0468556838882 0 0 255
-27.80098201924678 -20.85738754802573 1457.0468082098962 0 0 255
-27.67916735685484 -21.043247446395284 1457.0467607359042 0 0 255
7.635399222726163 4.940677964969982 1456.7124075823851 255 0 0
7.450656073705327 4.8171776800920645 1456.7118037824837 255 0 0
7.265912924684491 4.693677395214147 1456.7111999825825 255 0 0
7.081169775663654 4.570177110336228 1456.710596182681 255 0 0
6.896426626642818 4.446676825458311 1456.7099923827795 255 0 0
6.711683477621982 4.323176540580393 1456.7093885828783 255 0 0
6.526940328601145 4.199676255702475 1456.7087847829769 255 0 0
6.3421971795803085 4.076175970824558 1456.7081809830754 255 0 0
6.157454030559473 3.95267568594664 1456.707577183174 255 0 0
5.972710881538636 3.829175401068722 1456.7069733832727 255 0 0
7.635399222726163 4.940677964969982 1456.7124075823851 0 255 0
7.636075989525474 4.940752046552254 1456.4901864030435 0 255 0
7.636752756324785 4.9408261281345265 1456.2679652237018 0 255 0
7.637429523124096 4.940900209716798 1456.0457440443602 0 255 0
7.638106289923407 4.94097429129907 1455.8235228650185 0 255 0
7.638783056722717 4.941048372881342 1455.6013016856768 0 255 0
7.639459823522028 4.941122454463614 1455.3790805063352 0 255 0
7.640136590321339 4.9411965360458865 1455.1568593269935 0 255 0
7.64081335712065 4.941270617628159 1454.9346381476519 0 255 0
7.641490123919961 4.941344699210431 1454.7124169683102 0 255 0
7.635399222726163 4.940677964969982 1456.7124075823851 0 0 255
7.75889912930891 4.755933844099046 1456.7127221091098 0 0 255
7.882399035891656 4.57118972322811 1456.7130366358347 0 0 255
8.005898942474403 4.386445602357174 1456.7133511625593 0 0 255
8.12939884905715 4.201701481486238 1456.713665689284 0 0 255
8.252898755639896 4.016957360615302 1456.7139802160088 0 0 255
8.376398662222643 3.832213239744366 1456.7142947427335 0 0 255
8.499898568805389 3.6474691188734303 1456.7146092694582 0 0 255
8.623398475388136 3.4627249980024937 1456.714923796183 0 0 255
8.746898381970881 3.277980877131558 1456.7152383229077 0 0 255
48.98381806744603 33.117450362028116 1456.5329748386182 255 0 0
48.80071516774003 32.99153387020623 1456.5319350040604 255 0 0
48.61761226803404 32.86561737838435 1456.5308951695026 255 0 0
48.43450936832804 32.73970088656246 1456.5298553349448 255 0 0
48.251406468622044 32.61378439474058 1456.5288155003873 255 0 0
48.06830356891604 32.487867902918694 1456.5277756658295 255 0 0
47.88520066921005 32.36195141109681 1456.5267358312717 255 0 0
47.70209776950405 32.23603491927492 1456.525695996714 255 0 0
47.51899486979805 32.11011842745304 1456.5246561621561 255 0 0
47.33589197009206 31.984201935631155 1456.5236163275983 255 0 0
48.98381806744603 33.117450362028116 1456.5329748386182 0 255 0
48.98503425349998 33.11751694331564 1456.3107559543896 0 255 0
48.986250439553935 33.11758352460316 1456.088537070161 0 255 0
48.98746662560789 33.11765010589069 1455.8663181859324 0 255 0
48.98868281166184 33.11771668717821 1455.6440993017038 0 255 0
48.98989899771579 33.117783268465736 1455.4218804174752 0 255 0
48.99111518376974 33.117849849753256 1455.1996615332466 0 255 0
48.992331369823695 33.11791643104078 1454.977442649018 0 255 0
48.993547555877655 33.1179830123283 1454.7552237647894 0 255 0
48.99476374193161 33.11804959361583 1454.5330048805608 0 255 0
48.98381806744603 33.117450362028116 1456.5329748386182 0 0 255
49.10973297943075 32.93434452186024 1456.5336090985634 0 0 255
49.235647891415475 32.751238681692364 1456.5342433585088 0 0 255
49.3615628034002 32.56813284152449 1456.534877618454 0 0 255
49.48747771538492 32.385027001356605 1456.5355118783993 0 0 255
49.61339262736964 32.20192116118873 1456.5361461383445 0 0 255
49.739307539354364 32.01881532102085 1456.53678039829 0 0 255
49.865222451339086 31.835709480852977 1456.537414658235 0 0 255
49.99113736332381 31.6526036406851 1456.5380489181803 0 0 255
50.11705227530853 31.46949780051722 1456.5386831781257 0 0 255
14.79807825323882 9.771225416140375 1456.6523459125563 255 0 0
14.613651760748803 9.647253780175339 1456.6515595326453 255 0 0
14.429225268258785 9.5232821442103 1456.650773152734 255 0 0
14.244798775768768 9.399310508245264 1456.649986772823 255 0 0
14.06037228327875 9.275338872280228 1456.6492003929118 255 0 0
13.875945790788732 9.15136723631519 1456.6484140130008 255 0 0
13.691519298298715 9.027395600350154 1456.6476276330895 255 0 0
13.507092805808698 8.903423964385118 1456.6468412531785 255 0 0
13.32266631331868 8.779452328420081 1456.6460548732673 255 0 0
13.138239820828662 8.655480692455043 1456.6452684933563 255 0 0
14.79807825323882 9.771225416140375 1456.6523459125563 0 255 0
14.798994822838637 9.771271474133416 1456.4301255853397 0 255 0
14.799911392438453 9.771317532126456 1456.2079052581232 0 255 0
14.800827962038268 9.771363590119497 1455.9856849309067 0 255 0
14.801744531638084 9.771409648112538 1455.7634646036902 0 255 0
14.8026611012379 9.771455706105579 1455.5412442764737 0 255 0
14.803577670837717 9.77150176409862 1455.3190239492571 0 255 0
14.804494240437533 9.77154782209166 1455.0968036220406 0 255 0
14.80541081003735 9.771593880084701 1454.874583294824 0 255 0
14.806327379637164 9.771639938077742 1454.6523629676076 0 255 0
14.79807825323882 9.771225416140375 1456.6523459125563 0 0 255
14.922048995018407 9.586797252878371 1456.6528190169902 0 0 255
15.046019736797993 9.402369089616366 1456.653292121424 0 0 255
15.16999047857758 9.217940926354363 1456.653765225858 0 0 255
15.293961220357167 9.033512763092359 1456.6542383302922 0 0 255
15.417931962136752 8.849084599830356 1456.654711434726 0 0 255
15.541902703916339 8.66465643656835 1456.65518453916 0 0 255
15.665873445695926 8.480228273306347 1456.655657643594 0 0 255
15.789844187475511 8.295800110044343 1456.6561307480279 0 0 255
15.913814929255098 8.11137194678234 1456.6566038524618 0 0 255
43.78988976170979 29.53133062447218 1456.5194177886897 255 0 0
43.60643867339093 29.405920809291207 1456.5185275638385 255 0 0
43.42298758507208 29.280510994110234 1456.5176373389872 255 0 0
43.23953649675323 29.15510117892926 1456.5167471141363 255 0 0
43.05608540843438 29.02969136374829 1456.515856889285 255 0 0
42.87263432011552 28.90428154856732 1456.5149666644338 255 0 0
42.689183231796676 28.778871733386346 1456.5140764395826 255 0 0
42.50573214347782 28.653461918205373 1456.5131862147314 255 0 0
42.32228105515897 28.5280521030244 1456.5122959898804 255 0 0
42.13882996684011 28.402642287843427 1456.5114057650292 255 0 0
43.78988976170979 29.53133062447218 1456.5194177886897 0 255 0
43.790844933971165 29.53151082138334 1456.2971976923338 0 255 0
43.79180010623254 29.5316910182945 1456.074977595978 0 255 0
43.79275527849392 29.531871215205662 1455.8527574996222 0 255 0
43.79371045075529 29.53205141211682 1455.6305374032663 0 255 0
43.79466562301667 29.53223160902798 1455.4083173069105 0 255 0
43.79562079527805 29.53241180593914 1455.1860972105546 0 255 0
43.796575967539425 29.532592002850304 1454.9638771141986 0 255 0
43.7975311398008 29.532772199761464 1454.7416570178427 0 255 0
43.79848631206218 29.532952396672624 1454.5194369214869 0 255 0
43.78988976170979 29.53133062447218 1456.5194177886897 0 0 255
43.915299099041434 29.34787746468819 1456.5198080766475 0 0 255
44.04070843637308 29.1644243049042 1456.5201983646054 0 0 255
44.16611777370472 28.980971145120208 1456.5205886525632 0 0 255
44.291527111036366 28.797517985336217 1456.520978940521 0 0 255
44.41693644836801 28.614064825552227 1456.521369228479 0 0 255
44.54234578569966 28.43061166576824 1456.5217595164368 0 0 255
44.667755123031306 28.24715850598425 1456.5221498043948 0 0 255
44.79316446036295 28.06370534620026 1456.5225400923525 0 0 255
44.91857379769459 27.880252186416268 1456.5229303803103 0 0 255
0.3126346645050443 0.010899017326515771 1456.7810361031457 255 0 0
0.12763442255860355 -0.112216403107394 1456.7805672955917 255 0 0
-0.05736581938783719 -0.23533182354130378 1456.7800984880375 255 0 0
-0.24236606133427785 -0.35844724397521355 1456.7796296804836 255 0 0
-0.4273663032807187 -0.4815626644091233 1456.7791608729294 255 0 0
-0.6123665452271594 -0.6046780848430331 1456.7786920653755 255 0 0
-0.7973667871736 -0.7277935052769429 1456.7782232578213 255 0 0
-0.9823670291200407 -0.8509089257108525 1456.7777544502674 255 0 0
-1.1673672710664817 -0.9740243461447624 1456.7772856427132 255 0 0
-1.3523675130129225 -1.0971397665786722 1456.7768168351593 255 0 0
0.3126346645050443 0.010899017326515771 1456.7810361031457 0 255 0
0.31311513138925456 0.011023231716547857 1456.5588144350488 0 255 0
0.3135955982734649 0.011147446106579943 1456.336592766952 0 255 0
0.31407606515767517 0.011271660496612029 1456.1143710988551 0 255 0
0.31455653204188544 0.011395874886644114 1455.8921494307583 0 255 0
0.31503699892609577 0.011520089276676202 1455.6699277626615 0 255 0
0.31551746581030604 0.011644303666708287 1455.4477060945646 0 255 0
0.3159979326945163 0.011768518056740373 1455.2254844264678 0 255 0
0.31647839957872664 0.011892732446772459 1455.003262758371 0 255 0
0.3169588664629369 0.012016946836804545 1454.7810410902741 0 255 0
0.3126346645050443 0.010899017326515771 1456.7810361031457 0 0 255
0.43575003998964523 -0.1741017769192108 1456.7811988825017 0 0 255
0.5588654154742462 -0.3591025711649374 1456.7813616618578 0 0 255
0.6819807909588471 -0.544103365410664 1456.781524441214 0 0 255
0.8050961664434481 -0.7291041596563905 1456.7816872205701 0 0 255
0.9282115419280491 -0.9141049539021171 1456.7818499999262 0 0 255
1.0513269174126498 -1.0991057481478437 1456.7820127792822 0 0 255
1.1744422928972509 -1.28410654239357 1456.7821755586383 0 0 255
1.297557668381852 -1.4691073366392968 1456.7823383379944 0 0 255
1.420673043866453 -1.6541081308850234 1456.7825011173506 0 0 255
-6.958983132548072 -4.829484203540978 1456.8311036182424 255 0 0
-7.1441637937619635 -4.9523286388700365 1456.8308147057069 255 0 0
-7.329344454975856 -5.075173074199095 1456.830525793171 255 0 0
-7.5145251161897475 -5.198017509528154 1456.8302368806355 255 0 0
-7.69970577740364 -5.320861944857212 1456.8299479681 255 0 0
-7.8848864386175315 -5.443706380186271 1456.8296590555644 255 0 0
-8.070067099831423 -5.566550815515329 1456.8293701430287 255 0 0
-8.255247761045315 -5.689395250844388 1456.829081230493 255 0 0
-8.440428422259208 -5.812239686173447 1456.8287923179576 255 0 0
-8.6256090834731 -5.935084121502506 1456.828503405422 255 0 0
-6.958983132548072 -4.829484203540978 1456.8311036182424 0 255 0
-6.95873912509326 -4.829329395799503 1456.6088815839066 0 255 0
-6.9584951176384475 -4.829174588058027 1456.386659549571 0 255 0
-6.958251110183635 -4.829019780316552 1456.1644375152352 0 255 0
-6.958007102728822 -4.828864972575078 1455.9422154808994 0 255 0
-6.95776309527401 -4.828710164833603 1455.7199934465639 0 255 0
-6.957519087819198 -4.828555357092127 1455.497771412228 0 255 0
-6.9572750803643855 -4.828400549350652 1455.2755493778923 0 255 0
-6.957031072909573 -4.8282457416091775 1455.0533273435567 0 255 0
-6.95678706545476 -4.828090933867703 1454.831105309221 0 255 0
-6.958983132548072 -4.829484203540978 1456.8311036182424 0 0 255
-6.836138599816125 -5.0146650254222696 1456.8311095022539 0 0 255
-6.713294067084177 -5.1998458473035605 1456.831115386265 0 0 255
-6.59044953435223 -5.385026669184852 1456.8311212702765 0 0 255
-6.467605001620282 -5.570207491066144 1456.8311271542877 0 0 255
-6.344760468888335 -5.755388312947436 1456.8311330382992 0 0 255
-6.221915936156387 -5.940569134828727 1456.8311389223104 0 0 255
-6.09907140342444 -6.125749956710019 1456.8311448063218 0 0 255
-5.976226870692493 -6.3109307785913105 1456.831150690333 0 0 255
-5.853382337960545 -6.496111600472602 1456.8311565743445 0 0 255
-36.04880437023141 -24.19330016682507 1457.1243460342082 255 0 0
-36.2347819417659 -24.314934637667765 1457.1246843215602 255 0 0
-36.42075951330039 -24.436569108510465 1457.1250226089123 255 0 0
-36.60673708483488 -24.55820357935316 1457.1253608962643 255 0 0
-36.79271465636938 -24.67983805019586 1457.1256991836162 255 0 0
-36.97869222790387 -24.80147252103856 1457.1260374709684 255 0 0
-37.16466979943836 -24.923106991881255 1457.1263757583204 255 0 0
-37.35064737097285 -25.04474146272395 1457.1267140456723 255 0 0
-37.536624942507345 -25.166375933566652 1457.1270523330243 255 0 0
-37.72260251404184 -25.28801040440935 1457.1273906203764 255 0 0
-36.04880437023141 -24.19330016682507 1457.1243460342082 0 255 0
-36.049118798999 -24.19343744845903 1456.9021240768375 0 255 0
-36.049433227766585 -24.193574730092987 1456.6799021194668 0 255 0
-36.04974765653417 -24.193712011726944 1456.457680162096 0 255 0
-36.05006208530176 -24.193849293360906 1456.2354582047253 0 255 0
-36.05037651406935 -24.193986574994867 1456.0132362473544 0 255 0
-36.05069094283694 -24.194123856628824 1455.7910142899837 0 255 0
-36.05100537160452 -24.19426113826278 1455.568792332613 0 255 0
-36.051319800372106 -24.194398419896743 1455.3465703752422 0 255 0
-36.051634229139694 -24.194535701530704 1455.1243484178715 0 255 0
-36.04880437023141 -24.19330016682507 1457.1243460342082 0 0 255
-35.92716983537364 -24.379277995358343 1457.1242888208849 0 0 255
-35.80553530051587 -24.56525582389162 1457.1242316075613 0 0 255
-35.6839007656581 -24.751233652424897 1457.124174394238 0 0 255
-35.56226623080033 -24.937211480958172 1457.1241171809147 0 0 255
-35.440631695942564 -25.123189309491448 1457.1240599675914 0 0 255
-35.318997161084795 -25.309167138024723 1457.1240027542678 0 0 255
-35.197362626227026 -25.495144966558 1457.1239455409445 0 0 255
-35.07572809136926 -25.681122795091277 1457.1238883276212 0 0 255
-34.95409355651149 -25.86710062362455 1457.1238311142977 0 0 255
-50.677450913855296 -33.80387337805111 1457.1999139235577 255 0 0
-50.86365336454351 -33.925163326973475 1457.2002481353095 255 0 0
-51.04985581523172 -34.04645327589584 1457.2005823470613 255 0 0
-51.236058265919944 -34.16774322481821 1457.200916558813 255 0 0
-51.42226071660816 -34.28903317374058 1457.2012507705647 255 0 0
-51.60846316729637 -34.410323122662945 1457.2015849823165 255 0 0
-51.794665617984585 -34.53161307158531 1457.2019191940683 255 0 0
-51.980868068672805 -34.65290302050768 1457.20225340582 255 0 0
-52.16707051936102 -34.77419296943005 1457.202587617572 255 0 0
-52.35327297004923 -34.895482918352414 1457.2029218293237 255 0 0
-50.677450913855296 -33.80387337805111 1457.1999139235577 0 255 0
-50.6777878338768 -33.80396847127543 1456.9776919770907 0 255 0
-50.6781247538983 -33.80406356449976 1456.7554700306239 0 255 0
-50.678461673919806 -33.80415865772409 1456.5332480841569 0 255 0
-50.67879859394131 -33.80425375094841 1456.3110261376899 0 255 0
-50.67913551396281 -33.804348844172736 1456.0888041912228 0 255 0
-50.679472433984316 -33.80444393739706 1455.866582244756 0 255 0
-50.67980935400582 -33.80453903062139 1455.644360298289 0 255 0
-50.68014627402732 -33.804634123845716 1455.422138351822 0 255 0
-50.680483194048826 -33.80472921707004 1455.1999164053552 0 255 0
-50.677450913855296 -33.80387337805111 1457.1999139235577 0 0 255
-50.556160972425744 -33.99007610439278 1457.199809710664 0 0 255
-50.43487103099619 -34.17627883073445 1457.1997054977705 0 0 255
-50.31358108956663 -34.362481557076116 1457.1996012848772 0 0 255
-50.19229114813708 -34.54868428341779 1457.1994970719836 0 0 255
-50.07100120670753 -34.73488700975946 1457.19939285909 0 0 255
-49.949711265277976 -34.92108973610113 1457.1992886461965 0 0 255
-49.82842132384842 -35.1072924624428 1457.199184433303 0 0 255
-49.707131382418865 -35.29349518878447 1457.1990802204093 0 0 255
-49.58584144098931 -35.47969791512614 1457.198976007516 0 0 255
-21.437348794867617 -14.495067044348147 1456.995484797043 255 0 0
-21.62300906547439 -14.617185703507714 1456.995599045338 255 0 0
-21.80866933608116 -14.73930436266728 1456.995713293633 255 0 0
-21.99432960668793 -14.861423021826846 1456.9958275419278 255 0 0
-22.1799898772947 -14.983541680986413 1456.9959417902226 255 0 0
-22.365650147901473 -15.105660340145977 1456.9960560385175 255 0 0
-22.551310418508244 -15.227778999305544 1456.9961702868125 255 0 0
-22.736970689115015 -15.34989765846511 1456.9962845351074 255 0 0
-22.922630959721786 -15.472016317624677 1456.9963987834024 255 0 0
-23.108291230328557 -15.594134976784243 1456.9965130316973 255 0 0
-21.437348794867617 -14.495067044348147 1456.995484797043 0 255 0
-21.437449767884363 -14.495121432670397 1456.7732626044165 0 255 0
-21.43755074090111 -14.495175820992646 1456.55104041179 0 255 0
-21.437651713917855 -14.495230209314895 1456.3288182191634 0 255 0
-21.4377526869346 -14.495284597637145 1456.1065960265369 0 255 0
-21.437853659951347 -14.495338985959394 1455.8843738339103 0 255 0
-21.437954632968093 -14.495393374281642 1455.6621516412838 0 255 0
-21.43805560598484 -14.495447762603892 1455.4399294486573 0 255 0
-21.438156579001586 -14.495502150926141 1455.2177072560307 0 255 0
-21.43825755201833 -14.49555653924839 1454.9954850634042 0 255 0
-21.437348794867617 -14.495067044348147 1456.995484797043 0 0 255
-21.31523012400991 -14.680727342140548 1456.9954747488184 0 0 255
-21.193111453152202 -14.866387639932947 1456.9954647005939 0 0 255
-21.070992782294496 -15.052047937725348 1456.9954546523693 0 0 255
-20.948874111436787 -15.237708235517749 1456.9954446041447 0 0 255
-20.82675544057908 -15.42336853331015 1456.9954345559202 0 0 255
-20.704636769721372 -15.609028831102549 1456.9954245076956 0 0 255
-20.582518098863666 -15.79468912889495 1456.995414459471 0 0 255
-20.460399428005957 -15.98034942668735 1456.9954044112465 0 0 255
-20.33828075714825 -16.16600972447975 1456.9953943630221 0 0 255
-52.77882930139058 -35.23864501814572 1457.2854976693998 255 0 0
-52.96494820633046 -35.36006351198068 1457.285634154608 255 0 0
-53.15106711127034 -35.48148200581563 1457.2857706398163 255 0 0
-53.33718601621023 -35.60290049965059 1457.2859071250246 255 0 0
-53.523304921150114 -35.72431899348554 1457.2860436102328 255 0 0
-53.709423826089996 -35.8457374873205 1457.2861800954413 255 0 0
-53.89554273102988 -35.96715598115546 1457.2863165806496 255 0 0
-54.081661635969766 -36.08857447499041 1457.2864530658578 255 0 0
-54.26778054090965 -36.20999296882537 1457.286589551066 255 0 0
-54.45389944584953 -36.33141146266032 1457.2867260362743 255 0 0
-52.77882930139058 -35.23864501814572 1457.2854976693998 0 255 0
-52.77910808480534 -35.238467476401865 1457.0632756929706 0 255 0
-52.779386868220094 -35.238289934658006 1456.8410537165412 0 255 0
-52.77966565163484 -35.238112392914154 1456.618831740112 0 255 0
-52.7799444350496 -35.237934851170294 1456.3966097636828 0 255 0
-52.78022321846436 -35.23775730942644 1456.1743877872536 0 255 0
-52.780502001879114 -35.23757976768258 1455.9521658108242 0 255 0
-52.780780785293864 -35.23740222593873 1455.729943834395 0 255 0
-52.78105956870862 -35.23722468419487 1455.5077218579659 0 255 0
-52.78133835212338 -35.23704714245102 1455.2854998815367 0 255 0
-52.77882930139058 -35.23864501814572 1457.2854976693998 0 0 255
-52.65741105089598 -35.42476388844952 1457.285196649382 0 0 255
-52.53599280040138 -35.61088275875332 1457.2848956293644 0 0 255
-52.41457454990679 -35.797001629057114 1457.2845946093466 0 0 255
-52.29315629941219 -35.983120499360915 1457.2842935893289 0 0 255
-52.17173804891759 -36.169239369664716 1457.283992569311 0 0 255
-52.05031979842299 -36.35535823996852 1457.2836915492935 0 0 255
-51.92890154792839 -36.54147711027232 1457.2833905292757 0 0 255
-51.80748329743379 -36.72759598057611 1457.283089509258 0 0 255
-51.6860650469392 -36.91371485087991 1457.2827884892401 0 0 255
